h3,m01,m02,m03,m04,m05,m06,m07,m08,m09,m10,m11,m12,confidence
873944000ffffff,0.0319,0.0533,0.167,1.03,2.21,2.62,8.73,9.79,11,7.21,2.74,0.133,high
873944001ffffff,0.323,0.525,1.44,5.56,9.23,10.2,20.4,21.9,23.4,18.4,9.79,1.14,high
873944002ffffff,0.0246,0.041,0.128,0.797,1.73,2.06,7.09,8.01,9.02,5.83,2.16,0.102,high
873944003ffffff,0.0258,0.043,0.134,0.833,1.8,2.15,7.41,8.35,9.41,6.06,2.26,0.107,high
873944004ffffff,0.234,0.388,1.16,5.54,9.86,10.9,21.8,23.3,24.8,19.8,10.4,0.914,high
873944005ffffff,0.0621,0.103,0.32,1.87,3.86,4.51,13.2,14.6,16.2,11.2,4.59,0.255,high
873944006ffffff,0.0225,0.0376,0.117,0.734,1.6,1.9,6.48,7.36,8.28,5.39,1.99,0.0937,high
873944008ffffff,0.0267,0.0445,0.139,0.861,1.87,2.22,7.66,8.63,9.72,6.26,2.34,0.111,high
873944009ffffff,0.0236,0.0394,0.123,0.758,1.64,1.95,6.75,7.57,8.56,5.5,2.07,0.0983,high
87394400affffff,0.0389,0.0649,0.201,1.18,2.45,2.86,8.51,9.42,10.5,7.17,2.91,0.16,high
87394400bffffff,0.0231,0.0386,0.121,0.745,1.61,1.93,6.68,7.49,8.48,5.44,2.04,0.0963,high
87394400cffffff,0.0264,0.0441,0.138,0.852,1.85,2.2,7.54,8.49,9.57,6.18,2.31,0.11,high
87394400dffffff,0.0294,0.0491,0.153,0.946,2.04,2.43,8.31,9.33,10.5,6.81,2.57,0.122,high
87394400effffff,0.0404,0.0674,0.21,1.26,2.65,3.11,9.63,10.7,11.9,8.07,3.2,0.167,high
873944010ffffff,0.0273,0.0456,0.143,0.891,1.94,2.31,7.72,8.63,9.82,6.48,2.4,0.114,high
873944011ffffff,0.0283,0.0472,0.148,0.921,2.01,2.39,8.06,9.02,10.2,6.72,2.49,0.118,high
873944012ffffff,0.109,0.182,0.559,3.15,6.33,7.31,19.1,20.8,22.9,16.8,7.24,0.444,high
873944013ffffff,0.0416,0.0693,0.217,1.35,2.92,3.48,11.3,12.6,14.2,9.54,3.59,0.173,high
873944014ffffff,0.121,0.201,0.617,3.41,6.69,7.63,18,19.4,21.1,16.1,7.41,0.49,high
873944015ffffff,0.0773,0.128,0.39,2.08,4.04,4.61,11.8,13,14.3,10.3,4.56,0.309,high
873944016ffffff,0.0411,0.0685,0.214,1.32,2.84,3.37,10.6,11.8,13.3,9.03,3.46,0.17,high
873944018ffffff,0.0266,0.0443,0.139,0.863,1.88,2.24,7.7,8.59,9.72,6.32,2.34,0.111,high
873944019ffffff,0.024,0.0401,0.125,0.781,1.7,2.03,7.01,7.82,8.87,5.74,2.13,0.1,high
87394401affffff,0.128,0.211,0.632,3.18,6.05,6.89,17.4,18.9,20.7,15.1,6.81,0.501,high
87394401bffffff,0.0258,0.0431,0.135,0.838,1.83,2.18,7.45,8.31,9.41,6.12,2.27,0.107,high
87394401cffffff,0.0344,0.0574,0.179,1.1,2.36,2.79,8.96,9.93,11.1,7.47,2.88,0.143,high
87394401dffffff,0.0267,0.0446,0.139,0.866,1.88,2.24,7.7,8.62,9.74,6.32,2.35,0.111,high
87394401effffff,0.0279,0.0465,0.145,0.905,1.97,2.35,8.03,8.95,10.1,6.61,2.45,0.116,high
873944020ffffff,0.0197,0.0329,0.103,0.644,1.4,1.67,5.74,6.54,7.36,4.77,1.75,0.0821,high
873944021ffffff,0.021,0.035,0.109,0.679,1.47,1.76,6.13,6.93,7.82,5,1.85,0.0873,high
873944022ffffff,0.0177,0.0296,0.0925,0.579,1.26,1.5,5.2,5.93,6.68,4.31,1.58,0.0738,high
873944023ffffff,0.0315,0.0525,0.164,1.01,2.17,2.57,8.39,9.42,10.5,6.99,2.67,0.131,high
873944024ffffff,0.0172,0.0288,0.09,0.563,1.23,1.46,5.08,5.83,6.55,4.2,1.53,0.0718,high
873944025ffffff,0.0181,0.0303,0.0947,0.59,1.29,1.53,5.34,6.11,6.86,4.38,1.61,0.0755,high
873944026ffffff,0.0414,0.0689,0.212,1.22,2.47,2.85,7.79,8.64,9.51,6.75,2.85,0.169,high
873944028ffffff,0.027,0.0451,0.141,0.873,1.89,2.25,7.75,8.74,9.84,6.35,2.37,0.112,high
873944029ffffff,0.0274,0.0457,0.143,0.881,1.91,2.27,7.76,8.72,9.82,6.35,2.39,0.114,high
87394402affffff,0.269,0.436,1.19,4.56,7.71,8.57,18.5,20,21.5,16.5,8.36,0.937,high
87394402bffffff,0.0328,0.0548,0.171,1.06,2.28,2.71,9.16,10.3,11.6,7.54,2.84,0.137,high
87394402cffffff,0.023,0.0384,0.12,0.744,1.61,1.92,6.65,7.51,8.46,5.43,2.02,0.0957,high
87394402dffffff,0.0258,0.0431,0.135,0.831,1.79,2.13,7.21,8.14,9.13,5.93,2.24,0.107,high
87394402effffff,0.025,0.0417,0.13,0.807,1.75,2.08,7.18,8.09,9.12,5.88,2.19,0.104,high
873944030ffffff,0.0238,0.0397,0.124,0.772,1.67,1.98,6.57,7.43,8.32,5.51,2.06,0.0989,high
873944031ffffff,0.0383,0.0639,0.199,1.23,2.65,3.13,10,11.3,12.6,8.49,3.24,0.159,high
873944032ffffff,0.0259,0.0433,0.135,0.836,1.8,2.13,6.85,7.72,8.6,5.79,2.2,0.108,high
873944033ffffff,0.0277,0.0462,0.144,0.896,1.94,2.3,7.57,8.56,9.57,6.36,2.39,0.115,high
873944034ffffff,0.0127,0.0211,0.0661,0.414,0.905,1.08,3.76,4.3,4.85,3.11,1.13,0.0527,high
873944035ffffff,0.0251,0.042,0.131,0.814,1.76,2.09,6.91,7.82,8.76,5.8,2.17,0.104,high
873944036ffffff,0.039,0.0651,0.203,1.23,2.59,3.04,9.01,10.1,11.1,7.76,3.09,0.161,high
873944040ffffff,0.0359,0.0598,0.187,1.14,2.44,2.92,9.56,10.7,11.9,7.87,3.05,0.149,high
873944041ffffff,0.0309,0.0516,0.161,0.981,2.1,2.52,8.26,9.27,10.3,6.8,2.64,0.129,medium
873944042ffffff,0.0248,0.0413,0.129,0.793,1.71,2.05,7.01,7.88,8.86,5.71,2.17,0.103,high
873944043ffffff,0.0209,0.0349,0.109,0.671,1.45,1.75,6,6.78,7.6,4.88,1.84,0.0871,high
873944044ffffff,0.0676,0.113,0.35,2.07,4.32,5.07,14.8,16.3,18,12.6,5.2,0.279,high
873944045ffffff,0.0264,0.044,0.137,0.84,1.81,2.17,7.25,8.16,9.11,5.94,2.28,0.11,medium
873944046ffffff,0.0284,0.0475,0.148,0.912,1.97,2.35,8.04,9,10.2,6.56,2.49,0.118,high
873944048ffffff,0.0645,0.107,0.332,1.92,3.91,4.59,12.4,13.6,14.8,10.7,4.61,0.265,high
873944049ffffff,0.0231,0.0385,0.12,0.734,1.58,1.93,6.3,7.15,7.85,5.14,1.98,0.096,high
87394404affffff,0.0193,0.0322,0.1,0.615,1.32,1.59,5.36,6.04,6.75,4.38,1.67,0.0802,high
87394404bffffff,0.0228,0.038,0.118,0.712,1.51,1.81,5.67,6.36,7,4.7,1.87,0.0945,high
87394404cffffff,0.0264,0.0441,0.138,0.842,1.81,2.17,7.22,8.12,9.05,5.92,2.28,0.11,high
87394404dffffff,0.0686,0.114,0.352,1.99,4,4.67,12,13.1,14.2,10.4,4.64,0.281,high
87394404effffff,0.0559,0.0933,0.289,1.68,3.45,4.05,11.2,12.3,13.4,9.57,4.09,0.23,high
873944050ffffff,0.0179,0.0298,0.0933,0.576,1.25,1.49,5.21,5.86,6.64,4.23,1.58,0.0744,high
873944051ffffff,0.0186,0.0311,0.0973,0.599,1.3,1.55,5.39,6.05,6.86,4.38,1.64,0.0776,high
873944052ffffff,0.0528,0.0877,0.267,1.44,2.81,3.23,8.5,9.3,10.3,7.24,3.19,0.212,high
873944053ffffff,0.0895,0.149,0.456,2.5,4.9,5.63,13.8,14.9,16.2,12.1,5.54,0.362,high
873944054ffffff,0.025,0.0417,0.13,0.801,1.73,2.06,7.09,7.94,8.98,5.78,2.18,0.104,high
873944055ffffff,0.0261,0.0435,0.136,0.836,1.8,2.15,7.35,8.22,9.29,6,2.27,0.109,high
873944056ffffff,0.0211,0.0353,0.11,0.68,1.47,1.76,6.11,6.86,7.77,4.96,1.86,0.088,high
873944058ffffff,0.0159,0.0266,0.0831,0.513,1.11,1.34,4.68,5.29,5.95,3.78,1.41,0.0664,high
873944059ffffff,0.0149,0.0249,0.0777,0.478,1.03,1.24,4.28,4.84,5.43,3.48,1.31,0.062,high
87394405affffff,0.0181,0.0303,0.0947,0.587,1.29,1.56,5.45,6.08,6.9,4.36,1.61,0.0755,high
87394405bffffff,0.0179,0.0299,0.0935,0.58,1.27,1.54,5.38,6.01,6.82,4.31,1.59,0.0746,high
87394405cffffff,0.0311,0.0518,0.161,0.945,1.96,2.33,6.95,7.74,8.55,5.81,2.38,0.128,high
87394405dffffff,0.013,0.0218,0.068,0.419,0.908,1.1,3.84,4.35,4.89,3.1,1.16,0.0543,high
87394405effffff,0.0219,0.0365,0.114,0.701,1.52,1.82,6.2,6.95,7.82,5.04,1.91,0.091,high
873944060ffffff,0.0218,0.0363,0.114,0.701,1.52,1.84,6.23,7.23,7.97,5.11,1.91,0.0906,medium
873944061ffffff,0.0248,0.0414,0.13,0.798,1.73,2.11,7.07,8.2,8.95,5.78,2.17,0.103,high
873944062ffffff,0.0307,0.0513,0.16,0.984,2.12,2.53,8.6,9.65,10.9,7.04,2.67,0.128,high
873944063ffffff,0.0258,0.043,0.134,0.827,1.79,2.16,7.32,8.34,9.27,5.98,2.26,0.107,high
873944064ffffff,0.0234,0.039,0.122,0.751,1.63,1.96,6.6,7.64,8.41,5.43,2.04,0.0973,medium
873944065ffffff,0.0202,0.0337,0.105,0.651,1.42,1.71,5.82,6.77,7.43,4.76,1.78,0.0841,high
873944066ffffff,0.0285,0.0475,0.149,0.91,1.97,2.36,7.76,8.93,9.82,6.42,2.45,0.118,medium
873944068ffffff,0.0339,0.0565,0.176,1.05,2.22,2.66,8.03,9.12,9.9,6.73,2.7,0.14,high
873944069ffffff,0.0886,0.147,0.453,2.5,4.95,5.74,13.5,14.8,15.6,11.9,5.54,0.36,high
87394406affffff,0.021,0.0351,0.11,0.674,1.46,1.76,6.03,6.81,7.63,4.9,1.85,0.0875,high
87394406bffffff,0.121,0.201,0.603,3,5.55,6.3,14.1,15.2,16.3,12.5,6.12,0.478,high
87394406cffffff,0.0429,0.0716,0.222,1.32,2.77,3.31,9.74,11.1,11.9,8.2,3.33,0.177,high
87394406dffffff,0.0188,0.0315,0.0984,0.606,1.32,1.6,5.42,6.3,6.89,4.42,1.66,0.0785,high
87394406effffff,0.0387,0.0645,0.2,1.18,2.46,2.93,8.69,9.82,10.7,7.28,2.96,0.16,medium
873944070ffffff,0.116,0.192,0.591,3.26,6.39,7.32,17.8,19.2,20.8,15.6,7.23,0.47,high
873944071ffffff,0.0418,0.0697,0.218,1.33,2.84,3.37,11,12.2,13.7,9.1,3.54,0.174,high
873944072ffffff,0.025,0.0418,0.131,0.804,1.74,2.07,7.15,8.01,9.06,5.82,2.2,0.104,high
873944073ffffff,0.117,0.194,0.591,3.09,5.84,6.61,15.3,16.5,17.9,13.5,6.47,0.469,high
873944074ffffff,0.0285,0.0476,0.149,0.915,1.97,2.35,8.05,9.01,10.2,6.57,2.49,0.119,high
873944075ffffff,0.0413,0.0688,0.213,1.24,2.54,2.97,8.76,9.68,10.8,7.36,3.05,0.17,high
873944076ffffff,0.0304,0.0507,0.158,0.968,2.08,2.47,8.21,9.17,10.3,6.75,2.59,0.126,high
873944080ffffff,0.0733,0.122,0.37,1.99,3.91,4.5,11.7,12.6,14,10,4.37,0.294,high
873944081ffffff,0.0487,0.0811,0.252,1.52,3.21,3.79,11.1,12.1,13.5,9.44,3.77,0.201,high
873944082ffffff,0.0979,0.163,0.504,2.93,6.03,7.02,18.2,19.6,21.5,15.9,6.83,0.401,high
873944083ffffff,0.058,0.0966,0.301,1.82,3.87,4.58,13.3,14.5,16.1,11.4,4.55,0.24,high
873944084ffffff,0.0207,0.0345,0.108,0.675,1.48,1.77,5.96,6.62,7.53,4.94,1.82,0.0861,high
873944085ffffff,0.025,0.0418,0.131,0.818,1.79,2.14,7.24,8.08,9.2,6.02,2.21,0.104,high
873944086ffffff,0.0606,0.101,0.314,1.88,3.96,4.67,13.4,14.5,16.1,11.4,4.62,0.25,high
873944088ffffff,0.0144,0.0241,0.0754,0.474,1.05,1.27,4.49,5,5.77,3.64,1.3,0.0601,high
873944089ffffff,0.0992,0.164,0.482,2.25,4.07,4.6,10.9,11.8,13.1,9.46,4.42,0.381,high
87394408affffff,0.0562,0.0936,0.29,1.71,3.57,4.18,11.2,12.1,13.3,9.7,4.08,0.231,high
87394408bffffff,0.0136,0.0228,0.0712,0.449,0.997,1.2,4.28,4.77,5.52,3.46,1.24,0.0568,high
87394408cffffff,0.0219,0.0366,0.114,0.719,1.59,1.91,6.62,7.33,8.39,5.4,1.96,0.0913,high
87394408dffffff,0.0172,0.0286,0.0896,0.562,1.24,1.5,5.27,5.87,6.75,4.28,1.54,0.0715,high
87394408effffff,0.0169,0.0281,0.0881,0.554,1.23,1.48,5.19,5.75,6.58,4.22,1.52,0.0702,high
873944090ffffff,0.0238,0.0397,0.124,0.779,1.71,2.05,6.85,7.63,8.73,5.74,2.1,0.099,high
873944091ffffff,0.0304,0.0508,0.159,0.987,2.16,2.59,8.5,9.34,10.6,7.04,2.63,0.126,high
873944092ffffff,0.199,0.33,0.993,4.97,9.15,10.2,20.8,22.2,23.9,19.1,9.61,0.786,high
873944093ffffff,0.0197,0.0329,0.103,0.648,1.43,1.72,5.91,6.55,7.49,4.85,1.76,0.0822,high
873944094ffffff,0.0202,0.0336,0.105,0.663,1.46,1.76,5.98,6.7,7.71,5.01,1.8,0.0839,high
873944095ffffff,0.0764,0.127,0.394,2.3,4.75,5.53,14.7,15.9,17.6,12.8,5.41,0.313,high
873944096ffffff,0.0179,0.0299,0.0935,0.589,1.3,1.56,5.33,5.97,6.87,4.46,1.6,0.0745,high
873944098ffffff,0.0186,0.031,0.097,0.605,1.33,1.59,5.33,5.87,6.67,4.38,1.62,0.0773,high
873944099ffffff,0.0194,0.0324,0.101,0.636,1.4,1.68,5.77,6.38,7.27,4.72,1.72,0.0809,high
87394409affffff,0.032,0.0533,0.166,1.03,2.26,2.71,8.71,9.59,10.8,7.27,2.73,0.133,high
87394409bffffff,0.0314,0.0523,0.163,0.982,2.09,2.48,7.54,8.25,9.28,6.33,2.48,0.13,high
87394409cffffff,0.0889,0.148,0.457,2.63,5.37,6.23,15.6,16.7,18.2,13.7,6.02,0.363,high
87394409dffffff,0.189,0.314,0.949,4.89,9.23,10.4,22.3,23.7,25.4,20.2,9.86,0.752,high
87394409effffff,0.0165,0.0276,0.0864,0.544,1.2,1.45,5.1,5.65,6.47,4.14,1.49,0.0689,high
8739440a0ffffff,0.0683,0.114,0.352,2.05,4.2,4.89,13.2,14.4,16,11.6,4.87,0.28,high
8739440a1ffffff,0.0716,0.119,0.367,2.09,4.25,4.93,13.7,15.1,16.9,11.9,4.94,0.291,high
8739440a2ffffff,0.14,0.232,0.714,3.98,7.87,9.01,21.3,23,25,19.2,8.75,0.567,high
8739440a3ffffff,0.059,0.0982,0.303,1.76,3.62,4.22,11.8,13,14.5,10.2,4.23,0.241,high
8739440a4ffffff,0.0468,0.078,0.243,1.49,3.18,3.77,11.3,12.5,14,9.77,3.82,0.194,high
8739440a5ffffff,0.0885,0.147,0.454,2.59,5.23,6.05,16,17.4,19.3,14,6,0.361,high
8739440a6ffffff,0.0381,0.0635,0.198,1.23,2.64,3.14,9.65,10.8,12.2,8.38,3.21,0.158,high
8739440a8ffffff,0.0289,0.0482,0.151,0.94,2.05,2.44,8.1,9.06,10.3,6.8,2.53,0.12,high
8739440a9ffffff,0.0201,0.0335,0.105,0.654,1.43,1.71,5.93,6.64,7.53,4.85,1.79,0.0836,high
8739440aaffffff,0.0281,0.0469,0.147,0.915,1.99,2.38,7.89,8.8,10,6.61,2.46,0.117,high
8739440abffffff,0.02,0.0333,0.104,0.65,1.42,1.7,5.88,6.58,7.48,4.83,1.78,0.0831,high
8739440acffffff,0.0808,0.134,0.413,2.34,4.74,5.51,15.3,16.8,18.7,13.2,5.51,0.328,high
8739440adffffff,0.0368,0.0613,0.192,1.19,2.58,3.07,10.1,11.2,12.7,8.45,3.18,0.153,high
8739440aeffffff,0.0326,0.0544,0.17,1.06,2.3,2.75,9.09,10.2,11.5,7.64,2.85,0.135,high
8739440b0ffffff,0.053,0.0883,0.274,1.64,3.46,4.05,11.2,12.3,13.7,9.84,4.01,0.218,high
8739440b1ffffff,0.0213,0.0356,0.111,0.693,1.51,1.81,5.91,6.56,7.46,4.96,1.84,0.0886,high
8739440b2ffffff,0.0246,0.0411,0.129,0.808,1.77,2.12,7.08,7.91,9.06,5.96,2.17,0.102,high
8739440b3ffffff,0.0217,0.0363,0.113,0.715,1.58,1.89,6.39,7.15,8.22,5.36,1.94,0.0904,high
8739440b4ffffff,0.0279,0.0466,0.146,0.914,1.99,2.39,7.81,8.84,10,6.68,2.46,0.116,high
8739440b5ffffff,0.192,0.319,0.962,4.85,8.86,9.9,19.6,21,22.5,18.2,9.32,0.762,high
8739440b6ffffff,0.104,0.173,0.514,2.52,4.67,5.29,12.4,13.5,14.9,11,5.09,0.406,high
8739440c0ffffff,0.0171,0.0285,0.0891,0.553,1.21,1.45,5.1,5.72,6.52,4.12,1.52,0.0711,high
8739440c1ffffff,0.0178,0.0297,0.0929,0.577,1.26,1.52,5.3,5.94,6.78,4.29,1.59,0.0741,high
8739440c2ffffff,0.0228,0.038,0.118,0.708,1.51,1.79,5.29,5.83,6.67,4.49,1.77,0.094,high
8739440c3ffffff,0.0131,0.0218,0.0682,0.428,0.948,1.15,4.06,4.56,5.31,3.3,1.18,0.0544,high
8739440c4ffffff,0.0579,0.0964,0.298,1.71,3.5,4.09,11.3,12.4,13.7,9.67,4.09,0.237,high
8739440c5ffffff,0.0198,0.033,0.103,0.64,1.4,1.68,5.83,6.53,7.44,4.73,1.75,0.0823,high
8739440c6ffffff,0.017,0.0283,0.0885,0.549,1.2,1.44,5,5.6,6.38,4.06,1.5,0.0706,high
8739440c8ffffff,0.176,0.29,0.853,3.96,7.18,8.12,18.1,19.4,21,15.9,7.78,0.675,high
8739440c9ffffff,0.302,0.493,1.39,5.93,10.4,11.7,23.7,25.1,26.7,21.3,11.1,1.1,high
8739440caffffff,0.367,0.598,1.68,6.99,12.2,13.7,29.3,31.4,34.8,26.6,13,1.33,high
8739440cbffffff,0.319,0.52,1.45,5.77,9.77,10.9,21.5,23,25.5,19.9,10.2,1.15,high
8739440ccffffff,0.03,0.0501,0.156,0.924,1.94,2.3,6.97,7.69,8.62,5.81,2.33,0.124,high
8739440cdffffff,0.149,0.247,0.749,3.89,7.4,8.46,19.4,20.8,22.5,17,8.11,0.594,high
8739440ceffffff,0.0218,0.0364,0.114,0.707,1.55,1.86,6.32,7.06,8.1,5.19,1.91,0.0907,high
8739440d0ffffff,0.0113,0.0188,0.0588,0.37,0.823,0.994,3.55,3.96,4.58,2.87,1.02,0.0469,high
8739440d1ffffff,0.0802,0.133,0.411,2.32,4.68,5.42,12.7,13.7,15.1,11.4,5.13,0.327,high
8739440d2ffffff,0.0719,0.12,0.372,2.23,4.7,5.54,15.3,16.5,18.3,13.2,5.44,0.296,high
8739440d3ffffff,0.0142,0.0237,0.0741,0.461,1.02,1.22,4.02,4.46,5.16,3.34,1.23,0.0591,high
8739440d4ffffff,0.0283,0.0471,0.147,0.889,1.91,2.27,7,7.69,8.73,5.85,2.26,0.117,high
8739440d5ffffff,0.0121,0.0202,0.0632,0.398,0.886,1.07,3.8,4.25,4.94,3.09,1.1,0.0504,high
8739440d6ffffff,0.247,0.41,1.24,6.39,12,13.6,28.6,30.2,32.5,25.8,12.8,0.983,high
8739440d8ffffff,0.0128,0.0213,0.0667,0.42,0.939,1.14,3.96,4.44,5.22,3.26,1.15,0.0532,high
8739440d9ffffff,0.0296,0.0494,0.154,0.956,2.1,2.52,7.99,8.83,10.2,6.74,2.52,0.123,high
8739440daffffff,0.0111,0.0185,0.0579,0.365,0.816,0.988,3.45,3.86,4.54,2.83,1,0.0462,high
8739440dbffffff,0.023,0.0383,0.119,0.701,1.47,1.74,4.86,5.32,6.06,4.17,1.69,0.0946,high
8739440dcffffff,0.0314,0.0523,0.162,0.956,2,2.36,6.32,6.87,7.75,5.5,2.28,0.129,high
8739440ddffffff,0.0212,0.0354,0.11,0.681,1.49,1.79,5.73,6.35,7.37,4.8,1.79,0.088,high
8739440deffffff,0.0698,0.116,0.36,2.14,4.51,5.32,14.3,15.5,17.4,12.5,5.16,0.287,high
8739440e0ffffff,0.0203,0.0339,0.106,0.658,1.43,1.72,5.99,6.71,7.64,4.86,1.8,0.0846,medium
8739440e1ffffff,0.0207,0.0346,0.108,0.671,1.46,1.76,6.12,6.85,7.8,4.96,1.84,0.0863,medium
8739440e2ffffff,0.0175,0.0292,0.0912,0.568,1.24,1.49,5.2,5.82,6.63,4.23,1.56,0.0727,high
8739440e3ffffff,0.0193,0.0322,0.101,0.625,1.36,1.64,5.72,6.4,7.29,4.63,1.71,0.0804,high
8739440e4ffffff,0.0205,0.0343,0.107,0.667,1.46,1.74,6.07,6.79,7.71,4.95,1.83,0.0855,medium
8739440e5ffffff,0.019,0.0317,0.099,0.614,1.34,1.61,5.63,6.31,7.19,4.56,1.69,0.079,medium
8739440e6ffffff,0.0188,0.0314,0.0982,0.613,1.34,1.6,5.58,6.24,7.08,4.55,1.68,0.0784,medium
8739440e8ffffff,0.0222,0.0371,0.116,0.719,1.57,1.88,6.52,7.29,8.29,5.29,1.97,0.0925,high
8739440e9ffffff,0.0564,0.0938,0.289,1.63,3.31,3.86,10.3,11.2,12.3,8.75,3.79,0.23,high
8739440eaffffff,0.0284,0.0473,0.148,0.908,1.96,2.35,7.75,8.62,9.73,6.37,2.43,0.118,high
8739440ebffffff,0.25,0.411,1.19,5.09,8.57,9.46,18.6,19.8,21.3,16.6,8.93,0.941,high
8739440ecffffff,0.0226,0.0378,0.118,0.731,1.59,1.92,6.61,7.39,8.41,5.37,2,0.0942,high
8739440edffffff,0.0339,0.0565,0.176,1.06,2.27,2.7,8.45,9.34,10.5,7,2.75,0.14,high
8739440eeffffff,0.0179,0.0299,0.0934,0.58,1.27,1.52,5.33,5.98,6.82,4.31,1.59,0.0745,high
8739440f0ffffff,0.0155,0.0259,0.081,0.506,1.11,1.32,4.64,5.2,5.91,3.78,1.39,0.0646,high
8739440f1ffffff,0.034,0.0566,0.176,1.06,2.24,2.63,7.89,8.67,9.66,6.67,2.68,0.14,high
8739440f2ffffff,0.0184,0.0307,0.0962,0.603,1.33,1.59,5.58,6.23,7.13,4.54,1.65,0.0767,high
8739440f3ffffff,0.0159,0.0265,0.0829,0.518,1.14,1.36,4.78,5.34,6.09,3.89,1.42,0.0661,high
8739440f4ffffff,0.0213,0.0356,0.111,0.694,1.51,1.81,6.26,6.99,7.93,5.12,1.89,0.0888,high
8739440f5ffffff,0.0169,0.0281,0.088,0.549,1.2,1.43,5.03,5.63,6.4,4.1,1.51,0.0702,high
8739440f6ffffff,0.0183,0.0306,0.0956,0.597,1.3,1.56,5.44,6.09,6.92,4.44,1.63,0.0763,high
873944100ffffff,0.0195,0.0325,0.102,0.636,1.38,1.63,5.58,6.45,7.21,4.67,1.71,0.081,high
873944101ffffff,0.196,0.325,0.971,4.79,8.75,9.73,20.7,22.4,23.9,18.8,9.37,0.769,high
873944102ffffff,0.0124,0.0207,0.0647,0.406,0.887,1.05,3.68,4.29,4.81,3.07,1.11,0.0515,medium
873944103ffffff,0.0151,0.0251,0.0786,0.492,1.07,1.27,4.45,5.12,5.74,3.67,1.34,0.0627,medium
873944104ffffff,0.0123,0.0206,0.0644,0.405,0.883,1.05,3.66,4.26,4.79,3.05,1.1,0.0513,high
873944105ffffff,0.0181,0.0303,0.0948,0.593,1.29,1.53,5.32,6.13,6.87,4.41,1.61,0.0756,high
873944106ffffff,0.0148,0.0248,0.0775,0.486,1.06,1.25,4.34,5.03,5.65,3.63,1.32,0.0617,high
873944108ffffff,0.0109,0.0182,0.0571,0.358,0.781,0.924,3.3,3.8,4.27,2.7,0.979,0.0455,high
873944109ffffff,0.0108,0.0181,0.0566,0.354,0.773,0.916,3.26,3.76,4.23,2.67,0.97,0.0451,high
87394410affffff,0.0122,0.0203,0.0636,0.398,0.869,1.03,3.66,4.22,4.73,3,1.09,0.0507,high
87394410bffffff,0.0135,0.0225,0.0705,0.441,0.963,1.14,4.04,4.65,5.22,3.31,1.2,0.0562,high
87394410cffffff,0.018,0.0301,0.0942,0.587,1.28,1.51,5.21,5.98,6.68,4.31,1.59,0.0751,high
87394410dffffff,0.0137,0.0228,0.0713,0.447,0.974,1.15,4.08,4.71,5.28,3.35,1.22,0.0569,medium
87394410effffff,0.0166,0.0277,0.0866,0.541,1.18,1.39,4.86,5.58,6.25,4.01,1.47,0.069,high
873944110ffffff,0.013,0.0216,0.0677,0.426,0.93,1.11,3.82,4.43,4.96,3.21,1.16,0.054,medium
873944111ffffff,0.015,0.0251,0.0786,0.494,1.08,1.28,4.4,5.11,5.72,3.7,1.34,0.0626,medium
873944112ffffff,0.0132,0.022,0.0689,0.434,0.947,1.13,3.87,4.49,5.02,3.26,1.18,0.0549,medium
873944113ffffff,0.0155,0.0259,0.0809,0.509,1.11,1.32,4.52,5.23,5.84,3.81,1.38,0.0645,high
873944114ffffff,0.012,0.0201,0.0628,0.395,0.861,1.02,3.58,4.17,4.68,2.98,1.08,0.05,high
873944115ffffff,0.0132,0.022,0.0689,0.433,0.945,1.12,3.91,4.55,5.12,3.26,1.18,0.055,high
873944116ffffff,0.0264,0.0441,0.137,0.831,1.75,2.06,6.13,6.96,7.67,5.31,2.09,0.109,high
873944118ffffff,0.0144,0.0241,0.0753,0.472,1.03,1.23,4.28,4.89,5.51,3.54,1.29,0.0601,high
873944119ffffff,0.0156,0.026,0.0814,0.508,1.1,1.31,4.48,5.1,5.73,3.72,1.37,0.0649,high
87394411affffff,0.0146,0.0243,0.0761,0.478,1.04,1.24,4.3,4.93,5.55,3.58,1.3,0.0607,high
87394411bffffff,0.0415,0.0691,0.213,1.22,2.46,2.84,7.56,8.36,9.16,6.6,2.82,0.169,high
87394411cffffff,0.0135,0.0226,0.0706,0.443,0.967,1.15,4.02,4.65,5.23,3.34,1.21,0.0563,medium
87394411dffffff,0.129,0.213,0.644,3.27,6.05,6.74,14.6,15.9,17,13.2,6.5,0.51,high
87394411effffff,0.0166,0.0277,0.0866,0.545,1.19,1.42,4.82,5.58,6.23,4.07,1.48,0.069,medium
873944120ffffff,0.0156,0.026,0.0813,0.509,1.11,1.31,4.5,5.23,5.87,3.77,1.38,0.0648,medium
873944121ffffff,0.0176,0.0294,0.092,0.574,1.25,1.48,5.1,5.93,6.67,4.26,1.56,0.0733,medium
873944122ffffff,0.0139,0.0232,0.0724,0.455,0.993,1.18,4.1,4.77,5.36,3.42,1.24,0.0577,medium
873944123ffffff,0.017,0.0284,0.0887,0.557,1.21,1.43,4.97,5.77,6.47,4.16,1.51,0.0707,medium
873944124ffffff,0.0121,0.0202,0.0633,0.395,0.857,1.02,3.54,4.13,4.69,2.95,1.08,0.0505,medium
873944125ffffff,0.0148,0.0247,0.0773,0.482,1.04,1.24,4.28,4.99,5.66,3.58,1.31,0.0616,medium
873944126ffffff,0.0136,0.0228,0.0713,0.447,0.974,1.15,4,4.65,5.22,3.34,1.21,0.0568,medium
873944128ffffff,0.0225,0.0376,0.117,0.729,1.58,1.86,6.3,7.21,8.03,5.24,1.95,0.0936,high
873944129ffffff,0.0131,0.0219,0.0686,0.429,0.936,1.11,3.91,4.53,5.08,3.22,1.17,0.0547,medium
87394412affffff,0.0306,0.0511,0.159,0.983,2.11,2.48,8.06,9.16,10.2,6.77,2.58,0.127,high
87394412bffffff,0.0146,0.0244,0.0762,0.477,1.04,1.23,4.35,5.01,5.62,3.58,1.3,0.0608,medium
87394412cffffff,0.0212,0.0354,0.111,0.688,1.49,1.76,5.96,6.93,7.74,4.98,1.85,0.0884,high
87394412dffffff,0.0168,0.0281,0.0879,0.547,1.19,1.41,4.85,5.69,6.37,4.04,1.49,0.0701,high
87394412effffff,0.0213,0.0355,0.111,0.693,1.51,1.78,6.18,7.09,7.92,5.1,1.88,0.0886,high
873944130ffffff,0.0108,0.0181,0.0566,0.356,0.777,0.92,3.24,3.77,4.24,2.7,0.971,0.0451,high
873944131ffffff,0.0106,0.0177,0.0553,0.348,0.76,0.9,3.17,3.69,4.15,2.64,0.951,0.0441,high
873944132ffffff,0.0114,0.0191,0.0598,0.375,0.817,0.968,3.38,3.93,4.41,2.82,1.02,0.0476,high
873944133ffffff,0.0118,0.0197,0.0616,0.387,0.846,1,3.51,4.09,4.6,2.93,1.06,0.0491,high
873944134ffffff,0.0101,0.0168,0.0526,0.329,0.717,0.852,2.99,3.49,3.92,2.49,0.902,0.0419,medium
873944135ffffff,0.0129,0.0216,0.0676,0.425,0.926,1.1,3.83,4.46,5.01,3.2,1.16,0.053900000000000003,medium
873944136ffffff,0.00995,0.0166,0.052,0.325,0.705,0.84,2.95,3.43,3.85,2.45,0.891,0.0415,high
873944140ffffff,0.0148,0.0247,0.0772,0.48,1.05,1.25,4.39,5.04,5.67,3.57,1.32,0.0616,medium
873944141ffffff,0.0133,0.0221,0.0693,0.429,0.934,1.13,3.9,4.55,5.03,3.18,1.18,0.0553,medium
873944142ffffff,0.0158,0.0263,0.0824,0.512,1.11,1.33,4.66,5.35,6.01,3.79,1.4,0.0657,medium
873944143ffffff,0.0164,0.0274,0.0856,0.53,1.15,1.39,4.8,5.56,6.17,3.92,1.45,0.0683,medium
873944144ffffff,0.0147,0.0246,0.0768,0.476,1.03,1.23,4.27,4.9,5.5,3.49,1.3,0.0613,medium
873944145ffffff,0.0154,0.0256,0.0802,0.496,1.08,1.29,4.42,5.13,5.68,3.63,1.35,0.0639,medium
873944146ffffff,0.0163,0.0271,0.0849,0.527,1.15,1.36,4.77,5.47,6.14,3.89,1.44,0.0677,medium
873944148ffffff,0.0163,0.0271,0.0849,0.524,1.14,1.38,4.69,5.46,6.02,3.84,1.43,0.0677,high
873944149ffffff,0.0157,0.0263,0.0821,0.508,1.11,1.34,4.6,5.35,5.91,3.75,1.4,0.0655,high
87394414affffff,0.0183,0.0306,0.0956,0.59,1.28,1.54,5.24,6.08,6.7,4.3,1.61,0.0763,medium
87394414bffffff,0.0197,0.0329,0.103,0.635,1.38,1.67,5.67,6.58,7.26,4.65,1.74,0.0821,medium
87394414cffffff,0.0144,0.024,0.0749,0.464,1.01,1.22,4.21,4.9,5.42,3.44,1.27,0.0598,medium
87394414dffffff,0.0144,0.024,0.075,0.464,1.01,1.22,4.22,4.91,5.43,3.44,1.28,0.0598,high
87394414effffff,0.0168,0.0281,0.0878,0.542,1.18,1.42,4.87,5.67,6.25,3.99,1.49,0.07,medium
873944150ffffff,0.0166,0.0277,0.0865,0.537,1.17,1.39,4.88,5.6,6.29,3.98,1.47,0.069,high
873944151ffffff,0.0298,0.0498,0.155,0.937,1.99,2.34,7.3,8.25,9.13,6.12,2.41,0.124,high
873944152ffffff,0.022,0.0367,0.115,0.709,1.54,1.83,6.25,7.14,7.99,5.13,1.92,0.0914,high
873944153ffffff,0.0174,0.0291,0.091,0.565,1.23,1.46,5.12,5.88,6.6,4.18,1.54,0.0726,high
873944154ffffff,0.0139,0.0231,0.0723,0.45,0.979,1.17,4.12,4.74,5.32,3.35,1.23,0.0577,high
873944155ffffff,0.0144,0.024,0.0751,0.467,1.02,1.21,4.27,4.91,5.52,3.48,1.28,0.0599,high
873944156ffffff,0.0237,0.0395,0.123,0.752,1.61,1.9,6.18,7.02,7.81,5.13,1.98,0.0982,high
873944158ffffff,0.0182,0.0304,0.095,0.587,1.28,1.54,5.27,6.12,6.77,4.32,1.61,0.0758,medium
873944159ffffff,0.0199,0.0333,0.104,0.642,1.4,1.68,5.74,6.66,7.35,4.7,1.76,0.083,low
87394415affffff,0.0218,0.0364,0.114,0.702,1.52,1.83,6.29,7.19,8.04,5.14,1.92,0.0907,high
87394415bffffff,0.0229,0.0382,0.119,0.736,1.6,1.92,6.54,7.52,8.35,5.36,2.01,0.0952,high
87394415cffffff,0.0169,0.0282,0.0882,0.547,1.19,1.42,4.94,5.69,6.36,4.03,1.49,0.0703,high
87394415dffffff,0.0197,0.0328,0.103,0.632,1.37,1.65,5.56,6.45,7.1,4.57,1.72,0.0819,medium
87394415effffff,0.0199,0.0332,0.104,0.642,1.39,1.65,5.65,6.46,7.23,4.63,1.73,0.0828,high
873944160ffffff,0.0153,0.0255,0.0798,0.495,1.08,1.29,4.41,5.2,5.74,3.65,1.35,0.0636,medium
873944161ffffff,0.0139,0.0232,0.0726,0.451,0.984,1.18,4.03,4.75,5.24,3.33,1.23,0.058,medium
873944162ffffff,0.0146,0.0244,0.0762,0.473,1.03,1.24,4.24,4.99,5.53,3.5,1.29,0.0608,medium
873944163ffffff,0.0125,0.0208,0.0652,0.405,0.884,1.06,3.64,4.3,4.75,3,1.11,0.052,medium
873944164ffffff,0.0164,0.0273,0.0854,0.529,1.15,1.38,4.69,5.52,6.09,3.88,1.44,0.0681,medium
873944165ffffff,0.0225,0.0376,0.117,0.711,1.52,1.81,5.66,6.58,7.19,4.77,1.86,0.0933,medium
873944166ffffff,0.015,0.025,0.0782,0.485,1.06,1.27,4.34,5.13,5.67,3.59,1.33,0.0624,medium
873944168ffffff,0.0141,0.0236,0.0738,0.457,1,1.21,4.05,4.82,5.22,3.35,1.24,0.0589,medium
873944169ffffff,0.0174,0.0291,0.0909,0.561,1.22,1.48,4.84,5.73,6.19,4.02,1.51,0.0725,medium
87394416affffff,0.014,0.0233,0.0729,0.451,0.986,1.19,4.08,4.8,5.26,3.34,1.24,0.0581,medium
87394416bffffff,0.0135,0.0225,0.0703,0.436,0.954,1.16,3.94,4.66,5.09,3.24,1.2,0.0561,medium
87394416cffffff,0.0128,0.0214,0.0669,0.415,0.909,1.1,3.71,4.42,4.79,3.06,1.13,0.0534,medium
87394416dffffff,0.0156,0.0261,0.0816,0.505,1.1,1.34,4.43,5.26,5.7,3.67,1.37,0.0651,medium
87394416effffff,0.0191,0.0319,0.0995,0.605,1.3,1.56,4.88,5.72,6.17,4.1,1.59,0.0793,medium
873944170ffffff,0.0147,0.0246,0.0768,0.477,1.04,1.24,4.34,4.99,5.61,3.54,1.31,0.0613,medium
873944171ffffff,0.0171,0.0285,0.0893,0.553,1.2,1.43,4.98,5.71,6.41,4.07,1.51,0.0712,medium
873944172ffffff,0.0136,0.0226,0.0708,0.442,0.962,1.14,4.04,4.65,5.23,3.3,1.21,0.0565,medium
873944173ffffff,0.0152,0.0253,0.0793,0.492,1.07,1.28,4.49,5.16,5.8,3.66,1.35,0.0632,medium
873944174ffffff,0.0138,0.0231,0.0723,0.451,0.983,1.17,4.09,4.74,5.31,3.36,1.23,0.0576,medium
873944175ffffff,0.0183,0.0306,0.0955,0.592,1.29,1.54,5.27,6.13,6.81,4.34,1.61,0.0762,medium
873944176ffffff,0.0154,0.0257,0.0804,0.503,1.1,1.3,4.57,5.26,5.9,3.76,1.37,0.0641,medium
873944180ffffff,0.0196,0.0327,0.102,0.642,1.4,1.68,5.57,6.37,7.21,4.76,1.74,0.0815,high
873944181ffffff,0.0263,0.0439,0.137,0.851,1.84,2.18,6.89,7.84,8.75,5.94,2.24,0.109,high
873944182ffffff,0.027,0.045,0.141,0.878,1.9,2.28,7.36,8.34,9.44,6.33,2.35,0.112,medium
873944183ffffff,0.0332,0.0554,0.173,1.07,2.31,2.76,8.57,9.64,10.9,7.43,2.82,0.138,high
873944184ffffff,0.0661,0.11,0.335,1.8,3.46,3.95,9.3,10.3,11.1,8.37,3.85,0.266,high
873944185ffffff,0.018,0.0301,0.0942,0.592,1.29,1.54,5.21,6.03,6.73,4.41,1.61,0.0751,high
873944186ffffff,0.0175,0.0292,0.0914,0.572,1.24,1.5,5.02,5.74,6.53,4.27,1.56,0.0728,medium
873944188ffffff,0.0905,0.151,0.467,2.73,5.58,6.5,16.5,18,19.7,14.8,6.39,0.371,high
873944189ffffff,0.0663,0.111,0.342,2.02,4.19,4.88,13.6,14.9,16.5,11.8,4.89,0.273,high
87394418affffff,0.119,0.198,0.612,3.59,7.33,8.53,21.2,23.1,25.2,19.2,8.36,0.487,high
87394418bffffff,0.04,0.0667,0.208,1.27,2.72,3.22,9.71,10.8,12,8.36,3.27,0.166,high
87394418cffffff,0.0266,0.0444,0.138,0.829,1.74,2.04,5.99,6.78,7.48,5.2,2.07,0.11,high
87394418dffffff,0.0263,0.0439,0.137,0.856,1.86,2.2,7.26,8.28,9.24,6.14,2.29,0.109,high
87394418effffff,0.314,0.519,1.55,7.58,13.5,15,28.4,30.2,32.1,26.6,14.1,1.23,high
873944190ffffff,0.0243,0.0406,0.127,0.792,1.72,2.07,6.82,7.76,8.81,5.83,2.14,0.101,medium
873944191ffffff,0.0263,0.0439,0.137,0.858,1.86,2.24,7.35,8.35,9.48,6.29,2.32,0.109,medium
873944192ffffff,0.0235,0.0393,0.123,0.768,1.67,2.01,6.62,7.54,8.57,5.66,2.08,0.0979,high
873944193ffffff,0.0278,0.0464,0.145,0.905,1.96,2.36,7.73,8.78,9.96,6.62,2.44,0.116,high
873944194ffffff,0.0301,0.0503,0.157,0.975,2.1,2.53,8.05,9.11,10.3,6.93,2.6,0.125,medium
873944195ffffff,0.0193,0.0322,0.101,0.63,1.37,1.65,5.5,6.28,7.14,4.69,1.71,0.0802,medium
873944196ffffff,0.0267,0.0446,0.139,0.87,1.88,2.27,7.4,8.4,9.53,6.34,2.34,0.111,medium
873944198ffffff,0.0805,0.134,0.408,2.21,4.27,4.88,11.5,12.6,13.8,10.4,4.72,0.324,high
873944199ffffff,0.0225,0.0375,0.117,0.735,1.6,1.92,6.3,7.15,8.13,5.4,1.98,0.0934,high
87394419affffff,0.125,0.208,0.637,3.54,6.96,7.99,18.9,20.6,22.5,17.1,7.74,0.506,high
87394419bffffff,0.025,0.0416,0.13,0.817,1.78,2.13,6.97,7.91,8.98,5.98,2.2,0.104,medium
87394419cffffff,0.0428,0.0713,0.223,1.38,2.96,3.52,10.7,12,13.5,9.35,3.59,0.177,high
87394419dffffff,0.0361,0.0602,0.188,1.15,2.47,2.93,8.79,9.85,11,7.68,2.97,0.15,high
87394419effffff,0.0498,0.083,0.258,1.54,3.23,3.8,10.8,12,13.4,9.5,3.82,0.205,high
8739441a0ffffff,0.017,0.0283,0.0886,0.552,1.19,1.43,4.77,5.5,6.15,4.05,1.5,0.0707,high
8739441a1ffffff,0.014,0.0234,0.0732,0.46,1.01,1.2,4.09,4.74,5.3,3.45,1.25,0.0584,medium
8739441a2ffffff,0.0162,0.0271,0.0848,0.528,1.14,1.38,4.64,5.36,6,3.93,1.44,0.0676,high
8739441a3ffffff,0.0188,0.0313,0.098,0.615,1.34,1.6,5.37,6.21,6.93,4.55,1.67,0.0781,high
8739441a4ffffff,0.0126,0.0211,0.0659,0.411,0.892,1.07,3.64,4.22,4.73,3.08,1.13,0.0526,high
8739441a5ffffff,0.0256,0.0427,0.133,0.812,1.72,2.04,6.22,7.08,7.82,5.37,2.08,0.106,medium
8739441a6ffffff,0.0116,0.0194,0.0606,0.378,0.82,0.986,3.36,3.89,4.36,2.84,1.04,0.0483,high
8739441a8ffffff,0.79,1.14,2.16,4.41,6.17,6.66,12.5,13.5,14.4,11.4,6.56,1.78,high
8739441a9ffffff,1.58,2.28,4.27,7.83,9.59,9.95,14,14.7,15.4,13.2,9.63,3.52,high
8739441aaffffff,0.0217,0.0362,0.113,0.707,1.53,1.82,5.98,6.87,7.64,5.09,1.89,0.0902,high
8739441abffffff,0.0865,0.144,0.442,2.48,4.88,5.56,13,14.2,15.3,11.8,5.4,0.351,high
8739441acffffff,0.0135,0.0226,0.0707,0.445,0.972,1.16,3.97,4.6,5.14,3.35,1.21,0.0563,high
8739441adffffff,0.0808,0.134,0.407,2.13,4.02,4.53,10.2,11.3,12.1,9.23,4.37,0.323,high
8739441aeffffff,0.229,0.376,1.09,4.68,7.89,8.64,16.2,17.5,18.5,15.1,8.17,0.859,high
8739441b0ffffff,0.0173,0.0289,0.0905,0.565,1.22,1.47,4.95,5.69,6.4,4.19,1.54,0.0721,medium
8739441b1ffffff,0.0217,0.0362,0.113,0.704,1.52,1.82,6.03,6.93,7.74,5.13,1.91,0.0903,high
8739441b2ffffff,0.0197,0.0329,0.103,0.645,1.4,1.69,5.63,6.42,7.3,4.8,1.75,0.0821,medium
8739441b3ffffff,0.0351,0.0585,0.182,1.1,2.32,2.76,8.04,9,10,7.03,2.78,0.145,medium
8739441b4ffffff,0.0148,0.0246,0.077,0.479,1.04,1.24,4.15,4.79,5.36,3.52,1.3,0.0614,medium
8739441b5ffffff,0.0142,0.0238,0.0744,0.464,1,1.21,4.09,4.73,5.3,3.46,1.27,0.0593,medium
8739441b6ffffff,0.0136,0.0227,0.0711,0.445,0.966,1.16,3.93,4.52,5.11,3.33,1.22,0.0567,medium
873944200ffffff,0.114,0.189,0.587,3.44,7.25,8.76,23.3,25.8,27.9,19.9,8.29,0.467,high
873944201ffffff,0.0636,0.106,0.329,1.97,4.22,5.15,14.9,16.7,18.3,12.4,4.94,0.262,high
873944202ffffff,0.394,0.649,1.9,8.86,16.1,18.6,38.4,41.3,43.7,34.3,17.1,1.51,high
873944203ffffff,0.169,0.278,0.813,3.87,7.38,8.71,22.3,24.7,26.8,18.9,8.26,0.644,high
873944204ffffff,0.0457,0.0763,0.238,1.48,3.26,4.06,13,14.8,16.3,10.6,3.97,0.19,high
873944205ffffff,0.0456,0.0761,0.238,1.46,3.2,3.98,12.5,14.3,15.6,10.3,3.91,0.19,medium
873944206ffffff,0.42,0.672,1.77,6.59,11.4,13.1,28.6,31.1,33.2,25,12.3,1.4,high
873944208ffffff,0.397,0.654,1.93,8.89,15.8,17.7,32.7,35,37.2,30.4,16.1,1.52,high
873944209ffffff,0.0274,0.0456,0.143,0.906,2.03,2.47,7.9,9.19,10.5,6.81,2.45,0.114,high
87394420affffff,0.031,0.0517,0.162,1.01,2.23,2.75,8.75,9.98,11.1,7.23,2.69,0.129,high
87394420bffffff,0.0174,0.029,0.0907,0.58,1.31,1.6,5.36,6.3,7.27,4.57,1.6,0.0724,high
87394420cffffff,0.166,0.275,0.825,4.07,7.51,8.62,17.4,18.7,19.9,15.6,7.87,0.654,high
87394420dffffff,0.0824,0.137,0.423,2.45,5.09,6,15.1,16.9,18.7,13.5,5.7,0.337,high
87394420effffff,0.097,0.162,0.501,2.98,6.35,7.7,20.8,23,24.9,17.7,7.3,0.4,high
873944210ffffff,0.56,0.895,2.3,7.44,11.6,12.8,22.9,24.2,25.4,20.7,11.9,1.82,high
873944211ffffff,0.0534,0.089,0.277,1.69,3.69,4.53,13.5,15.2,16.6,11.2,4.37,0.221,high
873944212ffffff,0.0195,0.0326,0.102,0.635,1.41,1.75,6.02,6.81,7.6,4.79,1.74,0.0813,high
873944213ffffff,0.0543,0.0905,0.281,1.66,3.5,4.24,11.8,13.1,14.2,9.89,4.06,0.224,high
873944214ffffff,0.0897,0.149,0.457,2.54,5.13,6.1,15.8,17.3,18.7,13.3,5.79,0.364,high
873944215ffffff,0.569,0.899,2.27,8.13,14,16,32.4,34.7,36.6,28.9,14.9,1.8,high
873944216ffffff,0.364,0.585,1.56,5.8,9.82,11.1,21.9,23.3,24.6,19.6,10.3,1.23,high
873944218ffffff,0.0283,0.0472,0.148,0.923,2.06,2.56,8.52,9.73,10.8,6.88,2.51,0.118,high
873944219ffffff,0.0241,0.0402,0.126,0.787,1.76,2.2,7.42,8.5,9.47,5.96,2.16,0.1,high
87394421affffff,0.0345,0.0575,0.179,1.1,2.44,2.93,8.4,9.45,10.7,7.31,2.79,0.143,high
87394421bffffff,0.0261,0.0435,0.135,0.827,1.81,2.22,6.79,7.7,8.6,5.64,2.14,0.108,high
87394421cffffff,2.93,4.6,11.3,32.6,46.5,49.7,68.6,70.8,72.4,65.7,45.4,8.95,high
87394421dffffff,0.933,1.47,3.62,11.3,17.9,19.9,35.8,38.1,40,32.6,18.4,2.88,high
87394421effffff,0.0641,0.107,0.332,2.01,4.33,5.3,15.2,16.9,18.5,12.7,5.07,0.265,high
873944220ffffff,0.0342,0.0571,0.178,1.1,2.39,2.99,9.66,11.2,12.1,7.86,2.98,0.142,high
873944221ffffff,0.025,0.0418,0.131,0.806,1.76,2.21,7.27,8.43,9.17,5.89,2.21,0.104,high
873944222ffffff,0.0431,0.072,0.225,1.38,2.98,3.71,11.8,13.5,14.6,9.63,3.71,0.179,high
873944223ffffff,0.0434,0.0724,0.226,1.39,3.02,3.77,11.9,13.7,14.9,9.78,3.74,0.181,high
873944224ffffff,0.0236,0.0393,0.123,0.756,1.64,2.05,6.82,7.85,8.58,5.5,2.08,0.0981,high
873944225ffffff,0.0214,0.0357,0.112,0.691,1.51,1.9,6.3,7.33,7.98,5.09,1.9,0.0892,high
873944226ffffff,0.0335,0.0558,0.174,1.07,2.31,2.88,9.36,10.7,11.7,7.6,2.91,0.139,high
873944228ffffff,0.022,0.0366,0.114,0.707,1.55,1.94,6.38,7.41,8.06,5.16,1.94,0.0914,high
873944229ffffff,0.0187,0.0313,0.0977,0.614,1.36,1.68,5.58,6.53,7.34,4.62,1.68,0.0781,high
87394422affffff,0.0253,0.0422,0.132,0.818,1.8,2.25,7.41,8.55,9.37,6,2.23,0.105,high
87394422bffffff,0.0566,0.0942,0.289,1.62,3.26,3.86,9.41,10.5,11.3,8.24,3.65,0.23,high
87394422cffffff,0.0268,0.0447,0.139,0.852,1.84,2.3,7.22,8.31,9,5.92,2.28,0.111,high
87394422dffffff,0.0195,0.0326,0.102,0.63,1.38,1.72,5.63,6.54,7.17,4.59,1.72,0.0813,high
87394422effffff,0.0273,0.0456,0.142,0.879,1.92,2.41,7.85,9.09,9.88,6.37,2.4,0.114,high
873944230ffffff,0.0378,0.0631,0.197,1.22,2.69,3.33,11,12.4,13.7,8.83,3.29,0.157,high
873944231ffffff,0.0734,0.122,0.381,2.31,5,6.11,18.2,20.2,22,15,5.95,0.304,high
873944232ffffff,0.0304,0.0507,0.159,0.986,2.18,2.71,9.17,10.3,11.4,7.29,2.69,0.127,high
873944233ffffff,0.878,1.36,3.17,8.72,13.1,14.5,27,28.9,30.6,24,13.7,2.53,high
873944234ffffff,0.0485,0.0807,0.248,1.38,2.79,3.35,9.18,10.2,11.1,7.64,3.24,0.197,high
873944235ffffff,0.0404,0.0674,0.21,1.29,2.78,3.44,10.9,12.4,13.5,8.91,3.44,0.168,high
873944236ffffff,0.023,0.0384,0.12,0.748,1.66,2.06,7.11,8.04,8.94,5.62,2.05,0.0958,high
873944240ffffff,0.0168,0.028,0.0876,0.561,1.26,1.5,5.05,5.95,7.01,4.37,1.54,0.07,high
873944241ffffff,0.113,0.187,0.549,2.59,4.73,5.32,12.1,13.5,15.1,11,5.1,0.435,high
873944242ffffff,0.0228,0.038,0.119,0.749,1.66,1.93,5.83,6.75,8.04,5.33,1.97,0.0947,high
873944243ffffff,0.042,0.0698,0.217,1.3,2.77,3.2,8.79,10.1,11.7,8.05,3.18,0.173,high
873944244ffffff,0.0176,0.0293,0.0918,0.585,1.3,1.55,5.09,5.95,6.96,4.41,1.58,0.0733,high
873944245ffffff,0.117,0.195,0.599,3.43,6.94,7.96,18.4,20.3,22.3,16.9,7.61,0.477,high
873944246ffffff,0.043,0.0716,0.222,1.34,2.86,3.37,9.24,10.5,11.9,8.25,3.3,0.177,high
873944248ffffff,0.0212,0.0353,0.111,0.713,1.6,1.87,6.2,7.35,8.94,5.6,1.97,0.0884,high
873944249ffffff,0.226,0.371,1.07,4.84,8.64,9.47,18.9,20.8,23.2,18.1,9.1,0.849,high
87394424affffff,1.47,2.03,3.65,7.85,10.9,11.5,18.6,20,22,17.8,11,3.06,high
87394424bffffff,0.057,0.0947,0.294,1.76,3.7,4.2,11.1,12.8,15,10.5,4.25,0.234,high
87394424cffffff,0.102,0.169,0.513,2.7,5.16,5.84,13.3,14.8,16.5,12.1,5.57,0.407,high
87394424dffffff,0.0191,0.0318,0.0996,0.636,1.42,1.65,5.31,6.28,7.68,4.84,1.74,0.0796,high
87394424effffff,0.153,0.252,0.743,3.48,6.25,6.93,14.4,16,17.9,13.5,6.57,0.588,high
873944250ffffff,0.0118,0.0197,0.0616,0.395,0.895,1.09,3.7,4.36,5.05,3.15,1.1,0.0492,high
873944251ffffff,0.0151,0.0251,0.0789,0.51,1.16,1.37,4.61,5.44,6.57,4.11,1.42,0.0629,high
873944252ffffff,0.016,0.0267,0.0836,0.534,1.21,1.47,4.9,5.76,6.65,4.19,1.47,0.0667,high
873944253ffffff,0.0453,0.0754,0.233,1.38,2.92,3.43,8.91,10.1,11.4,8.03,3.29,0.186,high
873944254ffffff,0.0225,0.0375,0.117,0.744,1.67,2.03,6.43,7.48,8.55,5.55,2.01,0.0937,high
873944255ffffff,0.0177,0.0295,0.0924,0.588,1.32,1.6,5.16,6.03,6.96,4.47,1.6,0.0737,high
873944256ffffff,0.0132,0.022,0.069,0.442,1,1.23,4.13,4.86,5.63,3.51,1.23,0.0551,high
873944258ffffff,0.0917,0.152,0.47,2.73,5.62,6.38,15.3,17.1,19.4,14.4,6.2,0.374,high
873944259ffffff,0.306,0.506,1.53,8.01,15.2,16.9,33.4,36.1,39.4,32,15.9,1.21,high
87394425affffff,0.0289,0.0481,0.151,0.97,2.18,2.56,8.19,9.55,11.5,7.43,2.65,0.12,high
87394425bffffff,0.157,0.258,0.758,3.59,6.6,7.33,15.6,17.2,19.3,14.7,7,0.599,high
87394425cffffff,0.0725,0.121,0.375,2.28,4.85,5.57,14.1,15.8,18,13.2,5.47,0.299,high
87394425dffffff,0.0289,0.0482,0.151,0.974,2.2,2.58,8.34,9.75,11.7,7.56,2.67,0.121,high
87394425effffff,0.0477,0.0793,0.246,1.49,3.16,3.63,9.42,10.6,12.3,8.77,3.58,0.196,high
873944260ffffff,0.137,0.225,0.648,2.87,5.15,5.84,13.2,14.8,16.4,11.9,5.58,0.513,high
873944261ffffff,0.0369,0.0615,0.191,1.17,2.52,2.96,8.62,9.89,11.4,7.63,2.96,0.153,high
873944262ffffff,0.0247,0.0411,0.127,0.739,1.53,1.81,4.76,5.4,5.99,4.16,1.74,0.101,medium
873944263ffffff,0.0206,0.0344,0.107,0.683,1.51,1.8,5.82,6.79,7.92,5.07,1.84,0.0858,high
873944264ffffff,0.0197,0.0329,0.103,0.646,1.43,1.76,5.74,6.7,7.55,4.8,1.75,0.0822,high
873944265ffffff,0.019,0.0316,0.0989,0.633,1.42,1.69,5.67,6.66,7.83,4.9,1.74,0.0791,high
873944266ffffff,0.0589,0.098,0.302,1.71,3.47,4.09,9.7,10.8,11.7,8.62,3.85,0.24,high
873944268ffffff,0.0382,0.0636,0.198,1.24,2.72,3.22,9.75,11.2,12.9,8.59,3.24,0.158,high
873944269ffffff,0.0368,0.0614,0.191,1.19,2.6,3,8.95,10.4,12.4,8.17,3.09,0.153,high
87394426affffff,0.119,0.197,0.601,3.28,6.4,7.26,16.1,17.8,19.6,14.8,6.89,0.478,high
87394426bffffff,0.0325,0.0541,0.169,1.07,2.36,2.79,8.76,10.2,11.9,7.74,2.85,0.135,high
87394426cffffff,0.0391,0.0651,0.203,1.25,2.71,3.19,9.33,10.7,12.3,8.27,3.19,0.162,high
87394426dffffff,0.0259,0.0431,0.135,0.853,1.88,2.23,7.03,8.17,9.51,6.17,2.27,0.108,high
87394426effffff,0.0287,0.0479,0.15,0.949,2.1,2.5,8,9.32,10.8,6.98,2.55,0.119,high
873944270ffffff,0.0139,0.0233,0.0727,0.459,1.02,1.26,4.25,5,5.65,3.52,1.26,0.0581,high
873944271ffffff,0.0127,0.0211,0.066,0.417,0.928,1.15,3.85,4.52,5.11,3.19,1.15,0.0528,high
873944272ffffff,0.023,0.0384,0.12,0.758,1.69,2.06,6.54,7.61,8.66,5.61,2.04,0.0959,high
873944273ffffff,0.0315,0.0525,0.164,1.02,2.25,2.72,8.14,9.35,10.5,7.05,2.66,0.131,high
873944274ffffff,0.0235,0.0391,0.122,0.763,1.68,2.06,6.53,7.58,8.48,5.49,2.04,0.0976,high
873944275ffffff,0.0251,0.0419,0.13,0.797,1.72,2.09,6.13,7.02,7.78,5.23,2.04,0.104,high
873944276ffffff,0.0233,0.0388,0.121,0.76,1.68,2.07,6.68,7.78,8.73,5.59,2.05,0.0968,high
873944280ffffff,0.0155,0.0259,0.0811,0.515,1.2,1.44,4.63,5.23,6.34,4.09,1.41,0.0647,high
873944281ffffff,0.0236,0.0393,0.122,0.747,1.67,1.97,5.49,6.09,7.17,4.96,1.88,0.0975,high
873944282ffffff,0.034,0.0566,0.177,1.1,2.49,2.96,8.53,9.48,11.2,7.69,2.84,0.141,high
873944283ffffff,0.0113,0.0189,0.0592,0.38,0.894,1.08,3.63,4.13,5.07,3.18,1.06,0.0473,high
873944284ffffff,0.0222,0.0371,0.116,0.723,1.65,1.97,5.87,6.56,7.81,5.26,1.9,0.0923,high
873944285ffffff,0.0242,0.0403,0.126,0.774,1.75,2.07,5.92,6.59,7.79,5.33,1.98,0.1,high
873944286ffffff,0.051,0.0849,0.263,1.53,3.29,3.82,9.2,10,11.5,8.48,3.55,0.209,high
873944288ffffff,0.197,0.326,0.992,5.29,10.6,12.1,24.8,26.8,29.5,23.3,10.9,0.788,high
873944289ffffff,0.0385,0.0642,0.2,1.23,2.79,3.34,9.39,10.5,12.2,8.47,3.17,0.159,high
87394428affffff,0.0333,0.0555,0.173,1.1,2.56,3.08,9.56,10.9,12.9,8.51,2.98,0.138,high
87394428bffffff,0.0978,0.163,0.505,3.01,6.6,7.79,20,22.1,25.3,18.3,7.28,0.402,high
87394428cffffff,0.0182,0.0303,0.0948,0.603,1.41,1.71,5.48,6.26,7.5,4.84,1.66,0.0756,high
87394428dffffff,0.0163,0.0272,0.085,0.543,1.28,1.55,5.08,5.83,7.03,4.47,1.51,0.0679,high
87394428effffff,0.0604,0.101,0.312,1.86,4.06,4.77,12.3,13.6,15.7,11.2,4.47,0.248,high
873944290ffffff,0.104,0.172,0.527,2.94,6.18,7.01,15.5,16.9,19.8,15,6.53,0.419,high
873944291ffffff,0.0453,0.0754,0.236,1.49,3.5,4.1,11.3,12.7,15.5,10.9,4.01,0.188,high
873944292ffffff,0.0304,0.0505,0.158,1.01,2.39,2.82,8.26,9.32,11.6,7.88,2.78,0.126,high
873944293ffffff,0.12,0.199,0.612,3.42,7.2,8.16,17.5,19.1,22.1,17.1,7.57,0.486,high
873944294ffffff,0.0317,0.0529,0.165,1.03,2.35,2.78,8.13,9.01,10.8,7.4,2.7,0.132,high
873944295ffffff,0.0869,0.145,0.447,2.62,5.64,6.55,15.8,17.2,19.6,14.6,6.1,0.356,high
873944296ffffff,0.00527,0.00878,0.0276,0.18,0.433,0.518,1.73,1.99,2.59,1.62,0.522,0.022,high
873944298ffffff,0.492,0.804,2.29,9.48,16.2,17.5,28.8,30.6,34,28.3,15.8,1.81,high
87394429cffffff,0.0376,0.0626,0.196,1.22,2.84,3.33,9.22,10.3,12.5,8.74,3.23,0.156,high
87394429dffffff,0.172,0.285,0.874,4.86,10.2,11.6,25.5,27.7,31.8,24.6,10.8,0.694,high
87394429effffff,0.0593,0.0987,0.308,1.92,4.45,5.19,13.7,15.3,18.4,13.2,5.02,0.246,high
8739442a0ffffff,0.0932,0.155,0.472,2.56,5.19,5.93,13.3,14.4,16.3,12.3,5.46,0.374,high
8739442a1ffffff,0.0406,0.0677,0.211,1.29,2.89,3.42,9.56,10.6,12.4,8.65,3.26,0.168,high
8739442a2ffffff,0.0204,0.034,0.106,0.668,1.54,1.84,5.6,6.27,7.49,5,1.78,0.0847,high
8739442a3ffffff,0.00971,0.0162,0.0508,0.326,0.769,0.928,3.17,3.61,4.45,2.77,0.917,0.0405,high
8739442a4ffffff,0.0584,0.0973,0.303,1.83,4.04,4.77,12.6,13.9,15.7,11.3,4.51,0.241,high
8739442a5ffffff,0.0432,0.0721,0.225,1.37,3.01,3.62,10.4,11.4,12.8,8.9,3.48,0.179,high
8739442a6ffffff,0.0435,0.0725,0.226,1.41,3.19,3.78,10.9,12.1,14.3,9.85,3.64,0.18,high
8739442a8ffffff,0.0111,0.0184,0.0578,0.372,0.881,1.07,3.67,4.23,5.18,3.2,1.05,0.0462,high
8739442a9ffffff,0.0119,0.0198,0.0621,0.4,0.947,1.15,3.93,4.55,5.54,3.43,1.13,0.0496,high
8739442aaffffff,0.0271,0.0451,0.141,0.874,1.99,2.37,6.85,7.64,9.01,6.16,2.27,0.112,high
8739442abffffff,0.0101,0.0169,0.0528,0.34,0.806,0.982,3.36,3.89,4.75,2.93,0.965,0.0422,high
8739442acffffff,0.0237,0.0395,0.123,0.772,1.77,2.12,6.57,7.39,8.73,5.75,2.06,0.0984,high
8739442adffffff,0.0755,0.125,0.381,2.04,4.08,4.75,11,12.1,13.4,9.93,4.39,0.302,high
8739442aeffffff,0.0691,0.115,0.357,2.14,4.69,5.49,13.7,15,17.1,12.6,5.14,0.285,high
8739442b0ffffff,0.0401,0.0668,0.208,1.26,2.79,3.25,9.02,9.86,11.6,8.13,3.13,0.165,high
8739442b1ffffff,0.00884,0.0148,0.0462,0.298,0.703,0.849,2.94,3.36,4.15,2.56,0.841,0.0369,high
8739442b2ffffff,0.0186,0.031,0.0971,0.614,1.41,1.67,5.41,6.02,7.33,4.76,1.66,0.0774,high
8739442b3ffffff,0.0172,0.0287,0.0899,0.574,1.34,1.6,5.34,6.01,7.37,4.68,1.58,0.0717,high
8739442b4ffffff,0.0113,0.0189,0.0591,0.378,0.875,1.04,3.54,3.97,4.9,3.09,1.04,0.0471,high
8739442b5ffffff,0.0176,0.0293,0.0918,0.583,1.35,1.62,5.23,5.88,7.14,4.61,1.59,0.0732,high
8739442b6ffffff,0.0205,0.0343,0.107,0.672,1.53,1.81,5.65,6.26,7.56,5,1.78,0.0854,high
8739442c0ffffff,0.191,0.316,0.961,5.22,10.7,12.4,28,30.5,33.9,25.9,11.4,0.764,high
8739442c1ffffff,0.189,0.312,0.931,4.64,8.78,10.1,22.3,24.6,27,20.3,9.39,0.738,high
8739442c2ffffff,0.0605,0.101,0.315,1.96,4.49,5.38,15.4,17.2,20,13.9,5.12,0.251,high
8739442c4ffffff,0.107,0.177,0.53,2.7,5.18,5.94,13.3,14.7,16.3,12.1,5.54,0.421,high
8739442c5ffffff,0.113,0.187,0.563,2.95,5.79,6.73,16.4,18.3,20.3,14.7,6.37,0.447,high
8739442c6ffffff,0.0249,0.0415,0.13,0.807,1.84,2.21,6.45,7.27,8.56,5.78,2.11,0.103,high
8739442ccffffff,0.114,0.19,0.586,3.38,6.9,7.83,18.4,20.4,23.1,17.3,7.56,0.466,high
8739442cdffffff,0.11,0.183,0.564,3.24,6.63,7.52,17.8,19.8,22.5,16.8,7.29,0.448,high
8739442d4ffffff,0.0535,0.0891,0.277,1.67,3.71,4.39,11.4,12.6,14.4,10.4,4.11,0.221,high
8739442d5ffffff,0.0929,0.155,0.477,2.77,5.92,6.91,16.1,17.6,19.8,15,6.36,0.38,high
8739442e0ffffff,0.0208,0.0348,0.109,0.695,1.57,1.92,6.35,7.44,8.58,5.43,1.91,0.0869,high
8739442e1ffffff,0.0198,0.0331,0.104,0.662,1.5,1.83,6.05,7.1,8.18,5.17,1.82,0.0827,high
8739442e2ffffff,0.0425,0.0708,0.219,1.3,2.77,3.28,8.62,9.72,10.9,7.7,3.12,0.175,high
8739442e3ffffff,0.1,0.165,0.494,2.45,4.62,5.29,11.8,13.1,14.5,10.7,4.94,0.391,high
8739442e4ffffff,0.0192,0.032,0.1,0.641,1.45,1.77,5.89,6.91,7.97,5.03,1.77,0.0801,high
8739442e5ffffff,0.0167,0.0278,0.087,0.556,1.26,1.54,5.14,6.04,6.98,4.39,1.54,0.0695,high
8739442e6ffffff,0.0191,0.0318,0.0997,0.633,1.43,1.76,5.9,6.87,7.82,4.91,1.74,0.0796,high
8739442e8ffffff,0.0157,0.0262,0.0821,0.529,1.2,1.43,4.76,5.6,6.66,4.19,1.46,0.0655,high
8739442e9ffffff,0.0154,0.0256,0.0803,0.521,1.18,1.39,4.68,5.52,6.72,4.21,1.45,0.0641,high
8739442eaffffff,0.115,0.191,0.577,3.03,5.92,6.82,16.1,18,19.9,14.6,6.45,0.458,high
8739442ebffffff,0.0232,0.0387,0.121,0.758,1.67,1.94,5.76,6.65,7.89,5.28,1.97,0.0963,high
8739442ecffffff,0.0348,0.058,0.18,1.09,2.36,2.82,7.96,9.11,10.3,7,2.73,0.144,high
8739442edffffff,0.0525,0.0873,0.271,1.61,3.38,3.86,9.69,10.9,12.5,9.05,3.78,0.215,high
8739442eeffffff,0.21,0.339,0.902,3.16,5.09,5.65,11.2,12.3,13.5,10.2,5.3,0.712,high
8739442f0ffffff,0.03,0.05,0.156,0.961,2.18,2.6,7.17,7.99,9.25,6.49,2.46,0.124,high
8739442f1ffffff,0.0133,0.0223,0.0697,0.446,1.05,1.28,4.21,4.84,5.85,3.7,1.25,0.0556,high
8739442f2ffffff,0.0695,0.115,0.35,1.84,3.62,4.12,8.37,9.06,10.1,7.83,3.72,0.278,high
8739442f3ffffff,0.0094,0.0157,0.0491,0.314,0.741,0.9,2.98,3.42,4.14,2.61,0.878,0.0392,high
8739442f4ffffff,0.0137,0.0228,0.0713,0.455,1.07,1.3,4.22,4.84,5.83,3.71,1.26,0.0569,high
8739442f5ffffff,0.0122,0.0204,0.0638,0.41,0.971,1.18,4.01,4.63,5.64,3.5,1.16,0.051,high
8739442f6ffffff,0.00862,0.0144,0.0451,0.29,0.687,0.838,2.86,3.31,4.04,2.49,0.822,0.036,high
873944300ffffff,0.0161,0.027,0.0843,0.519,1.13,1.41,4.74,5.46,5.99,3.82,1.43,0.0673,high
873944301ffffff,0.0442,0.0737,0.229,1.36,2.85,3.47,9.74,10.9,11.7,8.24,3.42,0.183,high
873944302ffffff,0.0169,0.0281,0.0879,0.541,1.17,1.45,4.94,5.67,6.24,3.97,1.5,0.0702,high
873944303ffffff,0.0194,0.0324,0.101,0.624,1.35,1.69,5.66,6.51,7.13,4.55,1.72,0.0809,high
873944304ffffff,0.0192,0.032,0.1,0.617,1.34,1.65,5.47,6.36,6.98,4.49,1.69,0.0799,high
873944305ffffff,0.0142,0.0238,0.0743,0.459,1,1.25,4.15,4.84,5.32,3.4,1.27,0.0594,high
873944306ffffff,0.0153,0.0255,0.0798,0.491,1.07,1.31,4.5,5.15,5.69,3.62,1.36,0.0637,high
873944308ffffff,0.0124,0.0207,0.0647,0.399,0.87,1.09,3.7,4.27,4.69,2.96,1.11,0.0517,high
873944309ffffff,0.0152,0.0254,0.0793,0.491,1.08,1.35,4.52,5.26,5.74,3.64,1.35,0.0634,high
87394430affffff,0.0181,0.0303,0.0947,0.582,1.26,1.58,5.28,6.07,6.65,4.25,1.6,0.0756,high
87394430bffffff,0.0143,0.0239,0.0747,0.462,1.01,1.27,4.25,4.94,5.4,3.42,1.28,0.0597,high
87394430cffffff,0.0155,0.0259,0.0811,0.5,1.09,1.36,4.54,5.27,5.79,3.69,1.38,0.0647,high
87394430dffffff,0.0167,0.0279,0.087,0.535,1.16,1.45,4.69,5.43,5.94,3.85,1.46,0.0695,high
87394430effffff,0.0181,0.0301,0.0942,0.58,1.26,1.57,5.29,6.09,6.68,4.25,1.6,0.0752,high
873944310ffffff,0.0119,0.0199,0.0623,0.384,0.833,1.03,3.55,4.07,4.51,2.85,1.07,0.0497,medium
873944311ffffff,0.0158,0.0264,0.0825,0.507,1.1,1.35,4.63,5.29,5.85,3.72,1.4,0.0659,medium
873944312ffffff,0.0127,0.0213,0.0665,0.409,0.888,1.09,3.76,4.31,4.77,3.02,1.13,0.0531,high
873944313ffffff,0.0201,0.0335,0.105,0.643,1.39,1.71,5.76,6.57,7.25,4.66,1.77,0.0836,medium
873944314ffffff,0.0181,0.0302,0.0944,0.578,1.25,1.53,5.1,5.81,6.4,4.14,1.58,0.0753,medium
873944315ffffff,0.0126,0.0211,0.0659,0.406,0.881,1.09,3.75,4.3,4.75,3.01,1.13,0.0526,medium
873944316ffffff,0.0124,0.0207,0.0646,0.398,0.864,1.06,3.67,4.2,4.65,2.94,1.1,0.0516,medium
873944318ffffff,0.0194,0.0324,0.101,0.624,1.36,1.69,5.69,6.54,7.17,4.57,1.72,0.0809,high
873944319ffffff,0.0279,0.0466,0.146,0.889,1.92,2.39,7.71,8.81,9.61,6.26,2.41,0.116,high
87394431affffff,0.0335,0.0558,0.174,1.04,2.21,2.72,8.24,9.34,10.1,6.8,2.72,0.139,high
87394431bffffff,0.0255,0.0425,0.133,0.814,1.76,2.2,7.25,8.31,9.09,5.86,2.23,0.106,high
87394431cffffff,0.0211,0.0352,0.11,0.676,1.47,1.83,6.1,7,7.67,4.91,1.86,0.0878,medium
87394431dffffff,0.0241,0.0402,0.126,0.772,1.68,2.09,6.95,7.98,8.73,5.6,2.12,0.1,high
87394431effffff,0.016,0.0266,0.0833,0.512,1.11,1.38,4.69,5.39,5.92,3.77,1.42,0.0665,medium
873944320ffffff,0.0217,0.0362,0.113,0.695,1.51,1.85,6.01,6.97,7.63,4.96,1.88,0.0903,high
873944321ffffff,0.0181,0.0302,0.0944,0.581,1.26,1.57,5.11,5.93,6.5,4.2,1.59,0.0754,medium
873944322ffffff,0.0202,0.0336,0.105,0.648,1.41,1.74,5.76,6.7,7.36,4.73,1.78,0.0839,high
873944323ffffff,0.039,0.065,0.202,1.18,2.46,2.96,8.18,9.26,9.98,6.98,2.92,0.161,high
873944324ffffff,0.0223,0.0371,0.116,0.708,1.53,1.87,5.94,6.85,7.48,4.93,1.9,0.0925,high
873944325ffffff,0.0181,0.0302,0.0942,0.581,1.27,1.56,5.21,6.06,6.66,4.26,1.6,0.0752,high
873944326ffffff,0.124,0.206,0.622,3.13,5.81,6.66,14.2,15.6,16.5,12.7,6.3,0.493,high
873944328ffffff,0.0125,0.0208,0.0651,0.403,0.88,1.1,3.66,4.27,4.69,2.99,1.11,0.052,medium
873944329ffffff,0.0167,0.0279,0.0873,0.539,1.18,1.46,4.84,5.64,6.2,3.97,1.48,0.0697,medium
87394432affffff,0.02,0.0334,0.104,0.641,1.39,1.72,5.54,6.41,7.02,4.57,1.74,0.0833,medium
87394432bffffff,0.0166,0.0277,0.0866,0.534,1.16,1.45,4.74,5.51,6.04,3.89,1.46,0.0692,medium
87394432cffffff,0.0162,0.0271,0.0847,0.523,1.14,1.42,4.69,5.46,6,3.84,1.44,0.0676,medium
87394432dffffff,0.0149,0.0249,0.0777,0.48,1.05,1.3,4.31,5.02,5.51,3.53,1.32,0.062,medium
87394432effffff,0.0166,0.0277,0.0865,0.534,1.16,1.45,4.77,5.55,6.09,3.91,1.47,0.0691,medium
873944330ffffff,0.0236,0.0394,0.123,0.754,1.63,2,6.49,7.46,8.17,5.33,2.04,0.0982,high
873944331ffffff,0.0203,0.034,0.106,0.654,1.42,1.75,5.82,6.74,7.41,4.76,1.79,0.0847,high
873944332ffffff,0.0648,0.108,0.333,1.89,3.82,4.52,11.6,12.8,13.7,10,4.44,0.265,high
873944333ffffff,0.022,0.0367,0.115,0.701,1.51,1.85,6.13,6.98,7.68,4.98,1.91,0.0915,high
873944334ffffff,0.0341,0.0568,0.176,1.05,2.21,2.66,7.8,8.9,9.65,6.58,2.66,0.141,high
873944335ffffff,0.138,0.229,0.693,3.6,6.9,8.02,18.6,20.6,21.8,16.4,7.7,0.55,high
873944336ffffff,0.0372,0.062,0.192,1.13,2.36,2.82,8.27,9.26,10.1,6.94,2.85,0.153,high
873944340ffffff,0.0167,0.0279,0.0871,0.547,1.21,1.51,5.03,5.8,6.51,4.11,1.5,0.0696,high
873944341ffffff,0.0191,0.0319,0.0995,0.622,1.37,1.7,5.47,6.25,7,4.51,1.67,0.0795,high
873944342ffffff,0.0169,0.0282,0.0881,0.549,1.21,1.51,4.98,5.78,6.39,4.07,1.51,0.0704,high
873944343ffffff,0.0206,0.0343,0.107,0.675,1.5,1.86,6.15,7.08,7.96,5.05,1.84,0.0857,high
873944344ffffff,0.0161,0.0268,0.0839,0.52,1.14,1.43,4.72,5.49,6.04,3.86,1.43,0.067,high
873944345ffffff,0.0166,0.0277,0.0865,0.545,1.21,1.5,5.03,5.78,6.51,4.11,1.49,0.0692,high
873944346ffffff,0.0157,0.0262,0.0819,0.507,1.11,1.39,4.58,5.33,5.84,3.74,1.4,0.0654,high
873944348ffffff,0.0211,0.0353,0.11,0.692,1.53,1.9,6.27,7.2,8.09,5.15,1.89,0.0881,high
873944349ffffff,0.136,0.226,0.688,3.76,7.34,8.4,18.4,20.2,22,16.8,7.87,0.548,high
87394434affffff,0.0181,0.0302,0.0943,0.594,1.32,1.63,5.44,6.35,7.16,4.5,1.63,0.0754,high
87394434bffffff,0.0143,0.0239,0.0748,0.475,1.06,1.29,4.34,5.08,5.84,3.65,1.3,0.0598,high
87394434cffffff,0.0176,0.0293,0.0916,0.577,1.28,1.59,5.31,6.1,6.87,4.34,1.58,0.0732,high
87394434dffffff,0.0186,0.0311,0.0972,0.613,1.36,1.68,5.55,6.4,7.25,4.59,1.67,0.0777,high
87394434effffff,0.0203,0.0338,0.106,0.665,1.47,1.83,6.07,6.97,7.84,4.97,1.81,0.0845,high
873944350ffffff,0.0666,0.111,0.342,1.93,3.91,4.7,11.6,12.9,13.7,10,4.47,0.272,high
873944351ffffff,0.0141,0.0236,0.0737,0.457,1,1.26,4.25,4.96,5.41,3.41,1.27,0.0589,high
873944352ffffff,0.0175,0.0291,0.0911,0.564,1.24,1.55,5.18,6.04,6.58,4.18,1.55,0.0727,high
873944353ffffff,0.179,0.297,0.894,4.47,8.25,9.54,19.5,21.2,22.3,17.4,8.84,0.709,high
873944354ffffff,0.016,0.0268,0.0835,0.514,1.12,1.4,4.55,5.27,5.74,3.7,1.4,0.0667,high
873944355ffffff,0.0242,0.0404,0.126,0.761,1.63,2.03,6.09,6.97,7.53,5.06,1.99,0.1,high
873944356ffffff,0.0169,0.0281,0.0879,0.542,1.19,1.49,4.89,5.68,6.18,3.96,1.49,0.0702,high
873944358ffffff,0.0158,0.0264,0.0825,0.52,1.16,1.43,4.76,5.58,6.3,3.95,1.43,0.0659,high
873944359ffffff,0.0159,0.0265,0.0828,0.522,1.16,1.43,4.79,5.62,6.34,3.97,1.43,0.0661,high
87394435affffff,0.0177,0.0295,0.0923,0.581,1.29,1.59,5.25,6.14,6.92,4.36,1.59,0.0738,high
87394435bffffff,0.0152,0.0254,0.0794,0.501,1.12,1.38,4.62,5.43,6.14,3.83,1.38,0.0635,high
87394435cffffff,0.0142,0.0238,0.0743,0.469,1.04,1.29,4.34,5.09,5.76,3.59,1.29,0.0594,high
87394435dffffff,0.0204,0.0339,0.106,0.668,1.49,1.83,6.08,7.11,8.01,5.05,1.83,0.0848,high
87394435effffff,0.0154,0.0256,0.0801,0.503,1.12,1.39,4.64,5.44,6.09,3.82,1.39,0.064,high
873944360ffffff,0.0157,0.0262,0.0817,0.506,1.11,1.39,4.59,5.35,5.86,3.75,1.4,0.0653,medium
873944361ffffff,0.0139,0.0233,0.0727,0.458,1.02,1.27,4.26,4.91,5.53,3.48,1.26,0.0581,high
873944362ffffff,0.0176,0.0294,0.0919,0.569,1.25,1.56,5.12,5.96,6.53,4.19,1.57,0.0734,high
873944363ffffff,0.0166,0.0277,0.0866,0.542,1.2,1.49,4.96,5.74,6.39,4.06,1.49,0.0692,medium
873944364ffffff,0.0112,0.0186,0.0582,0.361,0.792,0.996,3.3,3.85,4.24,2.69,1,0.0465,medium
873944365ffffff,0.0181,0.0301,0.0939,0.576,1.25,1.55,4.75,5.44,5.99,3.96,1.52,0.075,medium
873944366ffffff,0.0151,0.0252,0.0788,0.488,1.07,1.34,4.43,5.16,5.66,3.62,1.35,0.0629,medium
873944368ffffff,0.0145,0.0242,0.0757,0.477,1.06,1.32,4.42,5.1,5.74,3.61,1.31,0.0605,medium
873944369ffffff,0.0124,0.0206,0.0645,0.406,0.904,1.12,3.79,4.38,4.94,3.09,1.12,0.0515,medium
87394436affffff,0.0204,0.0341,0.106,0.67,1.48,1.84,6.11,7.02,7.89,5.01,1.83,0.0851,high
87394436bffffff,0.0162,0.027,0.0843,0.531,1.18,1.46,4.89,5.63,6.34,4,1.45,0.0674,high
87394436cffffff,0.0129,0.0215,0.0673,0.425,0.944,1.17,3.96,4.56,5.14,3.23,1.17,0.0538,medium
87394436dffffff,0.0121,0.0202,0.0633,0.399,0.886,1.1,3.71,4.28,4.83,3.03,1.1,0.0506,medium
87394436effffff,0.0167,0.0278,0.087,0.547,1.22,1.51,5.05,5.81,6.54,4.13,1.5,0.0695,medium
873944370ffffff,0.0189,0.0315,0.0985,0.609,1.33,1.67,5.47,6.37,6.97,4.48,1.68,0.0787,medium
873944371ffffff,0.0354,0.0591,0.184,1.12,2.41,2.99,8.96,10.3,11.1,7.5,2.94,0.147,high
873944372ffffff,0.0166,0.0278,0.0868,0.537,1.18,1.48,4.81,5.6,6.13,3.94,1.48,0.0693,high
873944373ffffff,0.0279,0.0465,0.145,0.877,1.88,2.33,7.01,8.05,8.74,5.86,2.3,0.116,high
873944374ffffff,0.0174,0.0291,0.0908,0.562,1.23,1.55,5.06,5.9,6.46,4.14,1.55,0.0725,medium
873944375ffffff,0.0162,0.027,0.0845,0.523,1.15,1.44,4.72,5.5,6.03,3.86,1.44,0.0675,high
873944376ffffff,0.0197,0.0328,0.103,0.632,1.38,1.72,5.55,6.44,7.05,4.57,1.73,0.0819,medium
873944380ffffff,0.0379,0.0632,0.197,1.19,2.56,3.1,9.46,10.4,11.5,7.77,3.07,0.157,high
873944381ffffff,0.0249,0.0416,0.13,0.808,1.78,2.18,7.56,8.41,9.49,5.99,2.21,0.104,high
873944382ffffff,0.145,0.241,0.739,4.08,8.12,9.47,22.1,23.6,25.4,19.4,8.98,0.587,high
873944383ffffff,0.148,0.246,0.75,4.01,7.76,8.95,19.9,21.2,22.7,17.5,8.42,0.596,high
873944384ffffff,0.0269,0.0448,0.14,0.859,1.87,2.28,7.55,8.36,9.38,6.06,2.29,0.112,high
873944385ffffff,0.0178,0.0297,0.0929,0.578,1.28,1.57,5.54,6.18,7,4.36,1.59,0.0741,high
873944386ffffff,0.224,0.369,1.09,4.95,8.58,9.53,18.1,19.1,20.4,16.3,8.86,0.861,high
873944388ffffff,0.376,0.62,1.82,8.38,14.9,16.8,32.6,34.6,36.4,29.2,15.5,1.44,high
873944389ffffff,0.0204,0.034,0.106,0.663,1.47,1.83,6.34,7.18,7.98,5,1.82,0.0849,high
87394438affffff,0.119,0.197,0.588,2.87,5.27,6.03,13.4,14.5,15.6,11.6,5.65,0.466,high
87394438bffffff,0.1,0.166,0.505,2.68,5.21,6.08,14.1,15.3,16.3,12.2,5.68,0.401,high
87394438cffffff,0.0609,0.102,0.316,1.91,4.09,4.95,14.9,16.3,18,12.2,4.87,0.252,high
87394438dffffff,0.0369,0.0615,0.192,1.18,2.6,3.21,10.5,11.7,13,8.42,3.17,0.153,high
87394438effffff,0.0277,0.0463,0.145,0.897,1.98,2.42,8.35,9.29,10.5,6.63,2.45,0.115,high
873944390ffffff,0.0387,0.0645,0.201,1.22,2.64,3.15,9.31,10.2,11.7,8,3.12,0.16,high
873944391ffffff,0.0572,0.0952,0.295,1.72,3.61,4.28,11.7,12.7,14.1,9.97,4.15,0.235,high
873944392ffffff,0.55,0.892,2.45,9.55,16.3,18.1,34.1,36.1,39.6,32,16.8,1.93,high
873944393ffffff,0.106,0.175,0.532,2.82,5.58,6.33,14.6,15.8,18.1,13.4,5.92,0.422,high
873944394ffffff,0.357,0.587,1.71,7.92,14.3,16.1,33.4,35.4,37.7,30,15.3,1.36,high
873944395ffffff,0.103,0.171,0.527,3,6.1,7.14,17.8,19.1,20.6,15.4,6.9,0.419,high
873944396ffffff,0.0535,0.089,0.276,1.62,3.4,3.99,10.4,11.3,12.9,9.29,3.83,0.219,high
873944398ffffff,0.347,0.57,1.66,7.47,13.5,15,28.9,30.6,33.5,27.2,13.8,1.31,high
873944399ffffff,0.0191,0.0319,0.0998,0.631,1.45,1.74,5.84,6.54,7.85,4.98,1.73,0.0796,high
87394439affffff,0.215,0.354,1.04,4.98,9.51,10.7,24.2,26,29.5,22.3,10.1,0.822,high
87394439bffffff,0.023,0.0384,0.12,0.764,1.76,2.09,6.84,7.62,9.3,6,2.07,0.0959,high
87394439cffffff,0.0692,0.115,0.357,2.09,4.36,5.18,14.1,15.3,16.9,12,5.04,0.284,high
87394439dffffff,0.021,0.0351,0.11,0.682,1.5,1.84,6.43,7.17,8.1,5.09,1.87,0.0876,high
87394439effffff,0.0423,0.0705,0.22,1.38,3.11,3.67,11.1,12.2,14.5,9.86,3.59,0.175,high
8739443a0ffffff,0.0188,0.0314,0.098,0.597,1.29,1.56,5.1,5.71,6.36,4.14,1.59,0.0782,high
8739443a1ffffff,0.0154,0.0257,0.0802,0.495,1.08,1.33,4.59,5.21,5.81,3.67,1.37,0.064,high
8739443a2ffffff,0.0148,0.0246,0.0771,0.48,1.06,1.29,4.58,5.12,5.82,3.63,1.33,0.0615,high
8739443a3ffffff,0.0238,0.0397,0.124,0.753,1.63,1.98,6.34,7,7.83,5.13,1.97,0.0986,high
8739443a4ffffff,0.0269,0.0448,0.14,0.834,1.76,2.1,6.38,7.11,7.84,5.34,2.15,0.111,high
8739443a5ffffff,0.0113,0.0189,0.0591,0.364,0.791,0.974,3.38,3.87,4.29,2.71,1.01,0.0472,high
8739443a6ffffff,0.0143,0.0238,0.0745,0.463,1.01,1.23,4.34,4.87,5.53,3.47,1.28,0.0595,high
8739443a8ffffff,0.0186,0.0311,0.0972,0.604,1.33,1.63,5.72,6.39,7.21,4.52,1.66,0.0776,high
8739443a9ffffff,0.0241,0.0403,0.126,0.782,1.73,2.15,7.31,8.27,9.16,5.81,2.14,0.1,high
8739443aaffffff,0.0223,0.0371,0.116,0.72,1.59,1.94,6.71,7.47,8.42,5.32,1.97,0.0926,high
8739443abffffff,0.0278,0.0464,0.145,0.901,1.99,2.46,8.43,9.46,10.6,6.69,2.46,0.116,high
8739443acffffff,0.0174,0.029,0.0905,0.557,1.21,1.48,5.06,5.77,6.38,4.07,1.53,0.0723,high
8739443adffffff,0.0206,0.0344,0.107,0.659,1.43,1.76,5.93,6.78,7.47,4.79,1.81,0.0857,high
8739443aeffffff,0.0153,0.0256,0.0801,0.499,1.1,1.35,4.8,5.37,6.08,3.78,1.38,0.0639,high
8739443b0ffffff,0.0411,0.0685,0.213,1.26,2.65,3.14,9.2,10.1,11.2,7.69,3.13,0.17,high
8739443b1ffffff,0.0379,0.0632,0.196,1.17,2.49,2.96,8.96,9.84,11,7.44,2.98,0.157,high
8739443b2ffffff,0.0603,0.1,0.311,1.82,3.76,4.44,12.2,13.3,14.7,10.4,4.39,0.248,high
8739443b3ffffff,0.108,0.179,0.53,2.54,4.64,5.26,11.8,12.7,13.8,10.3,5.03,0.42,high
8739443b4ffffff,0.0177,0.0295,0.0924,0.574,1.26,1.53,5.38,6.02,6.84,4.3,1.58,0.0737,high
8739443b5ffffff,0.0182,0.0303,0.0948,0.588,1.29,1.56,5.46,6.1,6.93,4.38,1.61,0.0756,high
8739443b6ffffff,0.0376,0.0628,0.196,1.2,2.6,3.13,10.2,11.3,12.7,8.36,3.2,0.156,high
873944400ffffff,0.0142,0.0236,0.074,0.464,1.01,1.23,4.25,4.8,5.63,3.55,1.28,0.059,high
873944401ffffff,0.027,0.045,0.14,0.856,1.83,2.19,6.65,7.45,8.54,5.74,2.2,0.112,high
873944402ffffff,0.0132,0.0221,0.0691,0.434,0.947,1.15,4.02,4.49,5.3,3.33,1.19,0.0552,high
873944403ffffff,0.0142,0.0236,0.0739,0.463,1.01,1.22,4.16,4.63,5.44,3.47,1.26,0.059,high
873944404ffffff,0.0139,0.0231,0.0724,0.454,0.989,1.2,4.11,4.66,5.44,3.45,1.25,0.0578,high
873944405ffffff,0.0165,0.0275,0.0861,0.539,1.17,1.42,4.86,5.5,6.42,4.08,1.48,0.0687,high
873944406ffffff,0.0134,0.0223,0.0698,0.438,0.957,1.16,4.05,4.56,5.36,3.37,1.21,0.0557,high
873944408ffffff,0.0244,0.0407,0.127,0.795,1.74,2.12,6.73,7.58,8.76,5.8,2.12,0.101,medium
873944409ffffff,0.013,0.0216,0.0676,0.427,0.944,1.15,3.86,4.37,5.11,3.28,1.16,0.054,high
87394440affffff,0.00581,0.00969,0.0304,0.192,0.428,0.526,1.82,2.07,2.44,1.53,0.532,0.0242,high
87394440bffffff,0.0115,0.0192,0.06,0.38,0.843,1.04,3.54,4.01,4.72,2.99,1.05,0.0479,high
87394440cffffff,0.0339,0.0565,0.176,1.09,2.37,2.85,8.73,9.81,11.3,7.59,2.84,0.141,high
87394440dffffff,0.0483,0.0803,0.249,1.46,3.03,3.56,9.51,10.5,11.8,8.45,3.46,0.198,high
87394440effffff,0.0131,0.0218,0.0682,0.432,0.959,1.18,4.02,4.57,5.37,3.4,1.19,0.0544,medium
873944410ffffff,0.0262,0.0436,0.136,0.824,1.74,2.08,6.12,6.7,7.64,5.29,2.09,0.108,high
873944411ffffff,0.00789,0.0132,0.0412,0.259,0.567,0.691,2.45,2.74,3.25,2.02,0.717,0.0329,medium
873944412ffffff,0.0131,0.0219,0.0684,0.426,0.92,1.11,3.71,4.13,4.83,3.12,1.14,0.0546,high
873944413ffffff,0.0105,0.0175,0.0546,0.34,0.735,0.889,2.94,3.26,3.8,2.47,0.911,0.0436,high
873944414ffffff,0.0146,0.0243,0.0757,0.467,0.998,1.2,3.87,4.29,5,3.28,1.23,0.0604,medium
873944415ffffff,0.01,0.0167,0.0523,0.329,0.72,0.877,3.12,3.49,4.14,2.57,0.911,0.0417,high
873944416ffffff,0.00951,0.0159,0.0497,0.311,0.673,0.813,2.87,3.22,3.85,2.39,0.86,0.0397,medium
873944418ffffff,0.00649,0.0108,0.0339,0.213,0.469,0.573,1.97,2.21,2.61,1.65,0.585,0.027,medium
873944419ffffff,0.0045,0.00751,0.0235,0.149,0.333,0.41,1.44,1.64,1.94,1.21,0.416,0.0188,high
87394441affffff,0.0143,0.0239,0.0743,0.452,0.957,1.15,3.48,3.83,4.41,2.98,1.16,0.0593,high
87394441bffffff,0.0276,0.046,0.143,0.874,1.87,2.25,6.34,6.99,7.89,5.61,2.2,0.114,high
87394441cffffff,0.00571,0.00952,0.0298,0.188,0.41,0.5,1.77,1.99,2.35,1.46,0.519,0.0238,high
87394441dffffff,0.0133,0.0221,0.069,0.424,0.912,1.1,3.42,3.8,4.39,2.93,1.1,0.0551,high
87394441effffff,0.0137,0.0228,0.0711,0.436,0.93,1.12,3.47,3.82,4.4,2.96,1.13,0.0567,high
873944420ffffff,0.0124,0.0207,0.0647,0.406,0.885,1.07,3.7,4.2,4.91,3.1,1.12,0.0516,high
873944421ffffff,0.121,0.201,0.618,3.42,6.68,7.69,17.2,18.5,20.1,15.7,7.37,0.491,high
873944422ffffff,0.0313,0.0523,0.163,1,2.14,2.57,7.97,8.9,10.2,6.85,2.62,0.13,high
873944423ffffff,0.018,0.03,0.0938,0.586,1.27,1.54,5.2,5.88,6.85,4.38,1.6,0.0748,high
873944424ffffff,0.0115,0.0191,0.0599,0.375,0.819,0.993,3.42,3.88,4.54,2.87,1.03,0.0478,medium
873944425ffffff,0.0126,0.021,0.0657,0.411,0.895,1.08,3.69,4.18,4.88,3.1,1.13,0.0524,medium
873944426ffffff,0.0204,0.034,0.106,0.657,1.41,1.7,5.45,6.12,7.05,4.64,1.75,0.0847,high
873944428ffffff,0.0781,0.129,0.392,2.06,3.94,4.52,10.5,11.4,12.7,9.44,4.29,0.311,high
873944429ffffff,0.0465,0.0775,0.241,1.43,3.01,3.55,9.52,10.5,11.8,8.48,3.46,0.191,high
87394442affffff,0.0341,0.0568,0.177,1.08,2.3,2.74,7.96,8.89,10.1,6.98,2.71,0.141,high
87394442bffffff,0.00983,0.0164,0.0514,0.325,0.721,0.876,2.99,3.42,4,2.54,0.892,0.0409,high
87394442cffffff,0.0342,0.057,0.178,1.09,2.34,2.8,8.46,9.48,10.8,7.34,2.8,0.142,high
87394442dffffff,0.0903,0.15,0.459,2.53,5.01,5.79,13.9,15.2,16.9,12.5,5.53,0.365,high
87394442effffff,0.136,0.225,0.674,3.31,5.95,6.64,12.7,13.6,14.6,11.8,6.17,0.534,high
873944430ffffff,0.011,0.0183,0.0574,0.358,0.773,0.935,3.22,3.68,4.28,2.71,0.989,0.0458,high
873944431ffffff,0.0117,0.0196,0.0612,0.384,0.838,1.02,3.5,3.96,4.64,2.93,1.06,0.0489,high
873944432ffffff,0.0103,0.0173,0.054,0.337,0.726,0.874,3.04,3.42,4.07,2.55,0.928,0.0431,medium
873944433ffffff,0.00833,0.0139,0.0435,0.274,0.598,0.728,2.57,2.9,3.42,2.13,0.757,0.0347,medium
873944434ffffff,0.023,0.0384,0.119,0.724,1.52,1.81,5.46,6.13,6.94,4.74,1.87,0.0953,high
873944435ffffff,0.0171,0.0286,0.0892,0.553,1.19,1.44,4.69,5.28,6.11,3.98,1.48,0.0711,high
873944436ffffff,0.0123,0.0206,0.0645,0.4,0.859,1.04,3.52,4.01,4.65,2.97,1.1,0.0514,high
873944440ffffff,0.0362,0.0603,0.187,1.12,2.36,2.8,7.77,8.6,9.64,6.81,2.72,0.149,high
873944441ffffff,0.0584,0.0972,0.303,1.84,3.93,4.7,13.1,14.5,16.2,11.5,4.57,0.241,high
873944442ffffff,0.0249,0.0415,0.13,0.802,1.75,2.11,6.36,7.09,8.02,5.5,2.08,0.103,high
873944443ffffff,0.183,0.299,0.838,3.42,5.92,6.66,13.9,14.9,16.3,12.6,6.28,0.661,high
873944444ffffff,0.0182,0.0303,0.0947,0.584,1.27,1.53,4.66,5.21,5.91,4.01,1.51,0.0754,high
873944445ffffff,0.121,0.2,0.617,3.49,7.03,8.17,18.9,20.4,22.2,17.1,7.7,0.49,high
873944446ffffff,0.0689,0.115,0.355,2.07,4.28,5.02,12.4,13.5,14.8,11.1,4.79,0.282,high
873944448ffffff,0.016,0.0267,0.0837,0.528,1.18,1.45,4.78,5.47,6.32,4.04,1.44,0.0668,high
873944449ffffff,0.0512,0.0854,0.266,1.64,3.57,4.32,12.7,14.2,16,11,4.21,0.212,high
87394444affffff,0.779,1.17,2.56,7.24,11.3,12.5,22.2,23.7,25.4,20.6,11.6,2.07,high
87394444bffffff,0.0389,0.0647,0.201,1.21,2.58,3.09,8.48,9.44,10.6,7.44,2.98,0.16,high
87394444cffffff,0.0768,0.128,0.396,2.33,4.88,5.79,14.7,16.2,17.9,13.1,5.51,0.315,high
87394444dffffff,0.0307,0.0513,0.16,1.01,2.23,2.73,8.72,9.91,11.4,7.44,2.7,0.128,high
87394444effffff,0.0424,0.0705,0.219,1.31,2.79,3.35,9.33,10.4,11.7,8.15,3.23,0.175,high
873944450ffffff,0.014,0.0233,0.073,0.46,1.04,1.29,4.32,4.89,5.73,3.63,1.27,0.0583,high
873944451ffffff,0.0115,0.0191,0.0598,0.378,0.853,1.06,3.55,4.02,4.7,2.98,1.04,0.0478,high
873944452ffffff,0.00908,0.0151,0.0474,0.3,0.68,0.844,2.9,3.3,3.89,2.42,0.835,0.0379,high
873944453ffffff,0.037,0.0617,0.192,1.17,2.57,3.12,8.96,9.94,11.3,7.79,2.99,0.153,high
873944454ffffff,0.0127,0.0211,0.0662,0.419,0.931,1.14,3.85,4.38,5.1,3.26,1.15,0.0528,high
873944455ffffff,0.0222,0.0369,0.115,0.695,1.48,1.77,4.93,5.45,6.11,4.33,1.72,0.0916,high
873944456ffffff,0.0137,0.0229,0.0717,0.453,1,1.23,4.19,4.74,5.58,3.55,1.24,0.0572,high
873944458ffffff,0.126,0.208,0.611,2.75,4.75,5.29,9.57,10.2,11.1,8.85,4.79,0.483,high
873944459ffffff,0.083,0.138,0.424,2.37,4.86,5.74,13.3,14.5,16.2,12.1,5.29,0.338,high
87394445affffff,0.0204,0.0339,0.106,0.669,1.51,1.87,6.18,6.99,8.16,5.21,1.83,0.0848,high
87394445bffffff,0.0997,0.164,0.484,2.26,4.15,4.78,10.6,11.7,13.1,9.56,4.43,0.383,high
87394445cffffff,0.00847,0.0141,0.0443,0.28,0.631,0.777,2.66,3.03,3.53,2.23,0.775,0.0353,high
87394445dffffff,0.0186,0.031,0.097,0.606,1.35,1.66,5.29,5.99,6.93,4.51,1.63,0.0774,high
87394445effffff,0.032,0.0534,0.167,1.03,2.27,2.78,8.32,9.28,10.6,7.17,2.68,0.133,high
873944460ffffff,0.0273,0.0455,0.142,0.858,1.83,2.18,6.22,6.89,7.75,5.42,2.14,0.113,high
873944461ffffff,0.0137,0.0228,0.0714,0.452,1,1.22,4.17,4.72,5.46,3.5,1.24,0.0569,high
873944462ffffff,0.019,0.0316,0.0989,0.614,1.34,1.62,5.05,5.65,6.43,4.33,1.61,0.0788,high
873944463ffffff,0.0111,0.0184,0.0578,0.366,0.816,0.996,3.39,3.85,4.45,2.85,1,0.0461,high
873944464ffffff,0.00932,0.0156,0.0487,0.309,0.684,0.823,2.88,3.24,3.75,2.39,0.848,0.0388,high
873944465ffffff,0.0671,0.112,0.346,2.04,4.24,4.94,12.9,14,15.5,11.4,4.83,0.275,high
873944466ffffff,0.0152,0.0254,0.0793,0.49,1.07,1.29,3.88,4.33,4.9,3.36,1.27,0.0632,high
873944468ffffff,0.0875,0.146,0.453,2.72,5.81,6.97,18.9,20.9,23.3,16.7,6.7,0.361,high
873944469ffffff,0.0355,0.0591,0.185,1.14,2.51,3.06,9.26,10.4,11.8,7.99,3,0.147,high
87394446affffff,0.167,0.276,0.815,3.79,6.78,7.66,15.7,17,18.5,14.2,7.1,0.644,high
87394446bffffff,0.053900000000000003,0.0897,0.277,1.61,3.35,3.97,10.2,11.3,12.6,9.04,3.78,0.221,high
87394446cffffff,0.02,0.0333,0.104,0.654,1.45,1.75,5.8,6.51,7.46,4.88,1.77,0.0831,high
87394446dffffff,0.0442,0.0737,0.229,1.37,2.91,3.46,9.73,10.7,11.9,8.41,3.39,0.182,high
87394446effffff,0.0666,0.111,0.342,1.97,4.01,4.68,11.3,12.2,13.4,10.1,4.44,0.272,high
873944470ffffff,0.0236,0.0394,0.123,0.743,1.58,1.89,5.52,6.19,7.06,4.82,1.87,0.0976,high
873944471ffffff,0.113,0.188,0.573,3.06,5.85,6.66,13.5,14.4,15.5,12.5,6.15,0.455,high
873944472ffffff,0.0665,0.111,0.341,1.95,3.94,4.59,11.2,12.3,13.7,10.1,4.4,0.271,high
873944473ffffff,0.0739,0.122,0.372,1.95,3.71,4.23,9.18,9.93,10.9,8.32,3.95,0.295,high
873944474ffffff,0.0437,0.0727,0.226,1.34,2.81,3.32,8.83,9.75,10.9,7.88,3.23,0.18,high
873944475ffffff,0.101,0.168,0.519,3.04,6.25,7.32,17.6,19,20.8,16,6.98,0.413,high
873944476ffffff,0.0163,0.0272,0.0853,0.537,1.18,1.43,4.72,5.37,6.23,4.04,1.45,0.068,high
873944480ffffff,0.00461,0.00769,0.0241,0.154,0.337,0.407,1.47,1.63,2.06,1.27,0.428,0.0192,medium
873944481ffffff,0.00259,0.00432,0.0135,0.0867,0.192,0.233,0.842,0.94,1.19,0.73,0.243,0.0108,medium
873944482ffffff,0.015,0.025,0.0781,0.489,1.05,1.25,4.06,4.44,5.39,3.58,1.29,0.0623,low
873944483ffffff,0.0103,0.0173,0.054,0.342,0.75,0.904,3.04,3.36,4.15,2.67,0.927,0.0431,medium
873944484ffffff,0.00664,0.0111,0.0347,0.221,0.482,0.579,2.1,2.33,2.93,1.81,0.614,0.0277,high
873944485ffffff,0.00819,0.0137,0.0428,0.273,0.604,0.731,2.61,2.9,3.65,2.26,0.76,0.0342,high
873944486ffffff,0.00873,0.0146,0.0456,0.288,0.622,0.744,2.56,2.82,3.5,2.23,0.781,0.0364,high
873944488ffffff,0.00318,0.0053,0.0166,0.106,0.236,0.286,1.03,1.15,1.45,0.893,0.297,0.0133,high
873944489ffffff,0.0142,0.0236,0.0739,0.463,1.01,1.22,3.84,4.24,5.16,3.43,1.23,0.059,high
87394448affffff,0.00928,0.0155,0.0485,0.309,0.681,0.823,2.86,3.17,3.95,2.5,0.85,0.0387,high
87394448bffffff,0.00519,0.00865,0.0271,0.173,0.383,0.464,1.64,1.82,2.29,1.43,0.48,0.0216,high
87394448cffffff,0.00353,0.00589,0.0184,0.118,0.261,0.316,1.13,1.26,1.58,0.98,0.328,0.0147,medium
87394448dffffff,0.0065,0.0108,0.0339,0.214,0.467,0.561,1.85,2.04,2.5,1.63,0.574,0.0271,medium
87394448effffff,0.0042,0.00701,0.0219,0.14,0.309,0.374,1.32,1.46,1.84,1.15,0.387,0.0175,high
873944490ffffff,0.0153,0.0255,0.0796,0.501,1.08,1.29,4.32,4.75,5.83,3.79,1.35,0.0635,high
873944491ffffff,0.0155,0.0259,0.081,0.512,1.11,1.33,4.58,5.05,6.24,4,1.39,0.0646,high
873944492ffffff,0.0128,0.0213,0.0667,0.422,0.914,1.09,3.78,4.17,5.16,3.3,1.15,0.0532,high
873944493ffffff,0.0397,0.066,0.203,1.16,2.31,2.67,6.96,7.49,8.74,6.33,2.65,0.162,high
873944494ffffff,0.0115,0.0192,0.0601,0.376,0.805,0.959,3.13,3.43,4.18,2.76,0.996,0.0479,high
873944495ffffff,0.0103,0.0172,0.0537,0.338,0.729,0.871,2.94,3.23,3.97,2.57,0.91,0.0428,medium
873944496ffffff,0.0281,0.0469,0.146,0.906,1.92,2.28,7,7.62,9.12,6.25,2.34,0.117,high
873944498ffffff,0.00499,0.00832,0.0261,0.167,0.369,0.444,1.55,1.72,2.19,1.38,0.465,0.0208,high
873944499ffffff,0.018,0.0301,0.0941,0.592,1.29,1.55,5.05,5.56,6.8,4.48,1.59,0.0751,high
87394449affffff,0.00733,0.0122,0.0383,0.246,0.54,0.644,2.16,2.39,3.07,2.01,0.681,0.0305,high
87394449bffffff,0.0156,0.0259,0.081,0.507,1.09,1.29,3.85,4.2,5.18,3.62,1.33,0.0645,high
87394449cffffff,0.0174,0.0291,0.0907,0.565,1.21,1.45,4.55,4.98,6.02,4.05,1.48,0.0723,high
87394449dffffff,0.0241,0.0401,0.125,0.764,1.62,1.93,5.52,6,7.1,5,1.92,0.0995,high
87394449effffff,0.0271,0.0451,0.138,0.762,1.47,1.68,3.9,4.17,4.79,3.61,1.63,0.11,high
8739444a0ffffff,0.0207,0.0346,0.108,0.658,1.39,1.65,5.1,5.63,6.52,4.4,1.71,0.086,high
8739444a1ffffff,0.0128,0.0214,0.0669,0.414,0.889,1.07,3.51,3.89,4.55,2.96,1.1,0.0534,high
8739444a2ffffff,0.00717,0.012,0.0375,0.239,0.52,0.625,2.26,2.5,3.14,1.95,0.662,0.0299,high
8739444a3ffffff,0.0177,0.0296,0.0923,0.573,1.22,1.46,4.56,4.99,5.99,4.04,1.5,0.0737,high
8739444a4ffffff,0.00868,0.0145,0.0452,0.279,0.595,0.712,2.34,2.61,3.07,1.99,0.747,0.0361,medium
8739444a5ffffff,0.00722,0.0121,0.0377,0.236,0.51,0.615,2.19,2.46,2.95,1.82,0.655,0.0301,high
8739444a6ffffff,0.00805,0.0134,0.042,0.264,0.569,0.686,2.42,2.72,3.27,2.03,0.729,0.0336,high
8739444a8ffffff,0.00888,0.0148,0.0464,0.293,0.642,0.781,2.78,3.11,3.72,2.31,0.811,0.037,medium
8739444a9ffffff,0.00788,0.0131,0.0411,0.258,0.564,0.687,2.41,2.69,3.18,2,0.711,0.0328,high
8739444aaffffff,0.00565,0.00943,0.0295,0.189,0.418,0.507,1.81,2.01,2.54,1.57,0.526,0.0236,medium
8739444abffffff,0.00729,0.0122,0.0381,0.242,0.534,0.646,2.24,2.48,3.09,1.96,0.666,0.0304,medium
8739444acffffff,0.00973,0.0162,0.0508,0.32,0.698,0.85,3,3.35,3.97,2.48,0.881,0.0406,high
8739444adffffff,0.0127,0.0213,0.0665,0.417,0.909,1.1,3.82,4.26,5.02,3.17,1.14,0.0531,high
8739444aeffffff,0.00785,0.0131,0.041,0.261,0.575,0.698,2.49,2.79,3.43,2.12,0.725,0.0327,high
8739444b0ffffff,0.00616,0.0103,0.0322,0.205,0.447,0.538,1.95,2.16,2.72,1.68,0.57,0.0257,high
8739444b1ffffff,0.00592,0.00988,0.0309,0.197,0.43,0.517,1.88,2.08,2.62,1.62,0.548,0.0247,high
8739444b2ffffff,0.0104,0.0173,0.054,0.339,0.729,0.869,2.91,3.2,3.93,2.55,0.906,0.0431,high
8739444b3ffffff,0.00584,0.00974,0.0305,0.194,0.424,0.509,1.85,2.05,2.58,1.6,0.54,0.0243,high
8739444b4ffffff,0.00547,0.00912,0.0286,0.182,0.396,0.476,1.73,1.92,2.42,1.49,0.506,0.0228,high
8739444b5ffffff,0.00598,0.00998,0.0312,0.199,0.434,0.521,1.89,2.1,2.64,1.63,0.553,0.0249,high
8739444b6ffffff,0.00531,0.00887,0.0277,0.177,0.382,0.458,1.64,1.82,2.3,1.43,0.489,0.0222,high
8739444c0ffffff,0.257,0.415,1.13,4.2,6.9,7.69,14.3,15.3,17.1,13.5,7.13,0.892,high
8739444c1ffffff,0.0159,0.0264,0.0827,0.523,1.2,1.5,4.8,5.47,6.72,4.22,1.45,0.0662,high
8739444c2ffffff,0.024,0.04,0.125,0.787,1.75,2.13,6.57,7.37,8.96,5.94,2.11,0.0999,high
8739444c3ffffff,0.0546,0.0907,0.281,1.65,3.53,4.26,10.5,11.6,13.6,9.66,3.93,0.224,high
8739444c4ffffff,0.0311,0.0518,0.162,1,2.19,2.66,8.11,9.03,10.4,7.08,2.63,0.129,high
8739444c5ffffff,0.435,0.691,1.75,5.54,8.54,9.38,16.5,17.5,18.9,15.3,8.7,1.39,high
8739444c6ffffff,0.0402,0.0669,0.207,1.2,2.48,2.94,7.16,7.82,9.07,6.66,2.78,0.165,high
8739444c8ffffff,0.0341,0.0568,0.177,1.07,2.38,2.92,8.22,9.25,11.3,7.43,2.76,0.141,high
8739444c9ffffff,0.0318,0.053,0.165,1.02,2.31,2.87,8.36,9.49,11.6,7.53,2.71,0.132,high
8739444caffffff,0.019,0.0316,0.0989,0.628,1.46,1.83,5.9,6.75,8.44,5.24,1.77,0.0792,high
8739444cbffffff,0.0221,0.0368,0.115,0.728,1.69,2.11,6.68,7.63,9.5,5.95,2.03,0.0922,high
8739444ccffffff,0.031,0.0516,0.161,0.97,2.14,2.61,7.39,8.29,9.85,6.57,2.47,0.128,high
8739444cdffffff,0.0247,0.0411,0.129,0.814,1.86,2.31,7.61,8.64,10.3,6.53,2.26,0.103,high
8739444ceffffff,0.0168,0.028,0.0876,0.557,1.3,1.63,5.3,6.08,7.64,4.7,1.58,0.0701,high
8739444d0ffffff,0.0652,0.108,0.332,1.86,3.77,4.44,10.9,12,14.1,10.1,4.21,0.264,high
8739444d1ffffff,0.0399,0.0664,0.207,1.26,2.73,3.3,9.4,10.5,12.5,8.58,3.21,0.165,high
8739444d2ffffff,0.00886,0.0148,0.0463,0.297,0.672,0.829,2.82,3.2,4.01,2.51,0.833,0.037,high
8739444d3ffffff,0.116,0.192,0.59,3.34,6.76,7.93,18.5,20,22.9,17.3,7.46,0.47,high
8739444d4ffffff,0.00995,0.0166,0.052,0.332,0.75,0.924,3.09,3.51,4.37,2.76,0.926,0.0415,high
8739444d5ffffff,0.0123,0.0205,0.0641,0.41,0.925,1.14,3.81,4.32,5.37,3.4,1.14,0.0512,high
8739444d6ffffff,0.00807,0.0135,0.0422,0.27,0.612,0.755,2.56,2.92,3.65,2.28,0.758,0.0337,high
8739444d8ffffff,0.176,0.291,0.867,4.15,7.58,8.63,16,17.2,19.3,15.2,7.72,0.688,high
8739444d9ffffff,0.0119,0.0199,0.0622,0.396,0.92,1.16,3.75,4.3,5.41,3.33,1.12,0.0498,high
8739444daffffff,0.00716,0.0119,0.0373,0.238,0.549,0.686,2.24,2.56,3.21,1.99,0.668,0.0299,high
8739444dbffffff,0.0101,0.0168,0.0525,0.332,0.767,0.959,3.01,3.43,4.26,2.68,0.922,0.042,high
8739444dcffffff,0.0183,0.0305,0.0954,0.607,1.39,1.73,5.64,6.42,7.99,5.02,1.7,0.0763,high
8739444ddffffff,0.174,0.289,0.878,4.68,9.35,11,23,24.9,28.2,21.7,9.94,0.699,high
8739444deffffff,0.127,0.21,0.616,2.9,5.36,6.17,13.7,15,17.3,12.8,5.79,0.488,high
8739444e0ffffff,0.0163,0.0271,0.0845,0.518,1.12,1.35,4.03,4.49,5.17,3.5,1.33,0.0674,high
8739444e1ffffff,0.0129,0.0215,0.0673,0.422,0.939,1.15,3.74,4.22,4.91,3.18,1.14,0.0538,high
8739444e2ffffff,0.0182,0.0303,0.0943,0.576,1.23,1.49,4.29,4.76,5.42,3.76,1.46,0.0752,high
8739444e3ffffff,0.0426,0.071,0.221,1.34,2.86,3.44,9.59,10.6,11.9,8.48,3.35,0.176,high
8739444e4ffffff,0.0293,0.0489,0.152,0.904,1.9,2.26,6.05,6.65,7.48,5.37,2.19,0.121,high
8739444e5ffffff,0.0423,0.0703,0.216,1.2,2.4,2.81,6.9,7.54,8.45,6.17,2.68,0.171,high
8739444e6ffffff,0.0132,0.022,0.0688,0.425,0.92,1.12,3.37,3.76,4.32,2.93,1.1,0.0549,high
8739444e8ffffff,0.03,0.0499,0.156,0.953,2.09,2.55,7.41,8.24,9.39,6.42,2.44,0.124,high
8739444e9ffffff,0.0144,0.0239,0.075,0.475,1.08,1.34,4.56,5.19,6.1,3.82,1.32,0.0599,high
8739444eaffffff,0.0193,0.0321,0.1,0.632,1.43,1.76,5.82,6.58,7.68,4.91,1.73,0.0803,high
8739444ebffffff,0.0427,0.0708,0.215,1.14,2.22,2.58,6,6.57,7.37,5.33,2.39,0.171,high
8739444ecffffff,0.0188,0.0313,0.0979,0.613,1.38,1.7,5.46,6.14,7.12,4.64,1.66,0.0782,high
8739444edffffff,0.0106,0.0177,0.0556,0.351,0.797,0.989,3.37,3.83,4.49,2.82,0.974,0.0444,high
8739444eeffffff,0.0347,0.0578,0.18,1.07,2.28,2.73,7.17,7.87,8.84,6.34,2.58,0.143,high
8739444f0ffffff,0.0088,0.0147,0.0459,0.291,0.65,0.799,2.62,2.96,3.58,2.3,0.799,0.0367,high
8739444f1ffffff,0.16,0.266,0.811,4.36,8.44,9.73,20.1,21.5,23.6,18.9,8.99,0.644,high
8739444f2ffffff,0.0616,0.102,0.316,1.82,3.74,4.42,10.7,11.6,13.4,9.93,4.17,0.252,high
8739444f3ffffff,0.079,0.131,0.404,2.33,4.79,5.67,13.9,15.2,17.6,13,5.38,0.322,high
8739444f4ffffff,0.01,0.0167,0.0522,0.324,0.705,0.856,2.71,3.02,3.51,2.32,0.857,0.0416,high
8739444f5ffffff,0.0159,0.0266,0.0829,0.516,1.13,1.37,4.27,4.78,5.52,3.69,1.36,0.0662,medium
8739444f6ffffff,0.0147,0.0245,0.0762,0.464,0.99,1.18,3.31,3.63,4.27,2.99,1.16,0.0608,high
873944500ffffff,0.00945,0.0158,0.0493,0.308,0.663,0.804,2.7,3.11,3.61,2.32,0.849,0.0394,medium
873944501ffffff,0.0081,0.0135,0.0423,0.264,0.57,0.691,2.33,2.69,3.12,2,0.73,0.0338,medium
873944502ffffff,0.0112,0.0187,0.0586,0.365,0.784,0.948,3.22,3.69,4.28,2.73,1.01,0.0467,medium
873944503ffffff,0.00997,0.0166,0.052,0.324,0.695,0.84,2.81,3.22,3.73,2.4,0.888,0.0415,medium
873944504ffffff,0.0228,0.0381,0.119,0.735,1.57,1.89,6.02,6.86,7.85,5.22,1.98,0.0948,high
873944505ffffff,0.0106,0.0177,0.0553,0.345,0.743,0.9,3.01,3.47,4.02,2.58,0.95,0.0441,medium
873944506ffffff,0.0111,0.0185,0.0579,0.361,0.777,0.942,3.15,3.63,4.2,2.7,0.994,0.0462,medium
873944508ffffff,0.0079,0.0132,0.0413,0.259,0.567,0.689,2.36,2.71,3.13,2,0.716,0.0329,high
873944509ffffff,0.0125,0.0209,0.0654,0.406,0.876,1.06,3.39,3.84,4.38,2.91,1.08,0.0521,high
87394450affffff,0.0102,0.0171,0.0535,0.335,0.731,0.887,3.07,3.49,4.08,2.57,0.925,0.0427,medium
87394450bffffff,0.00997,0.0166,0.0521,0.327,0.713,0.865,2.98,3.39,3.95,2.5,0.899,0.0415,medium
87394450cffffff,0.00763,0.0127,0.0398,0.25,0.544,0.66,2.26,2.59,3,1.91,0.69,0.0318,medium
87394450dffffff,0.0628,0.104,0.318,1.71,3.3,3.79,8.72,9.5,10.4,7.89,3.65,0.252,high
87394450effffff,0.00897,0.015,0.0469,0.293,0.633,0.768,2.6,2.99,3.46,2.22,0.808,0.0374,medium
873944510ffffff,0.00893,0.0149,0.0467,0.29,0.621,0.747,2.59,2.95,3.43,2.18,0.803,0.0372,low
873944511ffffff,0.0102,0.0171,0.0534,0.332,0.714,0.862,2.96,3.39,3.93,2.5,0.918,0.0426,medium
873944512ffffff,0.00836,0.014,0.0437,0.271,0.577,0.693,2.41,2.74,3.19,2.03,0.751,0.0348,low
873944513ffffff,0.00984,0.0164,0.0514,0.32,0.688,0.83,2.86,3.27,3.8,2.41,0.885,0.041,low
873944514ffffff,0.0106,0.0177,0.0552,0.342,0.727,0.872,3.02,3.43,3.98,2.54,0.947,0.0441,medium
873944515ffffff,0.0105,0.0175,0.0547,0.341,0.731,0.883,3.02,3.46,4.01,2.56,0.941,0.0437,medium
873944516ffffff,0.0101,0.0169,0.0527,0.327,0.694,0.832,2.88,3.27,3.8,2.43,0.904,0.0421,low
873944518ffffff,0.00841,0.014,0.0439,0.273,0.587,0.709,2.44,2.79,3.24,2.06,0.756,0.035,medium
873944519ffffff,0.0128,0.0213,0.0667,0.416,0.899,1.09,3.68,4.17,4.85,3.1,1.14,0.0532,medium
87394451affffff,0.00798,0.0133,0.0417,0.259,0.557,0.672,2.31,2.64,3.06,1.95,0.716,0.0333,medium
87394451bffffff,0.0121,0.0202,0.0631,0.392,0.844,1.02,3.48,3.97,4.61,2.94,1.08,0.0503,medium
87394451cffffff,0.0108,0.0181,0.0565,0.352,0.755,0.912,3.13,3.58,4.15,2.64,0.971,0.0451,medium
87394451dffffff,0.00981,0.0164,0.0512,0.319,0.685,0.827,2.85,3.26,3.79,2.4,0.882,0.0409,medium
87394451effffff,0.00993,0.0166,0.0518,0.323,0.693,0.837,2.88,3.29,3.82,2.43,0.892,0.0414,medium
873944520ffffff,0.0115,0.0191,0.0598,0.372,0.799,0.966,3.19,3.65,4.22,2.74,1.02,0.0477,medium
873944521ffffff,0.0114,0.0191,0.0596,0.372,0.8,0.969,3.24,3.73,4.31,2.78,1.02,0.0476,medium
873944522ffffff,0.0119,0.0198,0.0619,0.385,0.826,1,3.31,3.8,4.39,2.84,1.05,0.0494,medium
873944523ffffff,0.0107,0.0179,0.0559,0.348,0.751,0.91,3.05,3.51,4.07,2.61,0.96,0.0446,medium
873944524ffffff,0.00893,0.0149,0.0466,0.291,0.624,0.756,2.55,2.94,3.41,2.18,0.802,0.0372,medium
873944525ffffff,0.00835,0.0139,0.0436,0.272,0.586,0.711,2.4,2.76,3.2,2.05,0.751,0.0348,medium
873944526ffffff,0.0102,0.017,0.0533,0.331,0.706,0.853,2.86,3.29,3.81,2.45,0.912,0.0425,medium
873944528ffffff,0.0091,0.0152,0.0475,0.297,0.643,0.78,2.64,3.04,3.52,2.25,0.82,0.0379,medium
873944529ffffff,0.0108,0.018,0.0564,0.354,0.773,0.938,3.19,3.65,4.21,2.7,0.973,0.045,high
87394452affffff,0.0121,0.0202,0.0633,0.393,0.845,1.02,3.38,3.88,4.48,2.91,1.08,0.0505,medium
87394452bffffff,0.0199,0.0333,0.104,0.646,1.39,1.68,5.4,6.12,6.98,4.64,1.73,0.0829,high
87394452cffffff,0.0105,0.0175,0.0547,0.341,0.734,0.89,2.98,3.43,3.97,2.56,0.939,0.0436,low
87394452dffffff,0.0102,0.0171,0.0535,0.335,0.729,0.885,3.01,3.45,3.99,2.55,0.923,0.0426,medium
87394452effffff,0.0125,0.0209,0.0653,0.406,0.873,1.06,3.5,4.02,4.64,3.01,1.11,0.0521,medium
873944530ffffff,0.0108,0.018,0.0563,0.35,0.744,0.899,3.03,3.48,4.04,2.59,0.965,0.0449,medium
873944531ffffff,0.0167,0.0278,0.0868,0.528,1.11,1.32,4.07,4.62,5.28,3.55,1.39,0.0692,medium
873944532ffffff,0.0122,0.0203,0.0636,0.394,0.838,1.01,3.42,3.91,4.54,2.92,1.09,0.0507,medium
873944533ffffff,0.0178,0.0298,0.0928,0.563,1.18,1.41,4.32,4.89,5.58,3.76,1.48,0.074,medium
873944534ffffff,0.0117,0.0196,0.0612,0.379,0.805,0.97,3.22,3.69,4.27,2.77,1.04,0.0488,medium
873944535ffffff,0.0102,0.0171,0.0533,0.33,0.703,0.848,2.83,3.25,3.76,2.43,0.908,0.0425,medium
873944536ffffff,0.0115,0.0193,0.0603,0.374,0.796,0.961,3.23,3.7,4.3,2.77,1.03,0.0481,medium
873944540ffffff,0.0225,0.0375,0.117,0.727,1.58,1.88,6.02,6.72,7.69,5.14,1.91,0.0933,high
873944541ffffff,0.0145,0.0243,0.076,0.48,1.06,1.27,4.4,4.97,5.76,3.69,1.31,0.0605,high
873944542ffffff,0.0124,0.0206,0.0646,0.408,0.901,1.09,3.76,4.25,4.93,3.15,1.12,0.0515,high
873944543ffffff,0.0134,0.0223,0.07,0.442,0.976,1.18,4.07,4.6,5.33,3.41,1.21,0.0558,high
873944544ffffff,0.0133,0.0222,0.0696,0.439,0.969,1.17,4.04,4.56,5.29,3.39,1.2,0.0554,high
873944545ffffff,0.0196,0.0326,0.102,0.643,1.41,1.7,5.73,6.44,7.43,4.83,1.74,0.0814,medium
873944546ffffff,0.0106,0.0176,0.0552,0.348,0.765,0.921,3.15,3.55,4.11,2.65,0.946,0.0439,high
873944548ffffff,0.0167,0.0279,0.0872,0.551,1.22,1.46,5.03,5.64,6.5,4.2,1.5,0.0695,high
873944549ffffff,0.0139,0.0231,0.0724,0.458,1.01,1.22,4.22,4.75,5.48,3.52,1.25,0.0577,high
87394454affffff,0.0193,0.0321,0.1,0.624,1.36,1.62,5.15,5.72,6.52,4.38,1.64,0.08,high
87394454bffffff,0.107,0.177,0.539,2.88,5.53,6.28,14.1,15.1,16.5,12.7,5.98,0.428,high
87394454cffffff,0.0436,0.0726,0.225,1.34,2.81,3.29,9.07,9.94,11.1,7.96,3.25,0.179,high
87394454dffffff,0.0183,0.0306,0.0957,0.603,1.33,1.6,5.44,6.1,7.01,4.55,1.64,0.0763,high
87394454effffff,0.0138,0.023,0.0722,0.456,1.01,1.21,4.2,4.74,5.49,3.52,1.25,0.0575,high
873944550ffffff,0.0219,0.0365,0.113,0.677,1.42,1.68,4.85,5.4,6.11,4.21,1.68,0.0904,high
873944551ffffff,0.0397,0.0662,0.207,1.27,2.72,3.22,9.67,10.7,12.1,8.38,3.23,0.164,high
873944552ffffff,0.022,0.0366,0.114,0.702,1.5,1.8,5.67,6.35,7.31,4.85,1.84,0.0911,high
873944553ffffff,0.2,0.331,0.993,4.96,9.1,10.2,20.5,21.9,23.7,19,9.55,0.786,high
873944554ffffff,0.029,0.0484,0.151,0.927,1.98,2.37,7.17,8.04,9.04,6.24,2.41,0.12,high
873944555ffffff,0.0274,0.0457,0.143,0.889,1.93,2.31,7.4,8.29,9.45,6.33,2.36,0.114,high
873944556ffffff,0.00977,0.0163,0.051,0.32,0.699,0.849,2.92,3.33,3.88,2.45,0.882,0.0407,high
873944558ffffff,0.0101,0.0168,0.0526,0.334,0.74,0.897,3.1,3.54,4.14,2.62,0.918,0.042,high
873944559ffffff,0.0347,0.0578,0.18,1.11,2.38,2.83,8.29,9.15,10.3,7.23,2.81,0.144,high
87394455affffff,0.036,0.0599,0.187,1.14,2.44,2.92,8.43,9.4,10.7,7.42,2.88,0.149,high
87394455bffffff,0.0156,0.026,0.0813,0.508,1.11,1.34,4.28,4.84,5.6,3.69,1.35,0.0648,high
87394455cffffff,0.0133,0.0221,0.0692,0.437,0.965,1.16,4.03,4.55,5.28,3.38,1.2,0.0552,high
87394455dffffff,0.0158,0.0264,0.0825,0.509,1.1,1.31,4.1,4.58,5.23,3.51,1.32,0.0657,high
87394455effffff,0.0309,0.0514,0.16,0.987,2.13,2.55,7.56,8.45,9.62,6.61,2.53,0.128,high
873944560ffffff,0.0165,0.0275,0.0861,0.54,1.18,1.42,4.77,5.44,6.21,4.06,1.47,0.0686,high
873944561ffffff,0.0204,0.034,0.106,0.666,1.45,1.75,5.81,6.62,7.54,4.96,1.81,0.0848,high
873944562ffffff,0.0109,0.0181,0.0568,0.359,0.791,0.954,3.32,3.75,4.35,2.78,0.984,0.0452,high
873944563ffffff,0.0194,0.0323,0.101,0.635,1.39,1.67,5.61,6.3,7.26,4.74,1.71,0.0806,medium
873944564ffffff,0.0192,0.032,0.1,0.625,1.35,1.64,5.43,6.22,7.07,4.64,1.7,0.0799,medium
873944565ffffff,0.037,0.0617,0.192,1.18,2.54,3.03,9.29,10.5,11.7,8.07,3.1,0.153,high
873944566ffffff,0.013,0.0217,0.068,0.425,0.926,1.12,3.8,4.36,5,3.22,1.17,0.0542,high
873944568ffffff,0.0296,0.0494,0.154,0.968,2.12,2.54,8.4,9.46,10.8,7.14,2.61,0.123,low
873944569ffffff,0.0307,0.0512,0.16,1,2.18,2.61,8.47,9.54,10.8,7.25,2.68,0.128,high
87394456affffff,0.0199,0.0332,0.104,0.655,1.44,1.73,5.92,6.66,7.7,4.98,1.78,0.0828,medium
87394456bffffff,0.0214,0.0356,0.112,0.703,1.55,1.86,6.33,7.09,8.16,5.3,1.91,0.0889,high
87394456cffffff,0.0298,0.0498,0.156,0.963,2.07,2.49,7.89,8.93,10.1,6.8,2.56,0.124,high
87394456dffffff,0.0373,0.0623,0.195,1.21,2.62,3.14,9.93,11.2,12.7,8.58,3.22,0.155,high
87394456effffff,0.0285,0.0475,0.149,0.928,2.02,2.43,7.94,8.91,10.2,6.76,2.48,0.118,medium
873944570ffffff,0.00973,0.0162,0.0508,0.318,0.694,0.842,2.85,3.25,3.75,2.41,0.872,0.0405,high
873944571ffffff,0.021,0.0351,0.109,0.674,1.45,1.73,5.31,5.95,6.74,4.59,1.75,0.0872,high
873944572ffffff,0.0418,0.0697,0.217,1.31,2.78,3.31,9.56,10.7,11.9,8.38,3.33,0.173,high
873944573ffffff,0.015,0.0251,0.0785,0.49,1.06,1.29,4.24,4.82,5.52,3.61,1.33,0.0626,high
873944574ffffff,0.00923,0.0154,0.0482,0.303,0.662,0.804,2.75,3.16,3.65,2.33,0.835,0.0385,high
873944575ffffff,0.00899,0.015,0.047,0.295,0.644,0.782,2.68,3.07,3.55,2.26,0.813,0.0374,high
873944576ffffff,0.0235,0.0391,0.122,0.751,1.61,1.93,5.97,6.72,7.61,5.16,1.97,0.0974,high
873944580ffffff,0.00608,0.0102,0.0317,0.199,0.425,0.511,1.81,2.02,2.43,1.52,0.551,0.0254,medium
873944581ffffff,0.00601,0.01,0.0314,0.197,0.423,0.51,1.81,2.03,2.44,1.51,0.546,0.0251,medium
873944582ffffff,0.00622,0.0104,0.0325,0.203,0.434,0.522,1.85,2.06,2.48,1.55,0.563,0.0259,medium
873944583ffffff,0.0101,0.0169,0.0529,0.329,0.701,0.841,2.88,3.2,3.81,2.44,0.9,0.0423,medium
873944584ffffff,0.00675,0.0113,0.0352,0.22,0.471,0.566,2,2.23,2.68,1.68,0.61,0.0281,medium
873944585ffffff,0.00692,0.0116,0.0361,0.226,0.482,0.58,2.05,2.28,2.74,1.72,0.626,0.0289,medium
873944586ffffff,0.00611,0.0102,0.0319,0.2,0.427,0.513,1.82,2.03,2.44,1.52,0.554,0.0255,medium
873944588ffffff,0.012,0.02,0.0626,0.386,0.821,0.983,3.22,3.59,4.22,2.73,1.03,0.0499,medium
873944589ffffff,0.0119,0.0198,0.0619,0.383,0.817,0.98,3.26,3.64,4.29,2.76,1.03,0.0494,medium
87394458affffff,0.00739,0.0123,0.0386,0.242,0.522,0.63,2.24,2.52,3.02,1.86,0.671,0.0308,medium
87394458bffffff,0.00751,0.0125,0.0392,0.246,0.53,0.64,2.27,2.55,3.06,1.89,0.681,0.0313,medium
87394458cffffff,0.0128,0.0213,0.0665,0.408,0.865,1.03,3.33,3.7,4.35,2.84,1.08,0.0531,medium
87394458dffffff,0.00867,0.0145,0.0453,0.283,0.612,0.738,2.61,2.93,3.52,2.18,0.785,0.0361,medium
87394458effffff,0.0427,0.0711,0.219,1.26,2.51,2.93,7.69,8.36,9.46,6.81,2.93,0.175,medium
873944590ffffff,0.00525,0.00876,0.0274,0.172,0.366,0.441,1.56,1.74,2.09,1.31,0.475,0.0219,high
873944591ffffff,0.0104,0.0173,0.054,0.332,0.699,0.834,2.71,2.99,3.53,2.32,0.884,0.0431,medium
873944592ffffff,0.00812,0.0135,0.0423,0.266,0.569,0.681,2.35,2.6,3.19,2.03,0.728,0.0338,high
873944593ffffff,0.00472,0.00789,0.0247,0.154,0.33,0.396,1.4,1.56,1.88,1.17,0.427,0.0197,medium
873944594ffffff,0.00736,0.0123,0.0384,0.239,0.506,0.607,2.07,2.29,2.74,1.75,0.65,0.0306,high
873944595ffffff,0.00633,0.0106,0.0331,0.207,0.442,0.532,1.88,2.09,2.52,1.58,0.573,0.0264,medium
873944596ffffff,0.00564,0.00941,0.0294,0.185,0.393,0.471,1.67,1.85,2.26,1.41,0.511,0.0235,medium
873944598ffffff,0.00676,0.0113,0.0353,0.221,0.475,0.572,2.03,2.27,2.72,1.69,0.613,0.0282,high
873944599ffffff,0.00708,0.0118,0.037,0.232,0.5,0.603,2.14,2.41,2.89,1.78,0.642,0.0295,medium
87394459affffff,0.00613,0.0102,0.032,0.202,0.435,0.521,1.85,2.06,2.56,1.59,0.56,0.0255,high
87394459bffffff,0.00564,0.00941,0.0295,0.186,0.403,0.485,1.74,1.95,2.38,1.47,0.516,0.0235,high
87394459cffffff,0.00703,0.0117,0.0367,0.23,0.49,0.59,2.08,2.31,2.78,1.74,0.635,0.0293,medium
87394459dffffff,0.0416,0.0692,0.213,1.21,2.41,2.8,7.17,7.76,8.74,6.38,2.8,0.17,medium
87394459effffff,0.0067,0.0112,0.035,0.219,0.467,0.562,1.98,2.21,2.65,1.66,0.606,0.0279,high
8739445a0ffffff,0.00729,0.0122,0.0381,0.236,0.502,0.602,2.1,2.38,2.77,1.76,0.655,0.0304,medium
8739445a1ffffff,0.00674,0.0113,0.0352,0.219,0.465,0.558,1.95,2.21,2.58,1.64,0.607,0.0281,medium
8739445a2ffffff,0.00741,0.0124,0.0387,0.241,0.512,0.615,2.15,2.43,2.85,1.81,0.668,0.0309,medium
8739445a3ffffff,0.00749,0.0125,0.0391,0.243,0.517,0.62,2.16,2.45,2.86,1.82,0.674,0.0312,medium
8739445a4ffffff,0.0074400000000000004,0.0124,0.0389,0.241,0.513,0.615,2.15,2.43,2.83,1.8,0.669,0.031,medium
8739445a5ffffff,0.00789,0.0132,0.0412,0.256,0.544,0.652,2.27,2.58,3,1.91,0.709,0.0329,medium
8739445a6ffffff,0.00609,0.0102,0.0318,0.198,0.42,0.504,1.77,2,2.34,1.48,0.549,0.0254,medium
8739445a8ffffff,0.0062,0.0104,0.0324,0.202,0.434,0.525,1.82,2.08,2.42,1.53,0.56,0.0258,medium
8739445a9ffffff,0.00985,0.0164,0.0514,0.32,0.688,0.831,2.86,3.28,3.8,2.41,0.886,0.041,high
8739445aaffffff,0.00641,0.0107,0.0335,0.209,0.452,0.545,1.93,2.18,2.6,1.61,0.581,0.0267,medium
8739445abffffff,0.00934,0.0156,0.0488,0.304,0.656,0.791,2.76,3.13,3.69,2.31,0.842,0.0389,medium
8739445acffffff,0.0078,0.013,0.0408,0.254,0.544,0.656,2.27,2.6,3.02,1.91,0.703,0.0325,medium
8739445adffffff,0.00964,0.0161,0.0503,0.313,0.673,0.812,2.79,3.19,3.7,2.35,0.865,0.0402,medium
8739445aeffffff,0.0075,0.0125,0.0392,0.243,0.52,0.625,2.18,2.48,2.88,1.83,0.675,0.0313,medium
8739445b0ffffff,0.00587,0.0098,0.0306,0.192,0.41,0.491,1.74,1.93,2.35,1.47,0.532,0.0245,medium
8739445b1ffffff,0.00552,0.00921,0.0288,0.18,0.386,0.464,1.65,1.83,2.21,1.38,0.5,0.023,medium
8739445b2ffffff,0.00454,0.00757,0.0237,0.149,0.317,0.379,1.35,1.5,1.84,1.15,0.412,0.0189,medium
8739445b3ffffff,0.00463,0.00774,0.0242,0.152,0.324,0.39,1.39,1.55,1.86,1.16,0.421,0.0193,medium
8739445b4ffffff,0.00591,0.00987,0.0309,0.194,0.411,0.492,1.74,1.94,2.36,1.48,0.536,0.0246,medium
8739445b5ffffff,0.00539,0.00899,0.0281,0.175,0.374,0.449,1.59,1.78,2.11,1.33,0.487,0.0225,medium
8739445b6ffffff,0.00442,0.00737,0.023,0.145,0.309,0.369,1.32,1.46,1.8,1.12,0.402,0.0184,medium
873944600ffffff,0.0743,0.124,0.385,2.36,5.28,6.38,17.1,19.3,23,16.2,6.09,0.308,high
873944601ffffff,0.0656,0.109,0.341,2.11,4.78,5.8,16.3,18.5,22.3,15.4,5.59,0.272,high
873944602ffffff,0.122,0.203,0.63,3.73,8.05,9.58,23.1,25.6,29.7,22.1,8.98,0.502,high
873944603ffffff,0.0399,0.0664,0.208,1.31,3.03,3.72,11.3,13,16,10.6,3.64,0.166,high
873944604ffffff,0.0725,0.12,0.372,2.15,4.56,5.4,12.9,14.3,16.8,12.3,5.05,0.296,high
873944605ffffff,0.113,0.187,0.579,3.37,7.19,8.54,20.8,23.1,27,19.8,8.02,0.461,high
873944606ffffff,0.025,0.0416,0.13,0.815,1.86,2.27,6.63,7.55,9.2,6.22,2.21,0.104,high
873944608ffffff,0.0589,0.0981,0.306,1.9,4.29,5.2,14.4,16.2,19.5,13.6,5,0.245,high
87394460cffffff,0.034,0.0566,0.177,1.12,2.6,3.2,9.89,11.4,14.1,9.21,3.14,0.142,high
87394460dffffff,0.016,0.0267,0.0839,0.538,1.24,1.5,4.7,5.36,6.81,4.44,1.5,0.0668,high
87394460effffff,0.0421,0.0701,0.219,1.37,3.1,3.78,10.9,12.4,15.1,10.2,3.66,0.175,high
873944610ffffff,0.0266,0.0443,0.139,0.875,2.03,2.5,7.46,8.58,10.6,6.98,2.42,0.111,high
873944611ffffff,0.0237,0.0394,0.123,0.777,1.78,2.19,6.61,7.59,9.38,6.16,2.13,0.0985,high
873944612ffffff,0.0152,0.0253,0.0789,0.496,1.18,1.49,4.1,4.74,5.77,3.87,1.38,0.0632,high
873944613ffffff,0.0415,0.0691,0.216,1.35,3.18,4.01,10.8,12.5,15,10.3,3.71,0.173,high
873944614ffffff,0.0381,0.0635,0.198,1.24,2.82,3.44,9.98,11.4,13.8,9.36,3.34,0.158,high
873944615ffffff,0.0452,0.0752,0.234,1.42,3.16,3.81,10.4,11.8,14.3,9.82,3.65,0.187,high
873944616ffffff,0.0105,0.0174,0.0546,0.345,0.798,0.984,2.99,3.45,4.27,2.78,0.957,0.0436,high
873944618ffffff,0.0106,0.0176,0.0551,0.353,0.835,1.04,3.32,3.89,4.91,3.08,1.02,0.0441,high
87394461affffff,0.0292,0.0487,0.152,0.965,2.32,2.94,8.39,9.77,12,7.9,2.75,0.122,high
87394461cffffff,0.0643,0.107,0.333,2.03,4.49,5.41,14,15.7,18.5,13.3,5.14,0.266,high
87394461dffffff,0.0419,0.0697,0.218,1.37,3.14,3.84,11.3,13,15.8,10.6,3.74,0.174,high
87394461effffff,0.0204,0.034,0.106,0.674,1.61,2.04,5.84,6.8,8.37,5.49,1.91,0.0852,high
873944620ffffff,0.0591,0.0978,0.294,1.49,2.83,3.24,7.09,7.77,9.04,6.64,3.01,0.233,high
873944621ffffff,0.00534,0.00889,0.0279,0.177,0.401,0.489,1.53,1.74,2.14,1.38,0.482,0.0222,high
873944622ffffff,0.157,0.26,0.79,4.16,8.16,9.41,19.5,21.4,24.4,18.8,8.62,0.628,high
873944623ffffff,0.00471,0.00785,0.0246,0.158,0.37,0.458,1.52,1.78,2.27,1.4,0.454,0.0197,high
873944624ffffff,0.216,0.356,1.07,5.47,10.4,11.9,23.7,25.5,28.4,22.6,10.9,0.851,high
873944625ffffff,0.00361,0.00601,0.0189,0.121,0.277,0.341,1.14,1.31,1.65,1.02,0.34,0.015,high
873944626ffffff,0.0811,0.135,0.415,2.35,4.86,5.7,12.9,14.2,16.4,12.3,5.29,0.33,high
873944628ffffff,0.0229,0.0381,0.12,0.762,1.74,2.09,6.32,7.16,9.04,6.02,2.08,0.0953,high
873944629ffffff,0.017,0.0283,0.0889,0.571,1.31,1.58,4.95,5.63,7.17,4.69,1.58,0.0708,high
87394462affffff,0.0502,0.0836,0.261,1.63,3.71,4.52,13,14.7,17.8,12.2,4.38,0.209,high
87394462bffffff,0.0171,0.0284,0.0892,0.571,1.31,1.58,4.84,5.49,6.95,4.6,1.57,0.071,high
87394462cffffff,0.0214,0.0355,0.111,0.691,1.54,1.83,5.03,5.61,6.89,4.82,1.78,0.0884,high
87394462dffffff,0.0253,0.0422,0.132,0.835,1.89,2.26,6.57,7.39,9.2,6.28,2.23,0.105,high
87394462effffff,0.0217,0.0361,0.113,0.695,1.56,1.89,5.28,5.98,7.28,4.98,1.82,0.0899,high
873944630ffffff,0.011,0.0183,0.0573,0.366,0.855,1.06,3.46,4.03,5.1,3.19,1.05,0.0458,high
873944631ffffff,0.105,0.175,0.534,2.91,5.83,6.75,13.9,15.1,17.1,13.4,6.17,0.425,high
873944632ffffff,0.211,0.349,1.06,5.55,11,12.7,26.1,28.3,31.6,25,11.6,0.839,high
873944633ffffff,0.0426,0.0708,0.22,1.3,2.82,3.37,8.3,9.23,10.8,7.9,3.17,0.175,high
873944634ffffff,0.00985,0.0164,0.0515,0.328,0.761,0.949,3.16,3.68,4.58,2.83,0.932,0.0411,high
873944635ffffff,0.0563,0.0937,0.292,1.78,3.97,4.79,13,14.6,17.5,12.3,4.58,0.233,high
873944636ffffff,0.0289,0.0481,0.15,0.922,2.06,2.53,7.33,8.31,9.92,6.64,2.42,0.12,high
873944660ffffff,0.0405,0.0674,0.211,1.33,3.1,3.65,10.3,11.5,14.1,9.83,3.55,0.168,high
873944661ffffff,0.0228,0.0379,0.119,0.761,1.8,2.13,6.42,7.24,9.08,6.1,2.11,0.0948,high
873944664ffffff,0.0384,0.0638,0.199,1.24,2.85,3.34,8.95,9.93,12,8.6,3.22,0.159,high
873944665ffffff,0.0221,0.0367,0.115,0.733,1.73,2.04,6.12,6.91,8.68,5.82,2.02,0.0917,high
873944666ffffff,0.122,0.202,0.618,3.41,7.05,8.01,17.5,19.1,22.3,17,7.44,0.49,high
87394466cffffff,0.0754,0.125,0.39,2.36,5.33,6.15,15.1,16.6,19.7,14.6,5.86,0.31,high
87394466dffffff,0.0893,0.148,0.463,2.83,6.46,7.48,18.8,20.8,24.7,18.2,7.15,0.368,high
873944674ffffff,0.107,0.177,0.541,2.99,6.1,6.99,15.4,16.8,19.6,15,6.54,0.429,high
873944675ffffff,0.027,0.045,0.14,0.873,2,2.35,6.45,7.2,8.86,6.17,2.27,0.112,high
873944676ffffff,0.0102,0.017,0.0534,0.343,0.793,0.956,3.01,3.44,4.4,2.86,0.958,0.0425,high
873944684ffffff,0.0428,0.0712,0.22,1.29,2.83,3.47,8.34,9.41,11,7.8,3.14,0.176,high
873944685ffffff,0.0059,0.00983,0.0308,0.198,0.482,0.619,1.91,2.26,2.86,1.78,0.585,0.0247,high
8739446a0ffffff,0.0148,0.0247,0.0772,0.483,1.14,1.43,4.09,4.72,5.73,3.75,1.33,0.0618,high
8739446a1ffffff,0.00442,0.00737,0.0231,0.148,0.361,0.463,1.43,1.69,2.14,1.33,0.438,0.0185,high
8739446a2ffffff,0.00798,0.0133,0.0416,0.265,0.637,0.814,2.56,3.02,3.78,2.31,0.769,0.0334,high
8739446a3ffffff,0.00508,0.00847,0.0265,0.17,0.413,0.529,1.65,1.96,2.48,1.52,0.501,0.0213,high
8739446a4ffffff,0.017,0.0283,0.0885,0.552,1.29,1.63,4.65,5.38,6.54,4.27,1.52,0.0708,high
8739446a5ffffff,0.00633,0.0105,0.033,0.21,0.505,0.646,2.02,2.38,2.98,1.83,0.61,0.0264,high
8739446a6ffffff,0.0976,0.162,0.501,2.91,6.4,7.83,18.6,20.9,24.3,17.5,7.08,0.4,high
8739446a8ffffff,0.00232,0.00386,0.0121,0.0778,0.19,0.244,0.764,0.911,1.16,0.711,0.232,0.00969,high
8739446a9ffffff,0.00489,0.00815,0.0255,0.164,0.4,0.514,1.59,1.89,2.4,1.48,0.487,0.0205,high
8739446acffffff,0.0421,0.07,0.219,1.37,3.23,4.08,10.9,12.6,15.1,10.4,3.76,0.175,high
8739446adffffff,0.0181,0.0302,0.0944,0.598,1.43,1.82,5.22,6.1,7.53,4.91,1.7,0.0756,high
8739446aeffffff,0.00572,0.00953,0.0299,0.192,0.467,0.599,1.84,2.18,2.76,1.72,0.566,0.0239,high
8739446b0ffffff,0.0472,0.0786,0.245,1.52,3.54,4.44,12.1,13.8,16.5,11.2,4.1,0.196,high
8739446b1ffffff,0.159,0.264,0.808,4.44,9.25,11.1,23.1,25.3,28.6,22,9.83,0.644,high
8739446b4ffffff,0.0981,0.163,0.505,2.96,6.52,7.97,18.5,20.6,23.8,17.4,7.18,0.403,high
8739446b5ffffff,0.0161,0.0268,0.0839,0.527,1.25,1.58,4.62,5.37,6.57,4.22,1.48,0.0672,high
873944700ffffff,0.0219,0.0365,0.114,0.714,1.59,1.94,5.96,6.74,7.93,5.23,1.9,0.091,high
873944701ffffff,0.18,0.298,0.898,4.57,8.59,9.79,19.6,21.1,23.2,18.3,8.99,0.712,high
873944702ffffff,0.0149,0.0248,0.0775,0.484,1.07,1.31,3.99,4.51,5.3,3.51,1.28,0.0618,high
873944703ffffff,0.0249,0.0414,0.13,0.808,1.79,2.19,6.67,7.54,8.86,5.86,2.15,0.103,high
873944704ffffff,0.124,0.206,0.635,3.58,7.25,8.48,19.4,21.1,23.5,17.8,7.92,0.505,high
873944705ffffff,0.0414,0.069,0.215,1.32,2.89,3.5,10,11.3,13.1,8.92,3.4,0.171,high
873944706ffffff,0.00848,0.0141,0.0443,0.279,0.625,0.766,2.46,2.81,3.35,2.14,0.758,0.0353,high
873944708ffffff,0.0271,0.0451,0.141,0.863,1.9,2.29,6.47,7.26,8.75,5.92,2.21,0.112,high
873944709ffffff,0.0136,0.0226,0.071,0.453,1.03,1.27,4.12,4.71,5.86,3.7,1.26,0.0566,high
87394470affffff,0.1,0.167,0.517,3.07,6.5,7.69,18.5,20.1,23.1,17.3,7.24,0.411,high
87394470bffffff,0.0246,0.0409,0.128,0.786,1.73,2.08,5.73,6.38,7.59,5.28,2,0.102,high
87394470cffffff,0.0732,0.122,0.378,2.23,4.72,5.59,13.6,14.9,17.2,12.7,5.27,0.301,high
87394470dffffff,0.0311,0.0519,0.162,1.02,2.29,2.79,8.35,9.41,11.4,7.6,2.73,0.129,high
87394470effffff,0.0347,0.0577,0.18,1.1,2.39,2.87,7.93,8.86,10.5,7.24,2.77,0.143,high
873944710ffffff,0.0231,0.0384,0.12,0.74,1.63,1.98,5.9,6.68,7.85,5.19,1.93,0.0956,high
873944711ffffff,0.0279,0.0465,0.145,0.895,1.96,2.38,6.94,7.79,9.07,6.14,2.32,0.116,high
873944712ffffff,0.0528,0.088,0.274,1.68,3.67,4.44,12.4,13.8,15.9,11.1,4.27,0.219,high
873944713ffffff,0.0292,0.0486,0.152,0.952,2.14,2.63,8.07,9.16,10.9,7.13,2.56,0.121,high
873944714ffffff,0.0501,0.0835,0.259,1.54,3.26,3.88,10,11,12.4,8.98,3.7,0.206,high
873944715ffffff,0.0117,0.0195,0.061,0.381,0.848,1.04,3.23,3.67,4.34,2.82,1.02,0.0486,high
873944716ffffff,0.0239,0.0398,0.124,0.761,1.66,2.01,5.97,6.73,7.65,5.16,1.96,0.0989,high
873944718ffffff,0.0833,0.139,0.432,2.6,5.55,6.64,17.2,18.9,21.5,15.6,6.33,0.344,high
873944719ffffff,0.133,0.221,0.685,4.05,8.57,10.1,24.3,26.6,30.5,22.8,9.53,0.545,high
87394471affffff,0.00933,0.0156,0.0487,0.31,0.715,0.891,2.99,3.47,4.27,2.63,0.876,0.0389,high
87394471bffffff,0.0776,0.129,0.391,2.09,4.19,4.9,11.6,12.8,14.9,10.8,4.59,0.31,high
87394471cffffff,0.0246,0.0411,0.128,0.799,1.77,2.16,6.5,7.33,8.58,5.72,2.11,0.102,high
87394471dffffff,0.0404,0.0673,0.21,1.29,2.85,3.45,9.96,11.2,13.3,8.97,3.34,0.167,high
87394471effffff,0.0217,0.0362,0.113,0.713,1.6,1.96,6.27,7.14,8.49,5.45,1.94,0.0903,high
873944720ffffff,0.294,0.471,1.23,4.21,6.8,7.51,14.7,15.5,16.8,13.3,7.13,0.972,high
873944721ffffff,0.0501,0.0835,0.261,1.61,3.51,4.2,13.3,14.6,16.5,11.1,4.23,0.208,high
873944722ffffff,0.0288,0.0479,0.149,0.896,1.91,2.28,6.47,7.12,8.09,5.59,2.22,0.119,high
873944723ffffff,0.0331,0.0551,0.172,1.07,2.36,2.85,9.16,10.2,11.7,7.71,2.86,0.137,high
873944724ffffff,0.0124,0.0207,0.0647,0.408,0.906,1.09,3.91,4.36,5.04,3.16,1.12,0.0516,high
873944725ffffff,0.00697,0.0116,0.0364,0.23,0.512,0.619,2.24,2.5,2.9,1.8,0.637,0.0291,high
873944726ffffff,0.198,0.328,0.991,5.06,9.5,10.7,22.8,24.2,26.2,20.5,10.1,0.785,high
873944728ffffff,0.0194,0.0323,0.101,0.624,1.37,1.64,5.23,5.79,6.69,4.39,1.64,0.0805,high
873944729ffffff,0.039,0.065,0.203,1.25,2.72,3.25,9.97,11,12.6,8.47,3.23,0.162,high
87394472affffff,0.0331,0.0551,0.172,1.05,2.31,2.78,7.87,8.77,10.3,7.06,2.7,0.137,high
87394472bffffff,0.0427,0.0711,0.222,1.38,3.04,3.67,10.6,11.8,14,9.56,3.58,0.177,high
87394472cffffff,0.0492,0.082,0.255,1.51,3.18,3.73,10.2,11,12.2,8.81,3.65,0.203,high
87394472dffffff,0.025,0.0416,0.13,0.794,1.72,2.06,6.15,6.75,7.7,5.25,2.03,0.103,high
87394472effffff,0.055,0.0916,0.286,1.75,3.77,4.48,13.5,14.7,16.6,11.4,4.47,0.228,high
873944730ffffff,0.0273,0.0455,0.142,0.875,1.91,2.32,6.84,7.69,8.7,5.93,2.26,0.113,high
873944731ffffff,0.0115,0.0192,0.0601,0.38,0.855,1.05,3.45,3.95,4.73,2.98,1.04,0.0479,high
873944732ffffff,0.0424,0.0707,0.221,1.35,2.93,3.55,10.2,11.4,12.9,8.91,3.45,0.176,high
873944733ffffff,0.0107,0.0179,0.0561,0.355,0.801,0.986,3.31,3.8,4.52,2.83,0.983,0.0447,high
873944734ffffff,0.126,0.208,0.618,3.02,5.67,6.54,15.1,16.5,18.2,13.5,6.16,0.489,high
873944735ffffff,0.188,0.309,0.907,4.26,7.82,8.9,19.3,20.7,22.6,17.4,8.37,0.718,high
873944736ffffff,0.0474,0.0789,0.245,1.46,3.1,3.71,9.93,11,12.3,8.76,3.55,0.195,high
873944740ffffff,0.0309,0.0514,0.161,1.01,2.26,2.7,7.75,8.64,10.5,7.27,2.65,0.128,high
873944741ffffff,0.0583,0.0972,0.303,1.87,4.13,4.9,13.7,15.1,17.9,12.5,4.76,0.241,high
873944742ffffff,0.0324,0.054,0.169,1.06,2.38,2.84,7.97,8.92,11,7.64,2.78,0.134,high
873944743ffffff,0.0417,0.0693,0.217,1.36,3.04,3.62,10.1,11.3,13.9,9.69,3.55,0.173,high
873944744ffffff,0.0704,0.117,0.362,2.11,4.38,5.11,12.2,13.2,14.9,11.2,4.82,0.288,high
873944745ffffff,0.0719,0.12,0.373,2.26,4.87,5.77,15.5,16.9,19.5,14,5.56,0.297,high
873944746ffffff,0.0334,0.0555,0.172,1.01,2.13,2.49,6.17,6.76,7.99,5.79,2.37,0.137,high
873944748ffffff,0.0101,0.0168,0.0527,0.338,0.795,0.945,2.96,3.35,4.2,2.76,0.939,0.042,high
873944749ffffff,0.0158,0.0263,0.0824,0.525,1.23,1.46,4.47,5.03,6.25,4.17,1.44,0.0656,high
87394474affffff,0.0037200000000000002,0.00619,0.0195,0.127,0.306,0.366,1.23,1.41,1.84,1.15,0.369,0.0155,high
87394474bffffff,0.0185,0.0307,0.0962,0.607,1.41,1.66,4.77,5.35,6.64,4.55,1.63,0.0766,high
87394474cffffff,0.0218,0.0364,0.114,0.724,1.67,1.99,6.55,7.31,8.94,5.75,1.97,0.0908,high
87394474dffffff,0.00927,0.0155,0.0484,0.307,0.708,0.841,2.76,3.08,3.77,2.42,0.835,0.0386,high
87394474effffff,0.0418,0.0694,0.217,1.34,3.01,3.54,9.37,10.4,12.6,9.02,3.42,0.173,high
873944750ffffff,0.00874,0.0146,0.0458,0.295,0.684,0.827,2.67,3.05,3.93,2.52,0.832,0.0364,high
873944751ffffff,0.0474,0.0788,0.246,1.53,3.4,4.03,10.9,12.1,14.6,10.4,3.92,0.196,high
873944752ffffff,0.0108,0.018,0.0565,0.361,0.825,1,3.2,3.65,4.56,2.93,0.999,0.045,high
873944753ffffff,0.0177,0.0294,0.0924,0.593,1.37,1.65,5.14,5.85,7.46,4.88,1.65,0.0736,high
873944754ffffff,0.00644,0.0107,0.0337,0.217,0.499,0.61,2.02,2.32,2.95,1.84,0.61,0.0269,high
873944755ffffff,0.0298,0.0495,0.155,0.962,2.14,2.54,6.93,7.72,9.42,6.66,2.48,0.123,high
873944756ffffff,0.0101,0.0168,0.0527,0.337,0.769,0.944,3.08,3.53,4.4,2.77,0.938,0.042,high
873944758ffffff,0.0265,0.0441,0.138,0.853,1.89,2.24,5.92,6.56,7.92,5.7,2.17,0.11,high
873944759ffffff,0.0193,0.0321,0.1,0.638,1.49,1.76,5.21,5.87,7.35,4.96,1.74,0.08,high
87394475affffff,0.00665,0.0111,0.0348,0.224,0.52,0.629,2.02,2.32,2.99,1.91,0.633,0.0277,high
87394475bffffff,0.0197,0.0327,0.102,0.647,1.51,1.78,5.13,5.76,7.14,4.89,1.74,0.0816,high
87394475cffffff,0.00792,0.0132,0.0414,0.268,0.623,0.753,2.46,2.82,3.66,2.32,0.76,0.033,high
87394475dffffff,0.0967,0.161,0.499,2.95,6.28,7.31,17,18.6,21.7,16.6,6.91,0.396,high
87394475effffff,0.00271,0.00451,0.0142,0.0919,0.214,0.26,0.868,1,1.31,0.817,0.263,0.0113,high
873944760ffffff,0.299,0.49,1.41,6.24,11.2,12.7,26.4,28.2,31.4,24.5,11.9,1.11,high
873944761ffffff,0.324,0.536,1.63,8.37,15.7,17.6,32.2,33.8,36.6,30.6,16,1.29,high
873944762ffffff,0.221,0.365,1.1,5.61,10.6,11.9,24.1,25.7,28.4,22.5,11,0.872,high
873944763ffffff,0.0739,0.123,0.378,2.14,4.37,5.07,12.1,13.1,15,11.1,4.79,0.3,high
873944764ffffff,0.885,1.42,3.71,12.1,18.2,19.6,31.2,32.6,35.1,29.7,18.1,2.93,high
873944765ffffff,0.078,0.13,0.4,2.28,4.67,5.43,13.2,14.4,16.5,12,5.14,0.318,high
873944766ffffff,0.0159,0.0266,0.0831,0.523,1.17,1.41,4.66,5.21,6.22,3.97,1.41,0.0663,high
873944768ffffff,0.231,0.382,1.14,5.59,10.6,11.9,24.4,26,29.1,22.8,10.9,0.9,high
873944769ffffff,0.108,0.18,0.558,3.34,7.24,8.4,21.5,23.3,26.8,19.7,7.99,0.444,high
87394476affffff,0.0491,0.0818,0.255,1.56,3.43,4.06,11.6,12.7,15,10.4,3.94,0.203,high
87394476bffffff,0.0319,0.0532,0.166,1.05,2.41,2.85,9.08,10.1,12.2,8.02,2.82,0.133,high
87394476cffffff,0.151,0.25,0.759,4.04,7.93,9.08,20.6,22.2,25.1,18.9,8.51,0.602,high
87394476dffffff,0.369,0.599,1.64,6.13,10.1,11,20.3,21.5,24,19,10.2,1.29,high
87394476effffff,0.0975,0.162,0.497,2.78,5.61,6.5,15.2,16.4,18.5,13.9,6.11,0.395,high
873944770ffffff,0.00982,0.0164,0.0512,0.322,0.718,0.868,2.9,3.25,3.83,2.44,0.873,0.0409,high
873944771ffffff,0.031,0.0517,0.162,1.02,2.27,2.73,8.48,9.43,11.2,7.44,2.7,0.129,high
873944772ffffff,0.0168,0.028,0.0879,0.56,1.27,1.56,5,5.71,7.07,4.5,1.55,0.0701,high
873944773ffffff,0.00848,0.0141,0.0444,0.285,0.658,0.798,2.62,3,3.82,2.42,0.803,0.0353,high
873944774ffffff,0.0164,0.0273,0.0851,0.524,1.15,1.37,4.24,4.67,5.37,3.59,1.36,0.0678,high
873944775ffffff,0.028,0.0466,0.145,0.895,1.96,2.34,7.03,7.76,9.01,6.09,2.31,0.116,high
873944776ffffff,0.0517,0.0861,0.268,1.63,3.54,4.22,12.2,13.4,15.6,10.7,4.13,0.214,high
873944780ffffff,0.283,0.467,1.39,6.69,12.3,14.1,27.3,29.2,31.8,25.4,12.8,1.1,high
873944781ffffff,0.0102,0.0169,0.0531,0.337,0.782,0.977,3.27,3.8,4.7,2.89,0.957,0.0424,high
873944782ffffff,0.0216,0.0361,0.113,0.712,1.64,2.06,6.78,7.8,9.42,5.84,1.99,0.0903,high
873944783ffffff,0.091,0.151,0.462,2.51,5.03,5.9,12.9,14.2,16.1,12,5.38,0.367,high
873944784ffffff,0.0666,0.111,0.34,1.92,4,4.77,12,13.2,14.9,10.7,4.45,0.271,high
873944785ffffff,0.171,0.282,0.847,4.32,8.44,9.87,21.9,24,27.1,20.3,9.08,0.672,high
873944786ffffff,0.0365,0.0608,0.188,1.1,2.36,2.86,7.9,8.86,10.3,6.92,2.7,0.15,high
873944788ffffff,0.0201,0.0336,0.105,0.653,1.48,1.83,5.47,6.22,7.46,4.94,1.76,0.0838,high
873944789ffffff,0.0412,0.0685,0.213,1.27,2.78,3.36,8.78,9.81,11.5,8.1,3.16,0.17,high
87394478affffff,0.0201,0.0334,0.104,0.65,1.52,1.91,5.4,6.23,7.54,4.96,1.78,0.0835,high
87394478bffffff,0.128,0.213,0.652,3.56,7.2,8.45,17.6,19.2,21.6,16.7,7.64,0.519,high
87394478cffffff,0.0776,0.129,0.403,2.46,5.46,6.66,17.8,19.9,23.1,16.4,6.29,0.322,high
87394478dffffff,0.0414,0.0689,0.214,1.27,2.77,3.35,9.04,10.2,12,8.27,3.17,0.17,high
87394478effffff,0.0478,0.0794,0.246,1.46,3.16,3.82,9.88,11,12.8,9.1,3.58,0.197,high
873944790ffffff,0.0218,0.0364,0.114,0.72,1.7,2.15,6.84,7.94,9.84,6.06,2.04,0.0912,high
873944791ffffff,0.136,0.225,0.692,3.9,8.22,9.87,21.8,23.9,27,20.4,8.89,0.553,high
873944792ffffff,0.0174,0.029,0.0909,0.575,1.36,1.72,5.55,6.47,8.05,4.91,1.64,0.0728,high
873944793ffffff,0.0165,0.0276,0.0863,0.546,1.29,1.64,5.29,6.16,7.68,4.67,1.56,0.0691,high
873944794ffffff,0.0221,0.0368,0.115,0.728,1.71,2.17,6.9,8.01,9.9,6.11,2.07,0.0924,high
873944795ffffff,0.523,0.839,2.21,7.38,11.7,13,21.9,23.4,25.6,20.8,11.8,1.75,high
873944796ffffff,0.0191,0.0318,0.0995,0.629,1.48,1.88,6.05,7.03,8.74,5.35,1.79,0.0797,high
873944798ffffff,0.0272,0.0452,0.141,0.862,1.98,2.47,6.62,7.58,9.1,6.11,2.28,0.113,high
873944799ffffff,0.00988,0.0165,0.0515,0.327,0.783,0.998,3.08,3.62,4.51,2.79,0.941,0.0413,high
87394479affffff,0.00849,0.0142,0.0443,0.282,0.673,0.858,2.78,3.27,4.11,2.47,0.817,0.0355,high
87394479bffffff,0.0198,0.033,0.103,0.644,1.52,1.92,5.5,6.37,7.76,5.04,1.78,0.0825,high
87394479cffffff,0.0342,0.0569,0.177,1.08,2.47,3.08,8.55,9.74,11.7,7.77,2.86,0.142,high
87394479dffffff,0.0408,0.0679,0.212,1.31,3.06,3.84,10.5,12,14.3,9.67,3.55,0.17,high
87394479effffff,0.0148,0.0247,0.0772,0.489,1.15,1.47,4.74,5.52,6.88,4.18,1.4,0.0618,high
8739447a0ffffff,0.17,0.282,0.865,4.78,9.61,11.2,23.6,25.4,27.7,21.9,10.2,0.689,high
8739447a1ffffff,0.185,0.306,0.931,4.87,9.4,10.8,21.1,22.6,24.6,19.8,9.76,0.74,high
8739447a2ffffff,0.0368,0.0613,0.191,1.15,2.51,3.05,8.36,9.29,10.6,7.39,2.88,0.152,high
8739447a3ffffff,0.0544,0.0906,0.282,1.71,3.75,4.58,12.6,14,16,11.2,4.33,0.225,high
8739447a4ffffff,0.0363,0.0604,0.188,1.14,2.48,3.01,8.65,9.69,11.1,7.55,2.89,0.15,high
8739447a5ffffff,0.0203,0.0339,0.105,0.639,1.4,1.71,4.98,5.61,6.49,4.32,1.63,0.0841,high
8739447a6ffffff,0.0366,0.0611,0.19,1.17,2.59,3.18,9.3,10.4,12.1,8.12,3.03,0.152,high
8739447a8ffffff,0.103,0.171,0.522,2.85,5.76,6.77,14.8,16.1,18.2,13.9,6.19,0.415,high
8739447a9ffffff,0.126,0.209,0.642,3.58,7.32,8.63,19,20.7,23.3,17.9,7.91,0.511,high
8739447aaffffff,0.0409,0.0681,0.212,1.29,2.88,3.52,9.72,10.9,12.9,8.89,3.33,0.169,high
8739447abffffff,0.0345,0.0575,0.18,1.13,2.56,3.17,9.61,10.9,13.1,8.67,3.06,0.144,high
8739447acffffff,0.0353,0.0588,0.183,1.12,2.48,3.04,8.38,9.42,11.1,7.67,2.88,0.146,high
8739447adffffff,0.0237,0.0395,0.124,0.773,1.76,2.18,6.69,7.65,9.22,6.02,2.11,0.0987,high
8739447aeffffff,0.0565,0.094,0.292,1.75,3.82,4.63,11.8,13,15,10.9,4.33,0.233,high
8739447b0ffffff,0.0372,0.0619,0.192,1.13,2.44,2.95,8.28,9.3,10.8,7.24,2.8,0.153,high
8739447b1ffffff,0.0418,0.0696,0.217,1.3,2.84,3.47,9.88,11.1,12.8,8.65,3.29,0.173,high
8739447b2ffffff,0.0484,0.0805,0.249,1.45,3.1,3.75,10.1,11.3,13.1,8.97,3.53,0.199,high
8739447b3ffffff,0.138,0.229,0.7,3.8,7.6,8.9,19.7,21.3,23.7,17.9,8.15,0.557,high
8739447b4ffffff,0.0315,0.0525,0.163,0.997,2.19,2.67,7.79,8.7,10,6.77,2.56,0.13,high
8739447b5ffffff,0.0129,0.0215,0.0674,0.426,0.976,1.22,4.17,4.8,5.75,3.52,1.19,0.0538,high
8739447b6ffffff,0.0192,0.0319,0.1,0.633,1.44,1.78,6.06,6.89,8.1,5.07,1.75,0.0799,high
873944800ffffff,0.0112,0.0187,0.0583,0.355,0.749,0.865,2.85,3.35,3.89,2.56,0.99,0.0466,medium
873944801ffffff,0.0127,0.0213,0.0664,0.404,0.848,0.974,3.16,3.72,4.33,2.89,1.12,0.0531,medium
873944802ffffff,0.0123,0.0206,0.0643,0.393,0.833,0.973,3.27,3.84,4.4,2.83,1.09,0.0514,medium
873944803ffffff,0.0138,0.0231,0.0722,0.441,0.935,1.09,3.65,4.29,4.92,3.17,1.22,0.0577,high
873944804ffffff,0.0108,0.018,0.0562,0.342,0.716,0.82,2.65,3.12,3.65,2.45,0.953,0.0449,medium
873944805ffffff,0.011,0.0183,0.0572,0.348,0.728,0.834,2.7,3.18,3.71,2.49,0.969,0.0457,medium
873944806ffffff,0.0104,0.0174,0.0544,0.332,0.7,0.812,2.69,3.16,3.64,2.38,0.921,0.0435,medium
873944808ffffff,0.0406,0.0675,0.208,1.15,2.27,2.6,6.85,7.83,8.6,6.13,2.71,0.165,high
873944809ffffff,0.0132,0.0221,0.0689,0.421,0.895,1.06,3.5,4.14,4.68,3.04,1.17,0.0551,medium
87394480affffff,0.0191,0.032,0.0998,0.608,1.29,1.53,5.03,5.93,6.67,4.33,1.67,0.0797,high
87394480bffffff,0.0161,0.0269,0.0839,0.512,1.09,1.29,4.26,5.03,5.64,3.65,1.41,0.0671,medium
87394480cffffff,0.0153,0.0256,0.0799,0.486,1.02,1.18,3.79,4.46,5.14,3.45,1.35,0.0639,high
87394480dffffff,0.0122,0.0203,0.0635,0.386,0.815,0.957,3.1,3.66,4.17,2.76,1.07,0.0508,medium
87394480effffff,0.017,0.0284,0.0886,0.54,1.14,1.33,4.43,5.2,5.94,3.86,1.49,0.0708,high
873944810ffffff,0.0105,0.0175,0.0548,0.334,0.706,0.818,2.73,3.21,3.72,2.41,0.93,0.0438,medium
873944811ffffff,0.0112,0.0187,0.0584,0.357,0.758,0.885,2.98,3.51,4.02,2.59,0.992,0.0467,medium
873944812ffffff,0.00983,0.0164,0.0513,0.313,0.661,0.764,2.56,3,3.49,2.26,0.872,0.041,medium
873944813ffffff,0.0112,0.0187,0.0584,0.356,0.757,0.882,2.97,3.49,4.01,2.58,0.991,0.0466,medium
873944814ffffff,0.00769,0.0128,0.0401,0.245,0.518,0.599,2.01,2.37,2.75,1.78,0.684,0.032,medium
873944815ffffff,0.00998,0.0167,0.052,0.318,0.674,0.785,2.64,3.11,3.57,2.3,0.884,0.0416,medium
873944816ffffff,0.00794,0.0133,0.0414,0.253,0.534,0.618,2.07,2.44,2.83,1.83,0.705,0.0331,medium
873944818ffffff,0.0264,0.0441,0.138,0.832,1.75,2.03,6.47,7.53,8.53,5.68,2.25,0.11,high
873944819ffffff,0.402,0.665,1.98,9.4,16.6,18.2,35,37.9,40.1,33,17.9,1.57,high
87394481affffff,0.0206,0.0344,0.107,0.65,1.37,1.59,5.1,5.95,6.75,4.47,1.76,0.0858,medium
87394481bffffff,0.0352,0.0587,0.183,1.09,2.28,2.64,8.06,9.31,10.5,7.14,2.89,0.146,high
87394481cffffff,0.014,0.0235,0.0732,0.447,0.948,1.11,3.7,4.34,4.97,3.21,1.24,0.0585,medium
87394481dffffff,0.0181,0.0302,0.0941,0.573,1.21,1.42,4.69,5.5,6.27,4.08,1.58,0.0752,high
87394481effffff,0.0129,0.0216,0.0675,0.412,0.874,1.02,3.42,4.02,4.61,2.97,1.14,0.053900000000000003,medium
873944820ffffff,0.00638,0.0107,0.0333,0.203,0.425,0.488,1.59,1.88,2.21,1.47,0.568,0.0266,low
873944821ffffff,0.00871,0.0145,0.0454,0.277,0.579,0.665,2.16,2.54,2.98,1.99,0.773,0.0363,low
873944822ffffff,0.00865,0.0144,0.0451,0.274,0.574,0.654,2.12,2.5,2.93,1.97,0.766,0.036,medium
873944823ffffff,0.00876,0.0146,0.0457,0.278,0.583,0.668,2.17,2.56,3,2,0.777,0.0365,medium
873944824ffffff,0.00883,0.0147,0.046,0.28,0.583,0.66,2.12,2.49,2.94,1.99,0.778,0.0368,medium
873944825ffffff,0.00774,0.0129,0.0404,0.246,0.515,0.591,1.92,2.27,2.65,1.77,0.687,0.0323,medium
873944826ffffff,0.00623,0.0104,0.0325,0.198,0.412,0.464,1.5,1.77,2.12,1.43,0.555,0.026,medium
873944828ffffff,0.0103,0.0171,0.0534,0.325,0.681,0.784,2.54,2.99,3.48,2.33,0.906,0.0427,low
873944829ffffff,0.0115,0.0192,0.0599,0.365,0.77,0.904,2.94,3.48,3.97,2.62,1.02,0.0479,medium
87394482affffff,0.011,0.0184,0.0574,0.349,0.731,0.838,2.71,3.19,3.73,2.5,0.973,0.0459,medium
87394482bffffff,0.0127,0.0212,0.0662,0.403,0.847,0.99,3.2,3.78,4.33,2.88,1.12,0.0529,medium
87394482cffffff,0.00995,0.0166,0.0519,0.316,0.661,0.758,2.45,2.89,3.38,2.27,0.881,0.0415,low
87394482dffffff,0.00852,0.0142,0.0444,0.271,0.57,0.664,2.17,2.56,2.96,1.96,0.756,0.0355,medium
87394482effffff,0.00867,0.0145,0.0452,0.275,0.576,0.661,2.14,2.53,2.95,1.98,0.768,0.0361,low
873944830ffffff,0.00664,0.0111,0.0346,0.211,0.44,0.495,1.6,1.9,2.26,1.52,0.591,0.0277,medium
873944831ffffff,0.00787,0.0131,0.041,0.25,0.521,0.591,1.91,2.26,2.67,1.8,0.699,0.0328,medium
873944832ffffff,0.00769,0.0128,0.0401,0.245,0.517,0.599,2.01,2.36,2.75,1.78,0.684,0.0321,medium
873944833ffffff,0.00787,0.0131,0.041,0.25,0.528,0.608,2.03,2.39,2.78,1.81,0.699,0.0328,medium
873944834ffffff,0.00562,0.00938,0.0293,0.179,0.372,0.418,1.36,1.6,1.91,1.29,0.501,0.0234,low
873944835ffffff,0.00667,0.0111,0.0348,0.212,0.441,0.496,1.6,1.9,2.26,1.53,0.593,0.0278,medium
873944836ffffff,0.00595,0.00994,0.031,0.189,0.395,0.448,1.46,1.73,2.05,1.37,0.53,0.0248,medium
873944840ffffff,0.0109,0.0182,0.0567,0.346,0.736,0.887,2.9,3.46,3.85,2.5,0.963,0.0453,medium
873944841ffffff,0.00994,0.0166,0.0518,0.316,0.672,0.811,2.66,3.16,3.52,2.29,0.88,0.0414,low
873944842ffffff,0.0112,0.0188,0.0586,0.358,0.761,0.917,3,3.57,3.98,2.59,0.996,0.0469,medium
873944843ffffff,0.0107,0.0179,0.0559,0.341,0.726,0.875,2.87,3.41,3.8,2.47,0.95,0.0447,low
873944844ffffff,0.0109,0.0183,0.057,0.348,0.74,0.892,2.92,3.47,3.87,2.51,0.968,0.0456,medium
873944845ffffff,0.0102,0.017,0.0529,0.323,0.687,0.829,2.72,3.23,3.6,2.34,0.9,0.0423,medium
873944846ffffff,0.0104,0.0174,0.0544,0.332,0.705,0.847,2.77,3.3,3.69,2.4,0.924,0.0435,medium
873944848ffffff,0.0107,0.0178,0.0556,0.34,0.724,0.886,2.87,3.43,3.78,2.46,0.945,0.0445,medium
873944849ffffff,0.0107,0.0178,0.0557,0.34,0.725,0.888,2.88,3.44,3.79,2.46,0.947,0.0445,medium
87394484affffff,0.0132,0.0221,0.0689,0.42,0.895,1.09,3.53,4.21,4.64,3.02,1.17,0.0551,high
87394484bffffff,0.0123,0.0205,0.0641,0.391,0.832,1.02,3.27,3.91,4.3,2.81,1.08,0.0512,high
87394484cffffff,0.00935,0.0156,0.0488,0.298,0.634,0.769,2.52,3,3.33,2.16,0.83,0.039,low
87394484dffffff,0.00982,0.0164,0.0512,0.313,0.666,0.816,2.65,3.17,3.49,2.27,0.871,0.0409,medium
87394484effffff,0.0101,0.0169,0.0527,0.322,0.684,0.825,2.71,3.22,3.59,2.33,0.896,0.0421,low
873944850ffffff,0.0165,0.0276,0.0861,0.525,1.12,1.33,4.35,5.14,5.76,3.73,1.44,0.0688,medium
873944851ffffff,0.0132,0.0221,0.0691,0.423,0.909,1.1,3.65,4.36,4.81,3.08,1.17,0.0552,medium
873944852ffffff,0.0174,0.0291,0.0908,0.554,1.18,1.4,4.61,5.44,6.1,3.94,1.52,0.0726,medium
873944853ffffff,0.0141,0.0236,0.0736,0.451,0.968,1.16,3.88,4.61,5.11,3.27,1.24,0.0588,medium
873944854ffffff,0.0124,0.0207,0.0647,0.395,0.836,0.986,3.24,3.83,4.35,2.85,1.1,0.0517,low
873944855ffffff,0.0118,0.0197,0.0615,0.375,0.794,0.944,3.08,3.65,4.12,2.7,1.04,0.0492,medium
873944856ffffff,0.0138,0.023,0.0717,0.439,0.938,1.11,3.73,4.42,4.97,3.18,1.22,0.0573,low
873944858ffffff,0.0118,0.0197,0.0614,0.377,0.813,0.983,3.3,3.94,4.34,2.76,1.04,0.0491,medium
873944859ffffff,0.0125,0.0209,0.0652,0.4,0.863,1.05,3.49,4.17,4.58,2.92,1.1,0.0521,medium
87394485affffff,0.0135,0.0226,0.0705,0.432,0.932,1.13,3.76,4.49,4.94,3.15,1.19,0.0563,medium
87394485bffffff,0.0121,0.0202,0.0631,0.387,0.835,1.01,3.38,4.04,4.45,2.83,1.07,0.0504,medium
87394485cffffff,0.0125,0.0209,0.0653,0.4,0.856,1.03,3.41,4.07,4.5,2.89,1.11,0.0522,medium
87394485dffffff,0.013,0.0216,0.0675,0.413,0.881,1.06,3.49,4.15,4.6,2.98,1.14,0.054,medium
87394485effffff,0.0148,0.0247,0.0771,0.472,1.02,1.23,4.05,4.83,5.31,3.4,1.3,0.0616,medium
873944860ffffff,0.0131,0.0219,0.0683,0.414,0.873,1.05,3.3,3.9,4.32,2.87,1.13,0.0546,medium
873944861ffffff,0.00884,0.0148,0.0461,0.281,0.597,0.719,2.35,2.8,3.12,2.03,0.783,0.0368,medium
873944862ffffff,0.00904,0.0151,0.0471,0.288,0.61,0.729,2.39,2.84,3.2,2.08,0.802,0.0377,medium
873944863ffffff,0.00878,0.0147,0.0458,0.279,0.595,0.717,2.36,2.81,3.13,2.03,0.779,0.0366,medium
873944864ffffff,0.00743,0.0124,0.0388,0.236,0.498,0.592,1.91,2.27,2.58,1.71,0.661,0.031,medium
873944865ffffff,0.00947,0.0158,0.0494,0.3,0.632,0.756,2.39,2.84,3.2,2.15,0.835,0.0395,low
873944866ffffff,0.00936,0.0156,0.0488,0.297,0.627,0.736,2.39,2.83,3.23,2.13,0.826,0.039,medium
873944868ffffff,0.00792,0.0132,0.0413,0.252,0.537,0.648,2.13,2.54,2.83,1.83,0.704,0.033,medium
873944869ffffff,0.00822,0.0137,0.0429,0.262,0.559,0.685,2.23,2.67,2.94,1.9,0.731,0.0343,medium
87394486affffff,0.0088,0.0147,0.0459,0.28,0.596,0.719,2.36,2.82,3.14,2.04,0.781,0.0367,low
87394486bffffff,0.0102,0.017,0.0531,0.324,0.69,0.841,2.73,3.26,3.6,2.34,0.902,0.0424,low
87394486cffffff,0.00834,0.0139,0.0435,0.265,0.563,0.677,2.2,2.63,2.94,1.92,0.74,0.0347,medium
87394486dffffff,0.00811,0.0135,0.0423,0.258,0.545,0.656,2.1,2.51,2.82,1.87,0.72,0.0338,medium
87394486effffff,0.00847,0.0141,0.0442,0.27,0.574,0.693,2.28,2.71,3.02,1.96,0.752,0.0353,medium
873944870ffffff,0.011,0.0184,0.0576,0.351,0.74,0.87,2.84,3.35,3.83,2.52,0.977,0.046,low
873944871ffffff,0.0113,0.0189,0.0591,0.36,0.761,0.898,2.93,3.46,3.93,2.59,1,0.0472,medium
873944872ffffff,0.0117,0.0195,0.061,0.371,0.784,0.921,3,3.55,4.05,2.67,1.03,0.0487,low
873944873ffffff,0.0126,0.021,0.0656,0.399,0.842,0.99,3.21,3.8,4.33,2.86,1.11,0.0524,low
873944874ffffff,0.00967,0.0162,0.0504,0.307,0.649,0.763,2.5,2.96,3.38,2.22,0.858,0.0403,low
873944875ffffff,0.00888,0.0148,0.0463,0.282,0.596,0.701,2.3,2.72,3.11,2.04,0.789,0.037,low
873944876ffffff,0.011,0.0183,0.0571,0.348,0.734,0.862,2.81,3.32,3.79,2.5,0.968,0.0456,low
873944880ffffff,0.00977,0.0163,0.051,0.317,0.684,0.814,2.82,3.3,3.76,2.36,0.871,0.0407,medium
873944881ffffff,0.0124,0.0208,0.0648,0.397,0.848,1,3.26,3.76,4.25,2.76,1.06,0.0517,medium
873944882ffffff,0.00826,0.0138,0.0431,0.268,0.58,0.69,2.4,2.81,3.21,2.01,0.738,0.0344,medium
873944883ffffff,0.0106,0.0178,0.0555,0.345,0.745,0.886,3.07,3.59,4.09,2.57,0.947,0.0443,medium
873944884ffffff,0.00932,0.0156,0.0487,0.302,0.652,0.775,2.68,3.13,3.57,2.24,0.829,0.0388,medium
873944885ffffff,0.0148,0.0246,0.0767,0.466,0.985,1.16,3.63,4.18,4.69,3.11,1.21,0.0612,medium
873944886ffffff,0.00775,0.0129,0.0405,0.252,0.544,0.647,2.26,2.65,3.03,1.89,0.694,0.0323,medium
873944888ffffff,0.0109,0.0181,0.0568,0.354,0.769,0.911,3.19,3.72,4.23,2.65,0.97,0.0453,medium
873944889ffffff,0.0157,0.0262,0.0821,0.511,1.11,1.31,4.48,5.21,5.9,3.75,1.39,0.0655,medium
87394488affffff,0.0114,0.019,0.0595,0.371,0.805,0.954,3.33,3.88,4.41,2.77,1.01,0.0474,medium
87394488bffffff,0.0143,0.0238,0.0745,0.465,1.01,1.19,4.13,4.81,5.46,3.45,1.27,0.0594,medium
87394488cffffff,0.0115,0.0193,0.0603,0.376,0.817,0.968,3.38,3.94,4.47,2.81,1.03,0.0481,medium
87394488dffffff,0.0152,0.0254,0.0793,0.493,1.07,1.26,4.33,5.03,5.7,3.62,1.34,0.0632,medium
87394488effffff,0.0116,0.0193,0.0604,0.376,0.815,0.965,3.34,3.89,4.42,2.79,1.03,0.0482,medium
873944890ffffff,0.00872,0.0146,0.0456,0.283,0.611,0.726,2.51,2.94,3.35,2.1,0.776,0.0363,medium
873944891ffffff,0.00811,0.0135,0.0424,0.264,0.569,0.677,2.36,2.76,3.16,1.97,0.725,0.0338,medium
873944892ffffff,0.00697,0.0116,0.0364,0.227,0.491,0.587,2.06,2.41,2.71,1.71,0.625,0.029,medium
873944893ffffff,0.00865,0.0144,0.0452,0.282,0.611,0.729,2.56,2.98,3.35,2.13,0.775,0.036,medium
873944894ffffff,0.00838,0.014,0.0438,0.271,0.584,0.694,2.39,2.8,3.2,2.01,0.745,0.0349,medium
873944895ffffff,0.00724,0.0121,0.0378,0.235,0.508,0.605,2.11,2.47,2.83,1.76,0.648,0.0302,medium
873944896ffffff,0.0074400000000000004,0.0124,0.0388,0.241,0.517,0.615,2.12,2.48,2.83,1.78,0.661,0.031,medium
873944898ffffff,0.0112,0.0187,0.0584,0.364,0.787,0.936,3.25,3.79,4.3,2.72,0.997,0.0466,medium
873944899ffffff,0.0128,0.0213,0.0667,0.416,0.904,1.07,3.73,4.35,4.94,3.11,1.14,0.0532,medium
87394489affffff,0.0101,0.0169,0.0529,0.33,0.716,0.853,2.99,3.48,3.9,2.49,0.907,0.0422,medium
87394489bffffff,0.0129,0.0216,0.0675,0.423,0.92,1.09,3.77,4.38,4.91,3.15,1.15,0.0538,medium
87394489cffffff,0.0105,0.0175,0.0549,0.341,0.736,0.875,3.03,3.54,4.05,2.54,0.936,0.0438,medium
87394489dffffff,0.0117,0.0196,0.0613,0.382,0.826,0.98,3.4,3.97,4.52,2.84,1.05,0.0489,medium
87394489effffff,0.00952,0.0159,0.0497,0.31,0.671,0.799,2.79,3.25,3.67,2.33,0.851,0.0397,medium
8739448a0ffffff,0.00761,0.0127,0.0397,0.242,0.512,0.592,1.99,2.34,2.72,1.76,0.677,0.0317,medium
8739448a1ffffff,0.00983,0.0164,0.0512,0.312,0.66,0.763,2.54,2.99,3.47,2.25,0.87,0.0409,medium
8739448a2ffffff,0.00733,0.0122,0.0383,0.238,0.514,0.611,2.13,2.5,2.86,1.79,0.657,0.0306,medium
8739448a3ffffff,0.00835,0.0139,0.0436,0.27,0.581,0.687,2.38,2.79,3.2,2.01,0.746,0.0348,medium
8739448a4ffffff,0.00625,0.0104,0.0326,0.199,0.421,0.487,1.64,1.93,2.25,1.45,0.557,0.026,medium
8739448a5ffffff,0.0083,0.0139,0.0433,0.264,0.558,0.646,2.16,2.54,2.96,1.91,0.737,0.0346,medium
8739448a6ffffff,0.00674,0.0113,0.0352,0.216,0.46,0.537,1.83,2.15,2.49,1.59,0.601,0.0281,medium
8739448a8ffffff,0.00926,0.0155,0.0483,0.297,0.636,0.747,2.56,3,3.44,2.19,0.824,0.0386,medium
8739448a9ffffff,0.0126,0.021,0.0656,0.401,0.852,0.995,3.35,3.94,4.51,2.9,1.11,0.0524,medium
8739448aaffffff,0.0106,0.0178,0.0555,0.346,0.749,0.888,3.08,3.6,4.09,2.57,0.946,0.0443,medium
8739448abffffff,0.0128,0.0213,0.0667,0.416,0.901,1.07,3.7,4.3,4.88,3.09,1.13,0.0532,medium
8739448acffffff,0.0109,0.0182,0.057,0.348,0.736,0.856,2.86,3.36,3.88,2.51,0.966,0.0455,medium
8739448adffffff,0.0137,0.0228,0.0712,0.434,0.922,1.08,3.6,4.23,4.84,3.13,1.2,0.0569,medium
8739448aeffffff,0.00999,0.0167,0.0521,0.321,0.686,0.805,2.74,3.21,3.69,2.35,0.887,0.0416,medium
8739448b0ffffff,0.00726,0.0121,0.0379,0.235,0.507,0.603,2.09,2.46,2.82,1.76,0.65,0.0303,high
8739448b1ffffff,0.00781,0.013,0.0408,0.254,0.548,0.653,2.28,2.67,3.05,1.9,0.699,0.0326,medium
8739448b2ffffff,0.00697,0.0116,0.0364,0.226,0.485,0.576,1.99,2.34,2.69,1.68,0.622,0.029,high
8739448b3ffffff,0.00746,0.0125,0.039,0.242,0.523,0.622,2.17,2.54,2.9,1.81,0.667,0.0311,medium
8739448b4ffffff,0.00698,0.0117,0.0365,0.226,0.486,0.578,2,2.35,2.71,1.69,0.624,0.0291,medium
8739448b5ffffff,0.00729,0.0122,0.0381,0.237,0.511,0.607,2.11,2.48,2.84,1.77,0.653,0.0304,medium
8739448b6ffffff,0.00753,0.0126,0.0393,0.244,0.523,0.622,2.14,2.51,2.88,1.8,0.671,0.0314,high
8739448c0ffffff,0.034,0.0567,0.177,1.09,2.35,2.77,8.99,10.4,11.6,7.6,2.89,0.141,high
8739448c1ffffff,0.033,0.0551,0.172,1.06,2.28,2.71,8.82,10.3,11.4,7.45,2.83,0.137,medium
8739448c2ffffff,0.0288,0.0481,0.15,0.93,2.01,2.38,7.9,9.19,10.2,6.64,2.5,0.12,high
8739448c3ffffff,0.04,0.0668,0.209,1.28,2.75,3.25,10.4,12,13.3,8.82,3.38,0.166,medium
8739448c4ffffff,0.0796,0.133,0.412,2.4,4.93,5.73,15.8,18,19.6,14,5.96,0.328,high
8739448c5ffffff,0.0634,0.106,0.327,1.89,3.86,4.49,12.6,14.5,15.9,11.1,4.69,0.261,high
8739448c6ffffff,0.0585,0.0975,0.302,1.77,3.64,4.22,11.6,13.2,14.4,10.2,4.26,0.241,medium
8739448c8ffffff,0.0147,0.0246,0.077,0.478,1.04,1.25,4.27,5.04,5.57,3.53,1.31,0.0614,medium
8739448c9ffffff,0.0173,0.0289,0.0904,0.56,1.22,1.46,4.97,5.85,6.46,4.12,1.53,0.0721,medium
8739448caffffff,0.0169,0.0282,0.0883,0.547,1.19,1.43,4.83,5.68,6.27,4,1.49,0.0704,medium
8739448cbffffff,0.0145,0.0242,0.0758,0.471,1.03,1.23,4.21,4.96,5.48,3.48,1.29,0.0605,medium
8739448ccffffff,0.0246,0.0411,0.129,0.791,1.71,2.05,6.74,7.92,8.7,5.64,2.14,0.103,medium
8739448cdffffff,0.0184,0.0307,0.096,0.591,1.28,1.54,5.13,6.08,6.69,4.28,1.62,0.0767,medium
8739448ceffffff,0.0291,0.0486,0.152,0.938,2.03,2.43,8,9.36,10.3,6.69,2.52,0.121,medium
8739448d0ffffff,0.0176,0.0294,0.092,0.572,1.24,1.48,5.05,5.92,6.62,4.21,1.56,0.0734,high
8739448d1ffffff,0.0248,0.0413,0.129,0.801,1.74,2.06,6.89,8.04,8.98,5.78,2.16,0.103,medium
8739448d2ffffff,0.0174,0.0291,0.0909,0.565,1.23,1.45,4.97,5.81,6.52,4.15,1.54,0.0725,high
8739448d3ffffff,0.0436,0.0727,0.226,1.35,2.82,3.29,9.51,10.8,11.9,8.23,3.35,0.18,high
8739448d4ffffff,0.0287,0.0479,0.149,0.895,1.88,2.19,6.52,7.43,8.23,5.62,2.25,0.119,high
8739448d5ffffff,0.0387,0.0646,0.201,1.23,2.63,3.09,9.6,11.1,12.2,8.2,3.2,0.161,medium
8739448d6ffffff,0.0148,0.0247,0.0773,0.482,1.05,1.24,4.28,4.99,5.66,3.58,1.31,0.0616,high
8739448d8ffffff,0.0173,0.0289,0.0903,0.561,1.22,1.45,4.96,5.82,6.51,4.13,1.53,0.072,medium
8739448d9ffffff,0.0163,0.0272,0.0852,0.528,1.15,1.38,4.7,5.55,6.12,3.89,1.44,0.0679,medium
8739448daffffff,0.0147,0.0246,0.077,0.479,1.04,1.24,4.28,5.02,5.63,3.56,1.31,0.0614,medium
8739448dbffffff,0.0162,0.0271,0.0847,0.526,1.15,1.37,4.68,5.51,6.1,3.88,1.44,0.0676,medium
8739448dcffffff,0.0319,0.0532,0.166,1.02,2.2,2.6,8.4,9.74,10.8,7.11,2.71,0.133,medium
8739448ddffffff,0.0356,0.0594,0.185,1.12,2.37,2.79,8.52,9.82,10.8,7.27,2.87,0.147,medium
8739448deffffff,0.0246,0.0411,0.129,0.797,1.73,2.05,6.88,8.04,8.97,5.77,2.15,0.103,medium
8739448e0ffffff,0.0284,0.0474,0.148,0.9,1.92,2.27,7.35,8.65,9.66,6.32,2.46,0.118,high
8739448e1ffffff,0.0227,0.0379,0.118,0.72,1.54,1.82,5.96,7.03,7.87,5.11,1.98,0.0944,medium
8739448e2ffffff,0.0455,0.0759,0.237,1.42,3,3.53,10.9,12.7,14,9.46,3.78,0.189,high
8739448e3ffffff,0.0692,0.115,0.358,2.09,4.31,5.02,14.2,16.3,17.9,12.5,5.27,0.285,high
8739448e4ffffff,0.0245,0.0409,0.128,0.777,1.65,1.96,6.38,7.52,8.4,5.48,2.12,0.102,high
8739448e5ffffff,0.0154,0.0257,0.0802,0.49,1.05,1.24,4.14,4.9,5.51,3.53,1.35,0.0641,high
8739448e6ffffff,0.0833,0.138,0.418,2.16,4.12,4.68,11.7,13.3,14.5,10.5,4.78,0.332,high
8739448e8ffffff,0.0185,0.0309,0.0966,0.591,1.27,1.54,5.07,6.04,6.64,4.26,1.63,0.0772,medium
8739448e9ffffff,0.0168,0.028,0.0876,0.537,1.16,1.4,4.64,5.53,6.08,3.89,1.48,0.07,medium
8739448eaffffff,0.0299,0.05,0.156,0.949,2.03,2.43,7.78,9.18,10.1,6.63,2.58,0.125,medium
8739448ebffffff,0.0222,0.037,0.116,0.706,1.52,1.83,5.97,7.09,7.78,5.03,1.93,0.0923,medium
8739448ecffffff,0.0202,0.0337,0.105,0.643,1.37,1.64,5.38,6.36,7.09,4.58,1.76,0.0842,medium
8739448edffffff,0.0161,0.0268,0.0838,0.513,1.1,1.34,4.43,5.27,5.8,3.71,1.41,0.0669,medium
8739448eeffffff,0.0358,0.0597,0.186,1.13,2.39,2.83,8.98,10.5,11.7,7.75,3.05,0.149,high
8739448f0ffffff,0.0243,0.0406,0.127,0.78,1.67,1.96,6.45,7.49,8.44,5.51,2.1,0.101,medium
8739448f1ffffff,0.0249,0.0416,0.13,0.798,1.71,2.03,6.66,7.79,8.7,5.65,2.16,0.104,high
8739448f2ffffff,0.0195,0.0325,0.102,0.631,1.36,1.61,5.46,6.33,7.16,4.59,1.7,0.081,medium
8739448f3ffffff,0.0264,0.044,0.138,0.849,1.83,2.16,7.1,8.24,9.19,5.99,2.27,0.11,high
8739448f4ffffff,0.0182,0.0304,0.0949,0.578,1.22,1.43,4.72,5.53,6.31,4.11,1.59,0.0758,medium
8739448f5ffffff,0.0203,0.0339,0.106,0.642,1.36,1.6,5.22,6.13,6.92,4.52,1.76,0.0844,high
8739448f6ffffff,0.0139,0.0232,0.0726,0.452,0.98,1.16,4.01,4.67,5.3,3.35,1.23,0.0579,medium
873944900ffffff,0.00465,0.00777,0.0243,0.148,0.309,0.355,1.13,1.35,1.59,1.07,0.415,0.0194,medium
873944901ffffff,0.00614,0.0103,0.032,0.195,0.407,0.467,1.49,1.77,2.08,1.41,0.546,0.0256,low
873944902ffffff,0.00675,0.0113,0.0352,0.213,0.443,0.499,1.58,1.86,2.2,1.51,0.591,0.0281,low
873944903ffffff,0.00522,0.00871,0.0272,0.166,0.346,0.392,1.26,1.5,1.78,1.2,0.465,0.0217,low
873944904ffffff,0.00446,0.00745,0.0233,0.142,0.296,0.341,1.09,1.29,1.53,1.03,0.398,0.0186,low
873944905ffffff,0.00564,0.00942,0.0294,0.179,0.374,0.429,1.37,1.62,1.91,1.29,0.502,0.0235,low
873944906ffffff,0.00391,0.00653,0.0204,0.124,0.26,0.3,0.965,1.14,1.35,0.904,0.349,0.0163,medium
873944908ffffff,0.00519,0.00866,0.0271,0.165,0.344,0.396,1.27,1.51,1.77,1.19,0.462,0.0216,low
873944909ffffff,0.00579,0.00967,0.0302,0.184,0.386,0.451,1.45,1.72,1.99,1.33,0.515,0.0241,low
87394490affffff,0.00595,0.00993,0.031,0.189,0.393,0.442,1.43,1.69,2.02,1.36,0.529,0.0248,low
87394490bffffff,0.0053,0.00885,0.0276,0.169,0.353,0.404,1.32,1.56,1.83,1.22,0.472,0.0221,low
87394490cffffff,0.00624,0.0104,0.0326,0.198,0.414,0.475,1.52,1.8,2.12,1.43,0.555,0.026,low
87394490dffffff,0.00526,0.00879,0.0275,0.167,0.35,0.406,1.3,1.54,1.8,1.21,0.469,0.0219,low
87394490effffff,0.00497,0.00829,0.0259,0.158,0.329,0.375,1.21,1.43,1.69,1.14,0.443,0.0207,low
873944910ffffff,0.00423,0.00706,0.022,0.134,0.28,0.316,1.03,1.22,1.46,0.976,0.377,0.0176,low
873944911ffffff,0.00555,0.00927,0.0289,0.176,0.367,0.414,1.34,1.58,1.89,1.28,0.494,0.0231,low
873944912ffffff,0.00488,0.00815,0.0255,0.155,0.324,0.364,1.19,1.4,1.67,1.12,0.435,0.0203,medium
873944913ffffff,0.0051,0.00851,0.0266,0.162,0.338,0.38,1.24,1.46,1.75,1.17,0.454,0.0212,low
873944914ffffff,0.00397,0.00663,0.0207,0.126,0.264,0.297,0.969,1.14,1.37,0.918,0.355,0.0166,medium
873944915ffffff,0.00387,0.00646,0.0202,0.123,0.257,0.29,0.945,1.12,1.33,0.895,0.346,0.0161,low
873944916ffffff,0.00391,0.00652,0.0204,0.124,0.259,0.292,0.953,1.13,1.35,0.904,0.349,0.0163,medium
873944918ffffff,0.00531,0.00886,0.0277,0.169,0.351,0.395,1.28,1.52,1.81,1.22,0.473,0.0221,low
873944919ffffff,0.00657,0.011,0.0343,0.209,0.434,0.488,1.57,1.86,2.22,1.5,0.584,0.0274,low
87394491affffff,0.0054,0.00902,0.0282,0.172,0.358,0.402,1.3,1.54,1.84,1.24,0.481,0.0225,low
87394491bffffff,0.00578,0.00965,0.0301,0.184,0.382,0.43,1.39,1.65,1.96,1.33,0.515,0.0241,low
87394491cffffff,0.00666,0.0111,0.0347,0.212,0.44,0.495,1.6,1.89,2.25,1.52,0.592,0.0278,low
87394491dffffff,0.00567,0.00946,0.0296,0.18,0.375,0.422,1.37,1.61,1.93,1.3,0.505,0.0236,low
87394491effffff,0.00488,0.00814,0.0254,0.155,0.323,0.363,1.18,1.39,1.66,1.12,0.435,0.0203,low
873944920ffffff,0.00353,0.00589,0.0184,0.112,0.235,0.27,0.87,1.03,1.22,0.816,0.315,0.0147,low
873944921ffffff,0.00342,0.00571,0.0178,0.109,0.227,0.261,0.838,0.995,1.17,0.791,0.306,0.0143,low
873944922ffffff,0.00324,0.00541,0.0169,0.103,0.215,0.248,0.801,0.949,1.12,0.75,0.289,0.0135,low
873944923ffffff,0.00362,0.00605,0.0189,0.115,0.24,0.276,0.887,1.05,1.24,0.837,0.323,0.0151,low
873944924ffffff,0.00338,0.00565,0.0176,0.108,0.225,0.259,0.836,0.991,1.17,0.783,0.302,0.0141,low
873944925ffffff,0.00345,0.00576,0.018,0.11,0.229,0.264,0.849,1.01,1.19,0.798,0.308,0.0144,low
873944926ffffff,0.00308,0.00514,0.0161,0.0981,0.205,0.236,0.763,0.904,1.07,0.714,0.275,0.0128,low
873944928ffffff,0.00396,0.00661,0.0207,0.126,0.263,0.302,0.969,1.15,1.36,0.915,0.354,0.0165,medium
873944929ffffff,0.00405,0.00677,0.0211,0.129,0.27,0.311,1,1.19,1.39,0.937,0.362,0.0169,medium
87394492affffff,0.00566,0.00945,0.0295,0.18,0.375,0.431,1.38,1.63,1.92,1.3,0.504,0.0236,low
87394492bffffff,0.005,0.00835,0.0261,0.159,0.331,0.381,1.22,1.44,1.7,1.15,0.445,0.0208,low
87394492cffffff,0.00352,0.00588,0.0184,0.112,0.234,0.269,0.863,1.02,1.21,0.815,0.315,0.0147,medium
87394492dffffff,0.00367,0.00613,0.0191,0.117,0.244,0.28,0.898,1.07,1.26,0.848,0.328,0.0153,medium
87394492effffff,0.00373,0.00623,0.0195,0.119,0.248,0.285,0.914,1.08,1.28,0.863,0.334,0.0156,low
873944930ffffff,0.00414,0.00691,0.0216,0.132,0.275,0.317,1.02,1.21,1.43,0.956,0.369,0.0173,medium
873944931ffffff,0.00466,0.00778,0.0243,0.148,0.31,0.357,1.15,1.36,1.6,1.07,0.415,0.0194,low
873944932ffffff,0.00386,0.00644,0.0201,0.123,0.256,0.293,0.948,1.12,1.33,0.892,0.344,0.0161,medium
873944933ffffff,0.00482,0.00804,0.0251,0.153,0.32,0.368,1.18,1.4,1.66,1.11,0.429,0.0201,medium
873944934ffffff,0.00358,0.00598,0.0187,0.114,0.238,0.275,0.885,1.05,1.24,0.828,0.32,0.0149,low
873944935ffffff,0.00292,0.00487,0.0152,0.0928,0.194,0.224,0.722,0.855,1.01,0.676,0.261,0.0122,low
873944936ffffff,0.00313,0.00522,0.0163,0.0995,0.208,0.24,0.774,0.917,1.08,0.724,0.28,0.013,low
873944940ffffff,0.00722,0.0121,0.0377,0.229,0.482,0.572,1.82,2.17,2.47,1.65,0.64,0.0301,medium
873944941ffffff,0.00746,0.0125,0.0389,0.237,0.499,0.592,1.9,2.26,2.57,1.71,0.663,0.0311,medium
873944942ffffff,0.00665,0.0111,0.0347,0.211,0.444,0.524,1.68,2,2.3,1.53,0.592,0.0277,medium
873944943ffffff,0.00812,0.0136,0.0424,0.258,0.543,0.643,2.05,2.45,2.79,1.86,0.72,0.0339,medium
873944944ffffff,0.00546,0.00912,0.0285,0.174,0.365,0.428,1.38,1.64,1.89,1.26,0.487,0.0228,low
873944945ffffff,0.00551,0.0092,0.0287,0.175,0.369,0.438,1.41,1.68,1.91,1.27,0.491,0.023,low
873944946ffffff,0.00573,0.00957,0.0299,0.182,0.382,0.447,1.43,1.7,1.97,1.32,0.511,0.0239,medium
873944948ffffff,0.0097,0.0162,0.0506,0.308,0.647,0.768,2.45,2.91,3.31,2.21,0.858,0.0404,medium
873944949ffffff,0.01,0.0167,0.0522,0.318,0.668,0.799,2.53,3.02,3.41,2.28,0.885,0.0417,low
87394494affffff,0.00679,0.0113,0.0354,0.216,0.454,0.539,1.73,2.06,2.35,1.56,0.604,0.0283,medium
87394494bffffff,0.00672,0.0112,0.035,0.214,0.45,0.538,1.72,2.05,2.32,1.55,0.597,0.028,low
87394494cffffff,0.0105,0.0176,0.0549,0.334,0.703,0.833,2.65,3.16,3.59,2.4,0.932,0.0439,medium
87394494dffffff,0.0107,0.0178,0.0557,0.339,0.713,0.849,2.69,3.21,3.64,2.43,0.945,0.0445,low
87394494effffff,0.00841,0.014,0.0438,0.267,0.562,0.666,2.13,2.54,2.89,1.93,0.746,0.035,medium
873944950ffffff,0.00722,0.012,0.0376,0.229,0.48,0.556,1.79,2.12,2.47,1.65,0.641,0.0301,medium
873944951ffffff,0.00983,0.0164,0.0512,0.312,0.654,0.765,2.44,2.89,3.33,2.24,0.869,0.041,medium
873944952ffffff,0.00816,0.0136,0.0425,0.259,0.543,0.623,2.02,2.39,2.79,1.87,0.724,0.034,low
873944953ffffff,0.00852,0.0142,0.0444,0.271,0.567,0.65,2.11,2.49,2.91,1.95,0.756,0.0355,medium
873944954ffffff,0.00543,0.00906,0.0283,0.173,0.362,0.423,1.36,1.62,1.87,1.25,0.484,0.0226,low
873944955ffffff,0.00579,0.00966,0.0302,0.184,0.386,0.451,1.45,1.72,1.99,1.33,0.516,0.0241,medium
873944956ffffff,0.00604,0.0101,0.0315,0.192,0.402,0.464,1.51,1.78,2.08,1.39,0.538,0.0252,low
873944958ffffff,0.00958,0.016,0.0499,0.304,0.641,0.756,2.45,2.9,3.31,2.19,0.848,0.0399,medium
873944959ffffff,0.00828,0.0138,0.0432,0.263,0.555,0.655,2.12,2.52,2.87,1.9,0.734,0.0345,medium
87394495affffff,0.0119,0.0199,0.0623,0.378,0.797,0.936,3.02,3.56,4.05,2.69,1.05,0.0498,medium
87394495bffffff,0.00857,0.0143,0.0447,0.273,0.576,0.677,2.22,2.63,3,1.97,0.761,0.0357,low
87394495cffffff,0.0133,0.0223,0.0694,0.418,0.872,1.03,3.14,3.7,4.18,2.86,1.14,0.0554,medium
87394495dffffff,0.00782,0.0131,0.0408,0.248,0.523,0.62,1.99,2.37,2.7,1.8,0.694,0.0326,medium
87394495effffff,0.014,0.0234,0.0729,0.439,0.917,1.08,3.32,3.9,4.41,2.99,1.19,0.0582,medium
873944960ffffff,0.00639,0.0107,0.0333,0.203,0.425,0.497,1.57,1.87,2.16,1.46,0.567,0.0266,low
873944961ffffff,0.00534,0.00891,0.0278,0.17,0.356,0.419,1.32,1.58,1.82,1.23,0.475,0.0222,low
873944962ffffff,0.00425,0.0071,0.0222,0.135,0.284,0.332,1.07,1.27,1.47,0.984,0.38,0.0177,low
873944963ffffff,0.0046,0.00768,0.024,0.146,0.308,0.365,1.17,1.4,1.6,1.07,0.411,0.0192,low
873944964ffffff,0.00627,0.0105,0.0327,0.198,0.414,0.481,1.5,1.78,2.05,1.4,0.55,0.0261,low
873944965ffffff,0.013,0.0217,0.0678,0.408,0.846,0.983,2.94,3.46,3.95,2.76,1.11,0.0541,low
873944966ffffff,0.00409,0.00683,0.0213,0.13,0.273,0.318,1.02,1.21,1.41,0.944,0.365,0.017,low
873944968ffffff,0.00549,0.00916,0.0286,0.175,0.367,0.435,1.39,1.66,1.9,1.27,0.489,0.0229,low
873944969ffffff,0.00591,0.00987,0.0308,0.188,0.395,0.468,1.49,1.77,2.03,1.36,0.525,0.0246,low
87394496affffff,0.00915,0.0153,0.0477,0.291,0.611,0.724,2.31,2.75,3.13,2.09,0.81,0.0381,low
87394496bffffff,0.0114,0.019,0.0593,0.358,0.748,0.883,2.71,3.2,3.62,2.47,0.978,0.0474,low
87394496cffffff,0.00545,0.0091,0.0284,0.173,0.363,0.427,1.35,1.61,1.86,1.25,0.485,0.0227,low
87394496dffffff,0.00563,0.00941,0.0294,0.179,0.376,0.442,1.39,1.67,1.92,1.3,0.502,0.0235,low
87394496effffff,0.006,0.01,0.0313,0.191,0.402,0.477,1.53,1.82,2.08,1.38,0.534,0.025,low
873944970ffffff,0.00453,0.00756,0.0236,0.144,0.302,0.353,1.14,1.35,1.57,1.05,0.404,0.0189,medium
873944971ffffff,0.00536,0.00895,0.028,0.17,0.357,0.418,1.34,1.59,1.85,1.24,0.478,0.0223,low
873944972ffffff,0.00522,0.00872,0.0272,0.166,0.348,0.407,1.31,1.56,1.8,1.21,0.466,0.0218,low
873944973ffffff,0.0054,0.00901,0.0282,0.172,0.36,0.421,1.35,1.61,1.86,1.25,0.481,0.0225,medium
873944974ffffff,0.0045,0.00752,0.0235,0.143,0.3,0.351,1.13,1.34,1.56,1.04,0.402,0.0188,medium
873944975ffffff,0.00433,0.00723,0.0226,0.138,0.289,0.338,1.09,1.29,1.5,1,0.387,0.0181,medium
873944976ffffff,0.0045,0.00752,0.0235,0.143,0.3,0.351,1.13,1.34,1.56,1.04,0.402,0.0188,medium
873944980ffffff,0.00531,0.00887,0.0277,0.169,0.357,0.413,1.39,1.63,1.91,1.23,0.474,0.0221,medium
873944981ffffff,0.00582,0.00971,0.0303,0.185,0.391,0.452,1.52,1.79,2.09,1.35,0.518,0.0242,medium
873944982ffffff,0.0049,0.00818,0.0255,0.156,0.33,0.381,1.29,1.51,1.77,1.14,0.437,0.0204,medium
873944983ffffff,0.00536,0.00895,0.028,0.171,0.361,0.417,1.41,1.65,1.94,1.25,0.478,0.0224,medium
873944984ffffff,0.00621,0.0104,0.0324,0.198,0.417,0.481,1.61,1.89,2.2,1.43,0.551,0.0259,medium
873944985ffffff,0.00751,0.0125,0.0391,0.238,0.501,0.576,1.89,2.22,2.59,1.7,0.659,0.0313,low
873944986ffffff,0.00441,0.00737,0.023,0.141,0.297,0.343,1.16,1.36,1.6,1.03,0.394,0.0184,medium
873944988ffffff,0.00578,0.00965,0.0301,0.184,0.389,0.451,1.52,1.79,2.08,1.34,0.515,0.0241,medium
873944989ffffff,0.00667,0.0111,0.0348,0.213,0.45,0.52,1.75,2.06,2.4,1.55,0.595,0.0278,medium
87394498affffff,0.00536,0.00895,0.028,0.171,0.361,0.418,1.41,1.66,1.94,1.25,0.479,0.0224,medium
87394498bffffff,0.00648,0.0108,0.0338,0.206,0.436,0.505,1.7,2,2.33,1.5,0.577,0.027,medium
87394498cffffff,0.00541,0.00904,0.0282,0.173,0.365,0.421,1.42,1.67,1.95,1.26,0.483,0.0226,medium
87394498dffffff,0.00636,0.0106,0.0331,0.202,0.428,0.495,1.67,1.96,2.28,1.47,0.566,0.0265,medium
87394498effffff,0.00589,0.00983,0.0307,0.188,0.396,0.458,1.54,1.81,2.12,1.37,0.525,0.0245,medium
873944990ffffff,0.00534,0.00892,0.0279,0.171,0.362,0.423,1.43,1.68,1.96,1.25,0.477,0.0223,medium
873944991ffffff,0.00555,0.00927,0.029,0.177,0.374,0.432,1.46,1.71,2.01,1.29,0.495,0.0231,medium
873944992ffffff,0.00594,0.00991,0.031,0.191,0.407,0.48,1.63,1.93,2.23,1.41,0.531,0.0247,medium
873944993ffffff,0.00633,0.0106,0.033,0.202,0.429,0.499,1.69,1.99,2.32,1.48,0.564,0.0264,medium
873944994ffffff,0.00497,0.0083,0.0259,0.159,0.337,0.396,1.34,1.58,1.83,1.16,0.444,0.0207,low
873944995ffffff,0.00485,0.00811,0.0253,0.155,0.328,0.38,1.28,1.51,1.77,1.13,0.434,0.0202,low
873944996ffffff,0.00549,0.00917,0.0287,0.176,0.372,0.437,1.47,1.74,2.02,1.28,0.49,0.0229,medium
873944998ffffff,0.00603,0.0101,0.0314,0.192,0.406,0.468,1.58,1.86,2.17,1.4,0.537,0.0251,medium
873944999ffffff,0.0062,0.0103,0.0323,0.198,0.417,0.482,1.63,1.91,2.23,1.44,0.553,0.0258,medium
87394499affffff,0.00617,0.0103,0.0322,0.199,0.427,0.505,1.74,2.05,2.36,1.48,0.552,0.0257,medium
87394499bffffff,0.00693,0.0116,0.0362,0.223,0.475,0.557,1.9,2.23,2.59,1.64,0.619,0.0289,medium
87394499cffffff,0.0053,0.00885,0.0277,0.169,0.357,0.412,1.39,1.64,1.92,1.23,0.473,0.0221,medium
87394499dffffff,0.00585,0.00977,0.0305,0.186,0.394,0.455,1.53,1.8,2.11,1.36,0.522,0.0244,medium
87394499effffff,0.00617,0.0103,0.0322,0.197,0.415,0.479,1.61,1.9,2.22,1.43,0.55,0.0257,medium
8739449a0ffffff,0.00484,0.00808,0.0252,0.154,0.32,0.361,1.17,1.38,1.65,1.11,0.43,0.0202,medium
8739449a1ffffff,0.0044,0.00734,0.0229,0.14,0.292,0.329,1.07,1.26,1.51,1.02,0.393,0.0183,medium
8739449a2ffffff,0.00593,0.00991,0.0309,0.189,0.396,0.453,1.49,1.76,2.08,1.37,0.528,0.0247,medium
8739449a3ffffff,0.00454,0.00758,0.0237,0.145,0.302,0.343,1.13,1.33,1.58,1.05,0.405,0.0189,medium
8739449a4ffffff,0.00452,0.00755,0.0236,0.144,0.301,0.342,1.12,1.32,1.57,1.04,0.404,0.0189,medium
8739449a5ffffff,0.00431,0.00719,0.0225,0.137,0.286,0.322,1.05,1.24,1.48,0.994,0.384,0.018,medium
8739449a6ffffff,0.00671,0.0112,0.035,0.213,0.446,0.51,1.66,1.95,2.32,1.54,0.596,0.028,medium
8739449a8ffffff,0.00582,0.00972,0.0304,0.185,0.386,0.434,1.41,1.66,1.99,1.34,0.518,0.0243,medium
8739449a9ffffff,0.00556,0.00929,0.029,0.177,0.368,0.414,1.34,1.59,1.89,1.28,0.496,0.0232,low
8739449aaffffff,0.00533,0.0089,0.0278,0.17,0.357,0.408,1.36,1.6,1.89,1.23,0.475,0.0222,medium
8739449abffffff,0.00603,0.0101,0.0314,0.192,0.402,0.457,1.5,1.77,2.1,1.39,0.537,0.0251,medium
8739449acffffff,0.00486,0.00812,0.0254,0.155,0.323,0.363,1.18,1.39,1.67,1.12,0.434,0.0203,medium
8739449adffffff,0.00511,0.00854,0.0267,0.163,0.339,0.381,1.24,1.46,1.75,1.18,0.456,0.0213,low
8739449aeffffff,0.00481,0.00803,0.0251,0.153,0.319,0.359,1.17,1.38,1.65,1.11,0.429,0.02,medium
8739449b0ffffff,0.00525,0.00877,0.0274,0.168,0.356,0.418,1.41,1.66,1.93,1.23,0.469,0.0219,medium
8739449b1ffffff,0.00461,0.00769,0.024,0.147,0.312,0.364,1.23,1.45,1.69,1.08,0.411,0.0192,medium
8739449b2ffffff,0.00471,0.00786,0.0246,0.15,0.319,0.375,1.27,1.5,1.74,1.1,0.421,0.0196,medium
8739449b3ffffff,0.00583,0.00974,0.0304,0.186,0.395,0.464,1.56,1.84,2.13,1.36,0.52,0.0243,medium
8739449b4ffffff,0.0045,0.00752,0.0235,0.144,0.305,0.357,1.2,1.42,1.66,1.06,0.402,0.0188,medium
8739449b5ffffff,0.00559,0.00933,0.0291,0.178,0.376,0.438,1.46,1.72,2.01,1.3,0.498,0.0233,medium
8739449b6ffffff,0.00539,0.00899,0.0281,0.172,0.365,0.428,1.44,1.7,1.97,1.26,0.48,0.0225,medium
873944a00ffffff,0.029,0.0485,0.151,0.926,2,2.51,7.94,9.29,10,6.57,2.52,0.121,high
873944a01ffffff,0.0329,0.055,0.172,1.05,2.27,2.84,8.91,10.4,11.2,7.39,2.85,0.137,high
873944a02ffffff,0.173,0.285,0.838,3.81,6.71,7.7,16.1,17.9,18.8,14.3,7.27,0.664,high
873944a03ffffff,0.0294,0.0491,0.153,0.936,2.02,2.52,7.93,9.27,9.97,6.58,2.54,0.122,high
873944a04ffffff,0.0285,0.0475,0.148,0.908,1.96,2.46,7.77,9.1,9.8,6.43,2.47,0.119,medium
873944a05ffffff,0.0322,0.0538,0.168,1.02,2.21,2.76,8.6,10,10.8,7.15,2.77,0.134,medium
873944a06ffffff,0.0259,0.0432,0.135,0.825,1.78,2.23,7.1,8.31,8.96,5.87,2.25,0.108,high
873944a08ffffff,0.0396,0.0662,0.206,1.26,2.71,3.41,10.4,12.2,13.1,8.74,3.4,0.165,high
873944a09ffffff,0.0321,0.0536,0.167,1.02,2.21,2.78,8.64,10.1,10.9,7.21,2.78,0.134,high
873944a0affffff,0.0402,0.0672,0.209,1.28,2.74,3.45,10.5,12.3,13.2,8.82,3.44,0.167,high
873944a0bffffff,0.0309,0.0516,0.161,0.984,2.12,2.68,8.31,9.75,10.5,6.94,2.67,0.129,high
873944a0cffffff,0.0346,0.0578,0.18,1.1,2.37,2.99,9.23,10.8,11.7,7.72,2.98,0.144,high
873944a0dffffff,0.0315,0.0525,0.164,0.998,2.14,2.69,8.23,9.63,10.4,6.9,2.68,0.131,high
873944a0effffff,0.0403,0.0673,0.21,1.28,2.74,3.44,10.4,12.1,13.1,8.75,3.42,0.168,high
873944a10ffffff,0.195,0.325,0.989,5.22,9.98,11.6,24.4,26.7,27.8,22,10.9,0.787,high
873944a11ffffff,0.0372,0.0621,0.194,1.18,2.53,3.16,9.7,11.3,12.1,8.1,3.16,0.155,high
873944a12ffffff,0.0208,0.0347,0.108,0.666,1.45,1.77,5.61,6.57,7.13,4.69,1.78,0.0864,high
873944a13ffffff,0.0669,0.112,0.345,2,4.12,4.91,12.6,14.3,15.2,11,4.76,0.275,high
873944a14ffffff,0.0203,0.0338,0.106,0.647,1.4,1.74,5.54,6.55,7.05,4.6,1.76,0.0843,high
873944a15ffffff,0.0345,0.0576,0.179,1.09,2.32,2.89,8.72,10.1,10.8,7.3,2.88,0.143,high
873944a16ffffff,0.0184,0.0306,0.0957,0.588,1.28,1.57,5.06,5.98,6.46,4.2,1.59,0.0764,high
873944a18ffffff,0.0191,0.0318,0.0994,0.613,1.34,1.66,5.4,6.36,6.91,4.46,1.68,0.0794,high
873944a19ffffff,0.0243,0.0406,0.127,0.777,1.68,2.11,6.64,7.78,8.46,5.54,2.12,0.101,high
873944a1affffff,0.0232,0.0388,0.121,0.748,1.64,2.01,6.48,7.62,8.31,5.4,2.03,0.0967,high
873944a1bffffff,0.0601,0.1,0.309,1.77,3.64,4.39,11.7,13.3,14.3,10.1,4.27,0.246,high
873944a1cffffff,0.037,0.0618,0.193,1.17,2.53,3.16,9.79,11.4,12.3,8.15,3.17,0.154,high
873944a1dffffff,0.0402,0.0671,0.209,1.27,2.74,3.43,10.6,12.3,13.2,8.83,3.43,0.167,high
873944a1effffff,0.0248,0.0415,0.129,0.795,1.73,2.14,6.77,7.93,8.61,5.64,2.15,0.103,high
873944a20ffffff,0.0263,0.0439,0.137,0.837,1.8,2.26,7.06,8.32,8.93,5.9,2.28,0.11,medium
873944a21ffffff,0.0227,0.0379,0.118,0.722,1.55,1.96,6.14,7.27,7.81,5.14,1.98,0.0945,medium
873944a22ffffff,0.0301,0.0503,0.157,0.958,2.06,2.58,8.05,9.4,10.1,6.69,2.59,0.125,medium
873944a23ffffff,0.0241,0.0403,0.126,0.77,1.67,2.09,6.66,7.81,8.42,5.5,2.1,0.1,medium
873944a24ffffff,0.0183,0.0306,0.0956,0.584,1.25,1.59,5.02,5.96,6.4,4.19,1.61,0.0764,low
873944a25ffffff,0.0191,0.0319,0.0995,0.608,1.31,1.65,5.22,6.19,6.65,4.36,1.68,0.0795,low
873944a26ffffff,0.0248,0.0414,0.129,0.789,1.7,2.13,6.71,7.92,8.52,5.6,2.16,0.103,medium
873944a28ffffff,0.025,0.0418,0.13,0.799,1.73,2.18,6.85,8.08,8.7,5.7,2.18,0.104,medium
873944a29ffffff,0.0222,0.0371,0.116,0.712,1.54,1.95,6.16,7.29,7.84,5.11,1.95,0.0926,high
873944a2affffff,0.0327,0.0546,0.17,1.04,2.24,2.82,8.76,10.2,11,7.3,2.82,0.136,medium
873944a2bffffff,0.0292,0.0488,0.152,0.931,2.01,2.53,7.9,9.27,10,6.59,2.53,0.122,high
873944a2cffffff,0.0267,0.0446,0.139,0.85,1.83,2.31,7.18,8.48,9.09,6,2.32,0.111,medium
873944a2dffffff,0.0256,0.0428,0.133,0.819,1.77,2.25,7.02,8.3,8.89,5.83,2.23,0.107,medium
873944a2effffff,0.0321,0.0535,0.167,1.02,2.2,2.75,8.59,10.1,10.8,7.15,2.76,0.133,medium
873944a30ffffff,0.131,0.216,0.621,2.68,4.71,5.42,12.4,14.1,14.9,10.8,5.22,0.491,high
873944a31ffffff,0.0266,0.0443,0.138,0.847,1.83,2.29,7.27,8.51,9.17,6.01,2.31,0.111,medium
873944a32ffffff,0.0714,0.119,0.362,1.94,3.79,4.47,11,12.5,13.2,9.57,4.32,0.288,high
873944a33ffffff,0.0253,0.0422,0.132,0.805,1.74,2.17,6.84,8.03,8.65,5.68,2.18,0.105,high
873944a34ffffff,0.0242,0.0405,0.126,0.774,1.68,2.08,6.62,7.82,8.42,5.49,2.1,0.101,medium
873944a35ffffff,0.0317,0.0528,0.164,0.983,2.09,2.56,7.59,8.84,9.47,6.39,2.55,0.131,medium
873944a36ffffff,0.083,0.138,0.424,2.36,4.7,5.58,13.5,15.2,16.1,11.9,5.37,0.338,high
873944a40ffffff,0.0186,0.031,0.0969,0.597,1.3,1.64,5.28,6.19,6.73,4.34,1.64,0.0775,high
873944a41ffffff,0.0232,0.0386,0.121,0.738,1.59,2.01,6.28,7.31,7.92,5.21,2,0.0963,high
873944a42ffffff,0.024,0.04,0.125,0.767,1.66,2.1,6.64,7.75,8.41,5.49,2.09,0.0999,medium
873944a43ffffff,0.0216,0.036,0.112,0.691,1.5,1.9,6.04,7.05,7.66,4.98,1.89,0.0898,medium
873944a44ffffff,0.0233,0.0389,0.122,0.751,1.63,2.07,6.5,7.66,8.35,5.4,2.04,0.0971,high
873944a45ffffff,0.0306,0.051,0.159,0.978,2.12,2.67,8.06,9.48,10.3,6.78,2.61,0.127,high
873944a46ffffff,0.0293,0.049,0.153,0.936,2.02,2.55,7.97,9.26,10,6.6,2.54,0.122,high
873944a48ffffff,0.0184,0.0307,0.0959,0.598,1.31,1.65,5.33,6.21,6.92,4.4,1.63,0.0767,high
873944a49ffffff,0.0181,0.0302,0.0945,0.588,1.29,1.63,5.24,6.1,6.8,4.33,1.61,0.0755,medium
873944a4affffff,0.0171,0.0286,0.0893,0.556,1.22,1.54,4.98,5.81,6.47,4.11,1.52,0.0714,medium
873944a4bffffff,0.015,0.0251,0.0784,0.489,1.08,1.36,4.41,5.15,5.75,3.64,1.34,0.0627,medium
873944a4cffffff,0.0275,0.0459,0.143,0.87,1.87,2.33,6.86,7.89,8.68,5.79,2.26,0.114,high
873944a4dffffff,0.0381,0.0636,0.198,1.22,2.64,3.29,9.83,11.3,12.5,8.29,3.21,0.158,high
873944a4effffff,0.0201,0.0336,0.105,0.651,1.42,1.8,5.78,6.75,7.46,4.77,1.78,0.0838,high
873944a50ffffff,0.0307,0.0513,0.16,0.981,2.12,2.68,8.37,9.75,10.6,6.94,2.66,0.128,high
873944a51ffffff,0.0236,0.0394,0.123,0.755,1.64,2.07,6.58,7.69,8.35,5.43,2.07,0.0982,medium
873944a52ffffff,0.0252,0.042,0.131,0.804,1.74,2.19,6.9,8.08,8.75,5.73,2.19,0.105,high
873944a53ffffff,0.0278,0.0464,0.145,0.887,1.92,2.43,7.62,8.88,9.63,6.31,2.41,0.116,high
873944a54ffffff,0.0626,0.104,0.323,1.87,3.87,4.76,12.9,14.7,15.7,11.1,4.64,0.257,high
873944a55ffffff,0.0323,0.053900000000000003,0.168,1.03,2.22,2.8,8.63,10,10.8,7.17,2.77,0.134,high
873944a56ffffff,0.0416,0.0694,0.217,1.32,2.83,3.55,10.8,12.5,13.5,9.05,3.54,0.173,high
873944a58ffffff,0.0234,0.0391,0.122,0.75,1.63,2.06,6.53,7.62,8.27,5.38,2.05,0.0975,medium
873944a59ffffff,0.0174,0.029,0.0906,0.564,1.24,1.56,5.03,5.87,6.52,4.15,1.54,0.0724,medium
873944a5affffff,0.0246,0.0411,0.128,0.783,1.69,2.13,6.56,7.61,8.25,5.45,2.11,0.102,high
873944a5bffffff,0.0451,0.0753,0.234,1.4,2.97,3.69,10.4,11.8,12.8,8.82,3.58,0.187,high
873944a5cffffff,0.0202,0.0337,0.105,0.648,1.41,1.78,5.7,6.67,7.25,4.69,1.78,0.0841,medium
873944a5dffffff,0.0201,0.0336,0.105,0.646,1.41,1.78,5.7,6.67,7.28,4.7,1.77,0.0838,medium
873944a5effffff,0.135,0.224,0.673,3.33,6.13,7.16,15.2,16.8,17.7,13.5,6.69,0.534,high
873944a60ffffff,0.838,1.35,3.62,12.5,19.2,21.2,34.3,36.7,37.9,32.1,19.5,2.86,high
873944a61ffffff,0.0428,0.0714,0.222,1.34,2.83,3.53,9.86,11.5,12.3,8.44,3.4,0.177,high
873944a62ffffff,0.132,0.22,0.677,3.8,7.62,9.2,21.4,24.1,25.5,19.1,8.61,0.539,high
873944a63ffffff,0.0354,0.0591,0.184,1.11,2.36,2.95,8.36,9.74,10.5,7.13,2.85,0.147,high
873944a64ffffff,0.0199,0.0332,0.104,0.641,1.4,1.77,5.57,6.62,7.23,4.64,1.74,0.0827,high
873944a65ffffff,0.052,0.0867,0.268,1.58,3.28,4.03,10.4,11.9,12.7,9.06,3.84,0.214,high
873944a66ffffff,0.204,0.332,0.923,3.61,6.03,6.89,13.8,15.4,16.2,12.3,6.43,0.73,high
873944a68ffffff,0.0195,0.0326,0.102,0.636,1.39,1.75,5.64,6.64,7.37,4.67,1.73,0.0813,high
873944a69ffffff,0.0164,0.0273,0.0853,0.535,1.17,1.48,4.8,5.65,6.3,3.97,1.46,0.0682,high
873944a6affffff,0.0159,0.0265,0.0827,0.515,1.13,1.43,4.56,5.41,5.96,3.78,1.41,0.0661,high
873944a6bffffff,0.0148,0.0247,0.0772,0.484,1.06,1.34,4.37,5.14,5.74,3.6,1.32,0.0617,high
873944a6cffffff,0.0815,0.136,0.418,2.37,4.79,5.81,14.1,16,17,12.4,5.47,0.333,high
873944a6dffffff,0.0185,0.0309,0.0965,0.605,1.33,1.67,5.39,6.34,7.06,4.46,1.65,0.0772,high
873944a6effffff,0.0309,0.0515,0.16,0.984,2.12,2.67,8.02,9.44,10.3,6.75,2.61,0.128,high
873944a70ffffff,0.0262,0.0438,0.137,0.834,1.8,2.26,7.01,8.22,8.87,5.85,2.26,0.109,high
873944a71ffffff,0.0991,0.165,0.507,2.85,5.73,6.95,17.1,19.2,20.4,14.9,6.62,0.404,high
873944a72ffffff,0.0337,0.0562,0.175,1.07,2.29,2.88,8.77,10.2,11,7.36,2.87,0.14,high
873944a73ffffff,0.0767,0.128,0.393,2.23,4.53,5.54,14.4,16.4,17.5,12.4,5.34,0.314,high
873944a74ffffff,0.0378,0.0631,0.197,1.19,2.54,3.2,9.45,11,11.8,7.97,3.15,0.157,high
873944a75ffffff,0.0201,0.0336,0.105,0.646,1.4,1.78,5.62,6.67,7.2,4.66,1.76,0.0837,high
873944a76ffffff,0.028,0.0468,0.146,0.894,1.93,2.43,7.61,8.94,9.66,6.34,2.44,0.117,high
873944a80ffffff,0.0175,0.0292,0.0912,0.561,1.22,1.48,4.78,5.59,6.06,3.97,1.5,0.0728,high
873944a81ffffff,0.0163,0.0271,0.0848,0.523,1.14,1.41,4.52,5.32,5.8,3.77,1.42,0.0676,high
873944a82ffffff,0.0289,0.0482,0.15,0.915,1.96,2.37,7.44,8.53,9.24,6.19,2.41,0.12,high
873944a83ffffff,0.107,0.178,0.551,3.18,6.54,7.78,20.3,22.7,24.2,17.7,7.63,0.439,high
873944a84ffffff,0.0107,0.0178,0.0557,0.346,0.764,0.932,3.16,3.75,4.09,2.59,0.95,0.0444,high
873944a85ffffff,0.0158,0.0263,0.0824,0.509,1.12,1.36,4.45,5.25,5.71,3.69,1.38,0.0657,high
873944a86ffffff,0.0121,0.0201,0.063,0.391,0.86,1.05,3.57,4.22,4.61,2.92,1.07,0.0503,high
873944a88ffffff,0.0259,0.0432,0.135,0.815,1.74,2.12,6.43,7.4,8.03,5.41,2.13,0.107,high
873944a89ffffff,0.0171,0.0285,0.0891,0.551,1.21,1.49,4.9,5.76,6.31,4.05,1.51,0.0711,medium
873944a8affffff,0.0263,0.0439,0.137,0.832,1.79,2.18,6.77,7.77,8.46,5.65,2.2,0.109,high
873944a8bffffff,0.0528,0.088,0.273,1.62,3.39,4.09,11.4,12.9,13.9,9.76,4.05,0.218,high
873944a8cffffff,0.0204,0.034,0.106,0.653,1.42,1.75,5.53,6.47,7.05,4.62,1.76,0.0848,high
873944a8dffffff,0.0248,0.0414,0.129,0.798,1.74,2.14,6.88,8.07,8.8,5.73,2.16,0.103,high
873944a8effffff,0.0272,0.0455,0.142,0.867,1.88,2.29,7.17,8.29,9.02,5.99,2.31,0.113,high
873944a90ffffff,0.0487,0.0811,0.249,1.38,2.77,3.25,8.72,9.85,10.6,7.42,3.2,0.198,high
873944a91ffffff,0.023,0.0385,0.12,0.74,1.61,1.95,6.53,7.57,8.26,5.34,2.01,0.0959,high
873944a92ffffff,0.0249,0.0415,0.13,0.798,1.73,2.1,6.97,8.07,8.79,5.71,2.16,0.104,high
873944a93ffffff,0.0251,0.0418,0.131,0.805,1.75,2.13,7.13,8.27,9.02,5.83,2.19,0.104,high
873944a94ffffff,0.0164,0.0274,0.0857,0.529,1.15,1.4,4.79,5.57,6.1,3.89,1.45,0.0684,medium
873944a95ffffff,0.0198,0.0331,0.103,0.637,1.38,1.68,5.61,6.51,7.11,4.59,1.73,0.0825,high
873944a96ffffff,0.0172,0.0287,0.0898,0.555,1.21,1.47,5.02,5.84,6.4,4.08,1.52,0.0716,medium
873944a98ffffff,0.0119,0.0199,0.0622,0.384,0.838,1.03,3.47,4.05,4.45,2.83,1.06,0.0496,high
873944a99ffffff,0.0211,0.0352,0.11,0.673,1.46,1.78,5.71,6.6,7.21,4.73,1.81,0.0877,high
873944a9affffff,0.0329,0.0548,0.17,1,2.1,2.52,7.26,8.26,8.92,6.14,2.51,0.136,high
873944a9bffffff,0.0278,0.0463,0.145,0.883,1.91,2.33,7.36,8.47,9.24,6.12,2.36,0.115,high
873944a9cffffff,0.265,0.433,1.23,4.94,8.21,9.13,17.8,19.4,20.4,16,8.65,0.969,high
873944a9dffffff,0.282,0.467,1.39,6.51,11.5,12.9,24.1,25.9,27,22.2,12,1.1,high
873944a9effffff,0.0195,0.0325,0.102,0.623,1.35,1.63,5.38,6.23,6.79,4.42,1.68,0.081,high
873944aa0ffffff,0.0122,0.0204,0.064,0.398,0.876,1.07,3.62,4.29,4.68,2.97,1.09,0.051,medium
873944aa1ffffff,0.0626,0.104,0.324,1.91,4.01,4.78,12.9,14.7,15.6,11.2,4.68,0.258,medium
873944aa2ffffff,0.0121,0.0202,0.0632,0.393,0.866,1.06,3.57,4.24,4.63,2.93,1.08,0.0504,medium
873944aa3ffffff,0.0192,0.032,0.1,0.619,1.36,1.65,5.38,6.33,6.87,4.46,1.67,0.0799,medium
873944aa4ffffff,0.0121,0.0201,0.063,0.392,0.863,1.05,3.56,4.23,4.61,2.92,1.07,0.0502,medium
873944aa5ffffff,0.0173,0.0289,0.0903,0.558,1.22,1.49,4.85,5.71,6.2,4.02,1.5,0.072,high
873944aa6ffffff,0.0129,0.0215,0.0672,0.418,0.92,1.12,3.79,4.5,4.91,3.11,1.14,0.0536,medium
873944aa8ffffff,0.291,0.483,1.47,7.64,14.4,16.5,32.9,35.6,37.1,30.2,15.4,1.17,high
873944aa9ffffff,0.0307,0.0513,0.16,0.981,2.13,2.61,8.14,9.49,10.3,6.83,2.62,0.128,high
873944aaaffffff,0.0227,0.0378,0.118,0.72,1.56,1.91,5.86,6.83,7.42,4.93,1.91,0.0941,high
873944aabffffff,0.0775,0.129,0.399,2.28,4.65,5.52,14,15.7,16.8,12.2,5.33,0.317,high
873944aacffffff,0.0159,0.0266,0.0832,0.515,1.13,1.39,4.55,5.36,5.86,3.77,1.41,0.0664,high
873944aadffffff,0.0233,0.0389,0.121,0.749,1.64,2.01,6.45,7.57,8.26,5.38,2.03,0.0969,high
873944aaeffffff,0.0297,0.0496,0.155,0.949,2.06,2.52,7.84,9.14,9.92,6.59,2.53,0.124,high
873944ab0ffffff,0.0136,0.0228,0.0712,0.443,0.975,1.19,4.01,4.76,5.18,3.29,1.21,0.0568,high
873944ab1ffffff,0.0146,0.0243,0.076,0.471,1.04,1.26,4.21,4.98,5.42,3.47,1.28,0.0606,high
873944ab2ffffff,0.0145,0.0242,0.0756,0.468,1.02,1.24,4.26,4.98,5.46,3.47,1.29,0.0604,high
873944ab3ffffff,0.0121,0.0202,0.0631,0.391,0.859,1.05,3.57,4.2,4.59,2.91,1.07,0.0504,high
873944ab4ffffff,0.0133,0.0223,0.0697,0.431,0.945,1.15,3.84,4.57,4.96,3.17,1.18,0.0556,high
873944ab5ffffff,0.0186,0.031,0.0966,0.589,1.28,1.54,4.77,5.57,6.02,4,1.54,0.0771,high
873944ab6ffffff,0.0135,0.0226,0.0705,0.437,0.958,1.16,3.93,4.67,5.08,3.24,1.2,0.0563,medium
873944ac0ffffff,0.015,0.0251,0.0784,0.485,1.06,1.32,4.3,5.04,5.56,3.57,1.33,0.0627,medium
873944ac1ffffff,0.0164,0.0273,0.0853,0.527,1.15,1.45,4.67,5.41,6,3.86,1.45,0.0681,medium
873944ac2ffffff,0.015,0.0251,0.0783,0.484,1.06,1.32,4.3,5.03,5.55,3.56,1.33,0.0626,medium
873944ac3ffffff,0.0134,0.0224,0.0699,0.432,0.946,1.19,3.87,4.51,4.99,3.19,1.19,0.0558,medium
873944ac4ffffff,0.0235,0.0392,0.122,0.754,1.64,2.05,6.51,7.59,8.34,5.43,2.06,0.0978,low
873944ac5ffffff,0.024,0.0401,0.125,0.77,1.68,2.09,6.63,7.71,8.48,5.53,2.1,0.1,medium
873944ac6ffffff,0.0181,0.0302,0.0942,0.581,1.27,1.58,5.1,5.96,6.56,4.24,1.59,0.0753,medium
873944ac8ffffff,0.0124,0.0206,0.0644,0.399,0.873,1.1,3.59,4.16,4.63,2.95,1.1,0.0515,low
873944ac9ffffff,0.0124,0.0206,0.0645,0.4,0.876,1.1,3.6,4.17,4.65,2.97,1.1,0.0515,medium
873944acaffffff,0.0126,0.021,0.0656,0.406,0.889,1.12,3.65,4.23,4.7,3,1.12,0.0524,medium
873944acbffffff,0.0131,0.0219,0.0685,0.424,0.928,1.17,3.8,4.41,4.9,3.13,1.17,0.0548,medium
873944accffffff,0.0122,0.0204,0.0639,0.395,0.865,1.09,3.56,4.12,4.58,2.93,1.09,0.051,medium
873944acdffffff,0.0116,0.0194,0.0605,0.375,0.82,1.03,3.38,3.91,4.35,2.78,1.04,0.0484,medium
873944aceffffff,0.0127,0.0212,0.0661,0.409,0.895,1.13,3.68,4.26,4.74,3.03,1.13,0.0528,medium
873944ad0ffffff,0.018,0.0301,0.094,0.58,1.26,1.57,5.18,6.02,6.62,4.25,1.59,0.075,medium
873944ad1ffffff,0.0158,0.0264,0.0826,0.51,1.11,1.39,4.56,5.33,5.86,3.76,1.41,0.066,medium
873944ad2ffffff,0.0166,0.0276,0.0864,0.533,1.16,1.45,4.79,5.57,6.12,3.92,1.47,0.069,high
873944ad3ffffff,0.017,0.0284,0.0887,0.548,1.19,1.49,4.91,5.72,6.28,4.03,1.51,0.0708,medium
873944ad4ffffff,0.0167,0.028,0.0873,0.539,1.18,1.47,4.77,5.58,6.15,3.96,1.48,0.0698,medium
873944ad5ffffff,0.0193,0.0323,0.101,0.622,1.36,1.69,5.43,6.34,6.98,4.52,1.7,0.0806,medium
873944ad6ffffff,0.0175,0.0292,0.0912,0.563,1.23,1.52,5.04,5.86,6.44,4.13,1.55,0.0728,medium
873944ad8ffffff,0.0144,0.024,0.075,0.464,1.02,1.27,4.2,4.89,5.37,3.43,1.28,0.0599,medium
873944ad9ffffff,0.0135,0.0225,0.0702,0.435,0.954,1.2,3.96,4.62,5.07,3.23,1.2,0.0561,medium
873944adaffffff,0.0143,0.0238,0.0745,0.461,1.01,1.26,4.17,4.86,5.34,3.41,1.27,0.0595,medium
873944adbffffff,0.016,0.0267,0.0835,0.517,1.13,1.42,4.68,5.46,5.98,3.83,1.43,0.0667,medium
873944adcffffff,0.0135,0.0226,0.0706,0.437,0.955,1.19,3.92,4.58,5.05,3.23,1.21,0.0564,medium
873944addffffff,0.0131,0.0219,0.0683,0.423,0.926,1.17,3.81,4.43,4.9,3.13,1.17,0.0546,medium
873944adeffffff,0.0134,0.0223,0.0698,0.431,0.943,1.17,3.91,4.56,5.02,3.2,1.19,0.0557,medium
873944ae0ffffff,0.0415,0.0693,0.215,1.29,2.73,3.35,9.67,11.1,12.1,8.23,3.3,0.172,high
873944ae1ffffff,0.0238,0.0398,0.124,0.763,1.66,2.07,6.58,7.69,8.42,5.48,2.08,0.0991,medium
873944ae2ffffff,0.0235,0.0393,0.123,0.756,1.65,2.05,6.53,7.62,8.37,5.45,2.06,0.098,medium
873944ae3ffffff,0.0249,0.0415,0.13,0.798,1.74,2.16,6.88,8.02,8.81,5.74,2.17,0.104,medium
873944ae4ffffff,0.0301,0.0502,0.157,0.957,2.06,2.6,8.07,9.46,10.2,6.74,2.6,0.125,medium
873944ae5ffffff,0.0316,0.0528,0.165,1,2.16,2.73,8.41,9.85,10.6,7.03,2.72,0.132,medium
873944ae6ffffff,0.043,0.0717,0.223,1.33,2.83,3.46,9.9,11.3,12.3,8.45,3.41,0.178,high
873944ae8ffffff,0.0223,0.0373,0.116,0.719,1.57,1.97,6.3,7.26,8.05,5.21,1.97,0.0931,high
873944ae9ffffff,0.0224,0.0374,0.117,0.719,1.56,1.96,6.19,7.13,7.88,5.14,1.96,0.0933,medium
873944aeaffffff,0.0167,0.0278,0.0869,0.537,1.17,1.48,4.77,5.52,6.13,3.94,1.48,0.0694,high
873944aebffffff,0.015,0.025,0.078,0.482,1.05,1.33,4.29,4.97,5.51,3.54,1.33,0.0623,medium
873944aecffffff,0.0201,0.0335,0.105,0.645,1.4,1.77,5.68,6.6,7.25,4.68,1.77,0.0836,high
873944aedffffff,0.0216,0.036,0.112,0.692,1.5,1.9,6.06,7.06,7.71,5,1.9,0.0898,medium
873944aeeffffff,0.0203,0.0339,0.106,0.654,1.43,1.79,5.72,6.63,7.33,4.74,1.79,0.0846,medium
873944af0ffffff,0.0239,0.0399,0.124,0.766,1.67,2.07,6.6,7.69,8.44,5.5,2.08,0.0994,medium
873944af1ffffff,0.0212,0.0354,0.111,0.681,1.48,1.85,5.88,6.86,7.54,4.91,1.86,0.0883,low
873944af2ffffff,0.107,0.177,0.533,2.72,5.23,6.12,15,16.9,18.1,13.1,5.89,0.423,high
873944af3ffffff,0.0183,0.0306,0.0956,0.59,1.29,1.61,5.18,6.05,6.67,4.3,1.62,0.0764,low
873944af4ffffff,0.0267,0.0446,0.139,0.856,1.87,2.3,7.28,8.52,9.29,6.09,2.31,0.111,medium
873944af5ffffff,0.0316,0.0528,0.164,0.995,2.13,2.63,7.79,8.97,9.78,6.61,2.61,0.131,medium
873944af6ffffff,0.0325,0.0543,0.169,1.04,2.26,2.76,8.57,9.99,10.9,7.21,2.77,0.135,high
873944b00ffffff,0.0189,0.0316,0.0985,0.6,1.28,1.59,5.02,5.96,6.46,4.25,1.65,0.0787,high
873944b01ffffff,0.0146,0.0243,0.076,0.464,0.992,1.24,3.95,4.7,5.1,3.33,1.28,0.0607,high
873944b02ffffff,0.028,0.0467,0.145,0.853,1.77,2.16,6.13,7.14,7.67,5.3,2.19,0.116,high
873944b03ffffff,0.134,0.221,0.658,3.18,5.81,6.75,14.8,16.6,17.5,13.3,6.54,0.522,high
873944b04ffffff,0.016,0.0267,0.0833,0.503,1.06,1.32,4.01,4.72,5.1,3.42,1.36,0.0666,medium
873944b05ffffff,0.0113,0.019,0.0592,0.362,0.774,0.966,3.11,3.71,4.04,2.62,1.01,0.0473,medium
873944b06ffffff,0.0215,0.0358,0.112,0.671,1.41,1.74,5.2,6.1,6.57,4.47,1.79,0.0891,high
873944b08ffffff,0.014,0.0233,0.0728,0.445,0.957,1.21,3.85,4.58,4.93,3.21,1.23,0.0582,medium
873944b09ffffff,0.0142,0.0237,0.0739,0.452,0.972,1.23,3.92,4.66,5.01,3.26,1.25,0.0591,medium
873944b0affffff,0.0188,0.0314,0.0979,0.596,1.27,1.59,4.97,5.88,6.35,4.19,1.63,0.0782,medium
873944b0bffffff,0.0157,0.0262,0.0817,0.5,1.07,1.36,4.32,5.13,5.52,3.6,1.38,0.0653,low
873944b0cffffff,0.011,0.0184,0.0574,0.351,0.753,0.942,3.03,3.61,3.92,2.54,0.975,0.0459,medium
873944b0dffffff,0.0169,0.0282,0.0879,0.532,1.13,1.42,4.3,5.06,5.41,3.63,1.43,0.0702,medium
873944b0effffff,0.0185,0.0308,0.0962,0.586,1.25,1.56,4.93,5.86,6.36,4.17,1.62,0.0769,high
873944b10ffffff,0.0126,0.021,0.0656,0.4,0.853,1.04,3.37,4.02,4.42,2.88,1.11,0.0524,high
873944b11ffffff,0.0151,0.0252,0.0788,0.481,1.03,1.28,4.07,4.84,5.26,3.44,1.33,0.063,high
873944b12ffffff,0.0129,0.0216,0.0674,0.413,0.889,1.09,3.56,4.27,4.65,3,1.14,0.053900000000000003,high
873944b13ffffff,0.0149,0.0249,0.0777,0.475,1.02,1.26,4.06,4.84,5.26,3.42,1.31,0.0621,high
873944b14ffffff,0.0109,0.0182,0.057,0.348,0.741,0.908,2.94,3.52,3.87,2.52,0.968,0.0455,high
873944b15ffffff,0.0124,0.0208,0.0648,0.396,0.845,1.04,3.37,4.02,4.39,2.86,1.1,0.0518,high
873944b16ffffff,0.0132,0.0221,0.069,0.421,0.895,1.1,3.52,4.2,4.62,3.02,1.17,0.0551,high
873944b18ffffff,0.0187,0.0313,0.0976,0.595,1.27,1.58,5.01,5.95,6.46,4.24,1.64,0.078,high
873944b19ffffff,0.0184,0.0307,0.0958,0.584,1.25,1.56,4.95,5.89,6.38,4.18,1.61,0.0765,high
873944b1affffff,0.0213,0.0355,0.111,0.679,1.47,1.82,5.8,6.86,7.4,4.82,1.85,0.0886,high
873944b1bffffff,0.0212,0.0355,0.111,0.679,1.47,1.82,5.86,6.95,7.51,4.87,1.86,0.0885,medium
873944b1cffffff,0.0359,0.0599,0.186,1.1,2.29,2.8,7.86,9.13,9.78,6.83,2.83,0.148,high
873944b1dffffff,0.0196,0.0328,0.102,0.624,1.33,1.66,5.25,6.24,6.77,4.45,1.72,0.0818,high
873944b1effffff,0.0163,0.0272,0.0849,0.518,1.11,1.38,4.4,5.23,5.67,3.71,1.43,0.0678,high
873944b20ffffff,0.00918,0.0153,0.0478,0.291,0.61,0.73,2.27,2.71,3.09,2.09,0.813,0.0382,low
873944b21ffffff,0.0126,0.021,0.0657,0.4,0.836,1,3.08,3.68,4.18,2.85,1.11,0.0525,low
873944b22ffffff,0.01,0.0168,0.0523,0.319,0.677,0.827,2.63,3.15,3.5,2.31,0.89,0.0418,low
873944b23ffffff,0.0102,0.0171,0.0534,0.326,0.688,0.836,2.63,3.15,3.52,2.35,0.908,0.0427,low
873944b24ffffff,0.0106,0.0177,0.0552,0.336,0.702,0.834,2.59,3.09,3.52,2.39,0.934,0.0441,low
873944b25ffffff,0.00993,0.0166,0.0518,0.315,0.659,0.789,2.44,2.91,3.31,2.25,0.877,0.0414,low
873944b26ffffff,0.00915,0.0153,0.0477,0.291,0.608,0.721,2.26,2.7,3.09,2.09,0.812,0.0381,low
873944b28ffffff,0.0121,0.0201,0.0628,0.382,0.8,0.957,2.95,3.53,4.02,2.73,1.06,0.0502,low
873944b29ffffff,0.0125,0.0209,0.0653,0.397,0.837,1.03,3.19,3.8,4.24,2.83,1.1,0.0522,low
873944b2affffff,0.0109,0.0183,0.057,0.349,0.745,0.928,2.98,3.56,3.88,2.53,0.969,0.0456,medium
873944b2bffffff,0.0111,0.0186,0.0581,0.355,0.761,0.953,3.04,3.63,3.95,2.58,0.987,0.0464,medium
873944b2cffffff,0.0164,0.0273,0.0853,0.518,1.08,1.3,3.97,4.73,5.38,3.67,1.44,0.0682,low
873944b2dffffff,0.0149,0.0249,0.0776,0.472,0.99,1.2,3.69,4.39,4.95,3.35,1.31,0.062,low
873944b2effffff,0.0107,0.0178,0.0556,0.338,0.711,0.856,2.67,3.19,3.61,2.43,0.944,0.0444,low
873944b30ffffff,0.0107,0.0179,0.0558,0.341,0.725,0.888,2.87,3.43,3.77,2.46,0.947,0.0446,medium
873944b31ffffff,0.0117,0.0195,0.0609,0.371,0.791,0.969,3.12,3.72,4.08,2.67,1.03,0.0487,medium
873944b32ffffff,0.0101,0.0168,0.0524,0.32,0.682,0.835,2.71,3.24,3.57,2.32,0.891,0.0419,medium
873944b33ffffff,0.0107,0.0178,0.0557,0.34,0.724,0.887,2.87,3.44,3.78,2.46,0.946,0.0445,medium
873944b34ffffff,0.00843,0.0141,0.044,0.269,0.572,0.7,2.28,2.72,3,1.95,0.749,0.0351,medium
873944b35ffffff,0.00868,0.0145,0.0453,0.277,0.587,0.715,2.31,2.76,3.07,2.01,0.772,0.0362,low
873944b36ffffff,0.00979,0.0163,0.051,0.312,0.664,0.813,2.64,3.16,3.47,2.26,0.868,0.0408,medium
873944b40ffffff,0.0109,0.0183,0.057,0.35,0.752,0.957,3.05,3.61,3.92,2.54,0.968,0.0456,medium
873944b41ffffff,0.0108,0.018,0.0563,0.345,0.741,0.942,3,3.57,3.89,2.51,0.958,0.045,medium
873944b42ffffff,0.0124,0.0207,0.0646,0.398,0.864,1.1,3.53,4.21,4.52,2.91,1.1,0.0516,medium
873944b43ffffff,0.0123,0.0205,0.064,0.394,0.856,1.09,3.5,4.17,4.48,2.89,1.09,0.0512,medium
873944b44ffffff,0.0196,0.0327,0.102,0.614,1.3,1.63,4.86,5.69,6.18,4.15,1.65,0.0813,low
873944b45ffffff,0.0122,0.0204,0.0638,0.39,0.835,1.06,3.36,3.98,4.35,2.83,1.08,0.051,medium
873944b46ffffff,0.011,0.0183,0.0572,0.351,0.756,0.96,3.07,3.65,3.95,2.56,0.973,0.0457,medium
873944b48ffffff,0.0122,0.0204,0.0638,0.396,0.867,1.1,3.55,4.24,4.64,2.93,1.09,0.051,medium
873944b49ffffff,0.0131,0.0219,0.0683,0.424,0.927,1.18,3.79,4.52,4.95,3.13,1.17,0.0546,medium
873944b4affffff,0.0167,0.0279,0.0872,0.538,1.17,1.48,4.66,5.54,6,3.87,1.47,0.0697,medium
873944b4bffffff,0.0145,0.0243,0.0757,0.471,1.03,1.31,4.18,4.99,5.47,3.47,1.29,0.0605,high
873944b4cffffff,0.013,0.0217,0.0677,0.415,0.892,1.14,3.61,4.27,4.67,3.01,1.15,0.0541,medium
873944b4dffffff,0.0124,0.0206,0.0644,0.397,0.861,1.1,3.55,4.2,4.59,2.91,1.1,0.0515,medium
873944b4effffff,0.0179,0.0299,0.0933,0.572,1.24,1.57,4.93,5.83,6.25,4.08,1.56,0.0745,high
873944b50ffffff,0.0213,0.0355,0.111,0.677,1.45,1.84,5.75,6.81,7.31,4.81,1.86,0.0886,low
873944b51ffffff,0.0164,0.0273,0.0852,0.525,1.14,1.45,4.63,5.5,5.9,3.81,1.44,0.0681,medium
873944b52ffffff,0.0199,0.0333,0.104,0.635,1.36,1.72,5.43,6.44,6.92,4.54,1.75,0.083,low
873944b53ffffff,0.0222,0.037,0.116,0.708,1.53,1.94,6.1,7.23,7.75,5.07,1.94,0.0923,low
873944b54ffffff,0.0155,0.0259,0.0809,0.495,1.06,1.35,4.28,5.08,5.47,3.57,1.37,0.0647,medium
873944b55ffffff,0.015,0.0251,0.0784,0.481,1.04,1.32,4.21,5,5.38,3.49,1.33,0.0627,medium
873944b56ffffff,0.0204,0.034,0.106,0.647,1.39,1.75,5.46,6.45,6.92,4.57,1.77,0.0848,low
873944b58ffffff,0.0198,0.0331,0.103,0.633,1.37,1.74,5.47,6.48,6.95,4.53,1.73,0.0825,medium
873944b59ffffff,0.0204,0.0341,0.106,0.653,1.42,1.8,5.67,6.72,7.23,4.7,1.79,0.0849,high
873944b5affffff,0.0245,0.0409,0.128,0.783,1.69,2.15,6.75,7.99,8.56,5.6,2.14,0.102,medium
873944b5bffffff,0.0223,0.0372,0.116,0.713,1.54,1.96,6.15,7.28,7.81,5.1,1.95,0.0928,high
873944b5cffffff,0.0138,0.023,0.0719,0.443,0.962,1.23,3.93,4.68,5.03,3.24,1.22,0.0575,medium
873944b5dffffff,0.0131,0.0218,0.0681,0.419,0.91,1.16,3.73,4.44,4.77,3.07,1.16,0.0544,medium
873944b5effffff,0.0209,0.035,0.109,0.671,1.45,1.85,5.83,6.91,7.42,4.83,1.84,0.0872,medium
873944b60ffffff,0.0188,0.0314,0.0979,0.592,1.25,1.58,4.75,5.57,6.07,4.07,1.6,0.0782,medium
873944b61ffffff,0.0152,0.0253,0.0791,0.482,1.03,1.3,4.06,4.79,5.23,3.43,1.33,0.0632,medium
873944b62ffffff,0.0118,0.0197,0.0616,0.376,0.798,0.995,3.13,3.72,4.12,2.71,1.05,0.0492,low
873944b63ffffff,0.0134,0.0223,0.0696,0.425,0.91,1.15,3.65,4.32,4.72,3.07,1.18,0.0556,low
873944b64ffffff,0.014,0.0234,0.0732,0.445,0.941,1.16,3.61,4.28,4.75,3.17,1.23,0.0585,low
873944b65ffffff,0.0128,0.0214,0.0668,0.408,0.871,1.1,3.47,4.1,4.48,2.93,1.13,0.0534,low
873944b66ffffff,0.0135,0.0225,0.0704,0.428,0.903,1.11,3.44,4.09,4.57,3.06,1.19,0.0563,low
873944b68ffffff,0.0144,0.024,0.0749,0.458,0.98,1.24,3.93,4.65,5.09,3.31,1.27,0.0599,low
873944b69ffffff,0.017,0.0284,0.0886,0.546,1.18,1.51,4.82,5.68,6.2,3.96,1.5,0.0708,low
873944b6affffff,0.0132,0.022,0.0687,0.42,0.898,1.14,3.6,4.26,4.66,3.03,1.16,0.0549,medium
873944b6bffffff,0.0141,0.0235,0.0734,0.451,0.971,1.24,3.95,4.66,5.09,3.27,1.24,0.0587,medium
873944b6cffffff,0.0145,0.0242,0.0755,0.461,0.984,1.25,3.91,4.62,5.05,3.3,1.27,0.0604,low
873944b6dffffff,0.0138,0.0231,0.0721,0.442,0.952,1.21,3.86,4.57,4.99,3.21,1.22,0.0576,low
873944b6effffff,0.0149,0.0248,0.0775,0.474,1.01,1.28,4.05,4.79,5.23,3.41,1.31,0.062,medium
873944b70ffffff,0.013,0.0216,0.0675,0.411,0.868,1.07,3.32,3.96,4.41,2.94,1.14,0.054,medium
873944b71ffffff,0.0129,0.0215,0.0672,0.409,0.863,1.06,3.3,3.93,4.38,2.92,1.14,0.0537,low
873944b72ffffff,0.0275,0.0459,0.143,0.855,1.8,2.25,6.52,7.6,8.1,5.56,2.25,0.114,medium
873944b73ffffff,0.0161,0.0269,0.084,0.513,1.1,1.39,4.36,5.17,5.57,3.66,1.41,0.0671,medium
873944b74ffffff,0.0137,0.0228,0.0713,0.433,0.914,1.12,3.47,4.14,4.62,3.09,1.2,0.0569,low
873944b75ffffff,0.0129,0.0216,0.0674,0.411,0.866,1.06,3.31,3.94,4.4,2.94,1.14,0.053900000000000003,low
873944b76ffffff,0.0117,0.0196,0.0612,0.374,0.796,0.993,3.13,3.73,4.09,2.69,1.04,0.0489,medium
873944b80ffffff,0.0131,0.0218,0.0682,0.419,0.908,1.12,3.69,4.42,4.79,3.06,1.16,0.0545,low
873944b81ffffff,0.0164,0.0273,0.0853,0.522,1.13,1.39,4.49,5.36,5.8,3.75,1.43,0.0681,low
873944b82ffffff,0.0197,0.0329,0.103,0.621,1.33,1.61,4.95,5.82,6.27,4.18,1.63,0.0818,low
873944b83ffffff,0.0143,0.024,0.0748,0.46,0.996,1.22,4,4.78,5.18,3.33,1.26,0.0598,low
873944b84ffffff,0.015,0.025,0.0781,0.479,1.04,1.27,4.18,5,5.42,3.48,1.32,0.0624,medium
873944b85ffffff,0.0134,0.0223,0.0698,0.428,0.928,1.14,3.75,4.49,4.87,3.12,1.18,0.0557,low
873944b86ffffff,0.0135,0.0226,0.0705,0.433,0.938,1.15,3.79,4.54,4.92,3.15,1.19,0.0563,medium
873944b88ffffff,0.0157,0.0262,0.082,0.504,1.1,1.36,4.46,5.3,5.73,3.67,1.39,0.0655,medium
873944b89ffffff,0.0167,0.0279,0.0872,0.536,1.16,1.44,4.69,5.57,6.01,3.87,1.47,0.0696,high
873944b8affffff,0.0162,0.027,0.0845,0.522,1.14,1.4,4.59,5.42,5.88,3.79,1.42,0.0674,medium
873944b8bffffff,0.0126,0.021,0.0656,0.406,0.891,1.1,3.66,4.35,4.72,3.01,1.12,0.0524,high
873944b8cffffff,0.018,0.03,0.0938,0.576,1.25,1.55,5.03,5.97,6.44,4.16,1.58,0.0749,medium
873944b8dffffff,0.0207,0.0345,0.108,0.66,1.43,1.77,5.66,6.69,7.21,4.69,1.79,0.086,high
873944b8effffff,0.0135,0.0226,0.0705,0.434,0.944,1.17,3.84,4.57,4.95,3.17,1.19,0.0563,medium
873944b90ffffff,0.0131,0.022,0.0687,0.425,0.932,1.13,3.8,4.52,4.91,3.14,1.16,0.0548,low
873944b91ffffff,0.0145,0.0241,0.0755,0.468,1.03,1.24,4.19,4.99,5.4,3.45,1.28,0.0602,low
873944b92ffffff,0.0204,0.0341,0.106,0.649,1.4,1.68,5.31,6.22,6.75,4.46,1.71,0.0848,medium
873944b93ffffff,0.0137,0.0229,0.0716,0.444,0.972,1.18,3.96,4.71,5.11,3.27,1.21,0.0571,medium
873944b94ffffff,0.0146,0.0244,0.0764,0.474,1.03,1.24,4.21,4.98,5.47,3.49,1.29,0.061,medium
873944b95ffffff,0.0128,0.0214,0.0669,0.413,0.902,1.1,3.68,4.39,4.76,3.04,1.13,0.0534,low
873944b96ffffff,0.0319,0.0532,0.166,0.996,2.11,2.5,7.47,8.61,9.36,6.38,2.54,0.132,medium
873944b98ffffff,0.0149,0.0248,0.0775,0.48,1.05,1.28,4.28,5.1,5.53,3.54,1.31,0.0619,medium
873944b99ffffff,0.0134,0.0223,0.0698,0.434,0.955,1.17,3.92,4.65,5.07,3.22,1.19,0.0557,medium
873944b9affffff,0.0141,0.0235,0.0736,0.456,0.999,1.21,4.07,4.84,5.24,3.36,1.24,0.0587,medium
873944b9bffffff,0.0118,0.0198,0.0618,0.384,0.846,1.03,3.49,4.15,4.52,2.87,1.05,0.0493,high
873944b9cffffff,0.016,0.0267,0.0835,0.516,1.13,1.37,4.53,5.37,5.81,3.75,1.4,0.0666,low
873944b9dffffff,0.0126,0.021,0.0657,0.408,0.896,1.09,3.69,4.4,4.78,3.03,1.12,0.0524,medium
873944b9effffff,0.0119,0.0199,0.0623,0.387,0.849,1.03,3.5,4.17,4.53,2.88,1.06,0.0497,medium
873944ba0ffffff,0.0152,0.0254,0.0793,0.485,1.05,1.29,4.17,4.98,5.38,3.48,1.33,0.0633,low
873944ba1ffffff,0.0148,0.0246,0.077,0.472,1.02,1.26,4.13,4.94,5.36,3.44,1.3,0.0615,medium
873944ba2ffffff,0.0146,0.0244,0.0762,0.468,1.01,1.24,4.07,4.87,5.27,3.39,1.29,0.0609,medium
873944ba3ffffff,0.0155,0.0258,0.0805,0.493,1.07,1.31,4.24,5.06,5.47,3.54,1.35,0.0643,medium
873944ba4ffffff,0.0123,0.0206,0.0642,0.394,0.853,1.05,3.46,4.15,4.51,2.88,1.09,0.0513,medium
873944ba5ffffff,0.0133,0.0223,0.0695,0.426,0.919,1.13,3.69,4.42,4.81,3.09,1.18,0.0556,medium
873944ba6ffffff,0.0123,0.0206,0.0643,0.395,0.856,1.05,3.48,4.17,4.53,2.89,1.09,0.0514,medium
873944ba8ffffff,0.0174,0.0291,0.0908,0.557,1.21,1.5,4.83,5.72,6.17,4,1.52,0.0725,medium
873944ba9ffffff,0.0236,0.0394,0.123,0.749,1.62,1.99,6.23,7.33,7.88,5.2,2.01,0.0981,medium
873944baaffffff,0.0174,0.029,0.0906,0.556,1.21,1.49,4.84,5.76,6.23,4.02,1.52,0.0723,medium
873944babffffff,0.0226,0.0377,0.118,0.72,1.56,1.93,6.17,7.3,7.87,5.13,1.96,0.0939,medium
873944bacffffff,0.0143,0.0239,0.0747,0.459,0.996,1.23,4.04,4.83,5.23,3.35,1.26,0.0597,medium
873944badffffff,0.0199,0.0332,0.104,0.637,1.38,1.72,5.55,6.58,7.1,4.59,1.74,0.0829,medium
873944baeffffff,0.0142,0.0238,0.0743,0.456,0.988,1.21,4,4.79,5.19,3.32,1.26,0.0593,medium
873944bb0ffffff,0.0154,0.0256,0.08,0.491,1.06,1.28,4.24,5.06,5.56,3.56,1.35,0.0639,medium
873944bb1ffffff,0.0137,0.0228,0.0712,0.437,0.947,1.16,3.83,4.59,4.98,3.19,1.21,0.0569,medium
873944bb2ffffff,0.0136,0.0227,0.071,0.437,0.942,1.14,3.81,4.54,5.01,3.19,1.2,0.0568,medium
873944bb3ffffff,0.0184,0.0307,0.0959,0.585,1.26,1.53,4.9,5.83,6.31,4.12,1.59,0.0766,medium
873944bb4ffffff,0.0162,0.027,0.0842,0.514,1.1,1.33,4.37,5.19,5.7,3.68,1.41,0.0672,medium
873944bb5ffffff,0.0141,0.0235,0.0734,0.45,0.973,1.19,3.93,4.7,5.13,3.28,1.24,0.0587,medium
873944bb6ffffff,0.0156,0.026,0.0812,0.498,1.07,1.3,4.3,5.13,5.64,3.61,1.37,0.0649,medium
873944c00ffffff,0.00495,0.00827,0.0259,0.161,0.345,0.416,1.42,1.65,1.9,1.21,0.446,0.0207,medium
873944c01ffffff,0.00542,0.00906,0.0283,0.176,0.377,0.455,1.55,1.81,2.05,1.32,0.487,0.0226,medium
873944c02ffffff,0.00512,0.00855,0.0268,0.167,0.357,0.431,1.46,1.71,1.97,1.25,0.461,0.0213,medium
873944c03ffffff,0.00488,0.00815,0.0255,0.158,0.339,0.41,1.4,1.63,1.85,1.19,0.438,0.0203,medium
873944c04ffffff,0.00438,0.00732,0.0229,0.143,0.306,0.368,1.26,1.47,1.7,1.07,0.394,0.0183,medium
873944c05ffffff,0.00479,0.008,0.025,0.155,0.334,0.402,1.38,1.61,1.85,1.17,0.431,0.02,medium
873944c06ffffff,0.00539,0.009,0.0282,0.175,0.375,0.453,1.54,1.79,2.07,1.32,0.484,0.0225,medium
873944c08ffffff,0.00688,0.0115,0.0359,0.223,0.477,0.576,1.95,2.28,2.59,1.66,0.616,0.0287,medium
873944c09ffffff,0.00662,0.0111,0.0346,0.214,0.46,0.556,1.89,2.21,2.5,1.61,0.594,0.0276,medium
873944c0affffff,0.00706,0.0118,0.0369,0.228,0.489,0.591,2,2.33,2.64,1.7,0.631,0.0294,medium
873944c0bffffff,0.00587,0.00979,0.0306,0.19,0.408,0.492,1.68,1.96,2.22,1.42,0.527,0.0244,medium
873944c0cffffff,0.00558,0.00933,0.0292,0.181,0.388,0.469,1.59,1.86,2.11,1.36,0.501,0.0233,medium
873944c0dffffff,0.00666,0.0111,0.0348,0.215,0.462,0.557,1.89,2.21,2.51,1.61,0.596,0.0277,medium
873944c0effffff,0.00579,0.00967,0.0303,0.188,0.402,0.486,1.65,1.93,2.19,1.41,0.52,0.0241,medium
873944c10ffffff,0.00556,0.00928,0.029,0.181,0.387,0.467,1.58,1.84,2.12,1.35,0.499,0.0232,low
873944c11ffffff,0.00552,0.00922,0.0289,0.18,0.385,0.464,1.58,1.84,2.12,1.35,0.497,0.023,low
873944c12ffffff,0.00567,0.00947,0.0296,0.184,0.394,0.475,1.6,1.87,2.15,1.38,0.508,0.0236,low
873944c13ffffff,0.00456,0.00761,0.0238,0.148,0.318,0.383,1.3,1.52,1.76,1.12,0.41,0.019,low
873944c14ffffff,0.00519,0.00867,0.0271,0.169,0.362,0.436,1.48,1.73,2,1.27,0.467,0.0216,medium
873944c15ffffff,0.0094,0.0157,0.049,0.301,0.637,0.763,2.41,2.77,3.15,2.1,0.804,0.0391,medium
873944c16ffffff,0.00485,0.0081,0.0254,0.158,0.338,0.408,1.38,1.61,1.86,1.18,0.436,0.0202,medium
873944c18ffffff,0.00526,0.00879,0.0275,0.171,0.366,0.442,1.5,1.76,2,1.28,0.473,0.0219,medium
873944c19ffffff,0.00667,0.0111,0.0348,0.216,0.462,0.558,1.89,2.2,2.5,1.61,0.597,0.0278,low
873944c1affffff,0.00667,0.0111,0.0349,0.216,0.464,0.561,1.89,2.19,2.5,1.61,0.597,0.0278,medium
873944c1bffffff,0.00621,0.0104,0.0324,0.201,0.431,0.521,1.77,2.06,2.34,1.5,0.557,0.0259,medium
873944c1cffffff,0.00526,0.00878,0.0275,0.171,0.366,0.442,1.5,1.75,2,1.28,0.472,0.0219,medium
873944c1dffffff,0.00613,0.0102,0.032,0.199,0.426,0.514,1.75,2.04,2.32,1.49,0.55,0.0256,medium
873944c1effffff,0.00547,0.00914,0.0286,0.178,0.381,0.46,1.56,1.82,2.1,1.34,0.492,0.0228,low
873944c20ffffff,0.00416,0.00694,0.0217,0.136,0.291,0.35,1.22,1.43,1.65,1.02,0.374,0.0173,medium
873944c21ffffff,0.00427,0.00713,0.0223,0.139,0.298,0.358,1.25,1.46,1.68,1.04,0.384,0.0178,medium
873944c22ffffff,0.00431,0.00719,0.0225,0.14,0.302,0.362,1.26,1.47,1.71,1.06,0.388,0.018,medium
873944c23ffffff,0.00419,0.00699,0.0219,0.136,0.293,0.352,1.23,1.44,1.66,1.03,0.377,0.0175,medium
873944c24ffffff,0.0051,0.00851,0.0266,0.166,0.357,0.428,1.49,1.74,2.01,1.25,0.458,0.0212,low
873944c25ffffff,0.0048,0.00802,0.0251,0.156,0.335,0.402,1.39,1.62,1.87,1.17,0.43,0.02,medium
873944c26ffffff,0.00544,0.00908,0.0284,0.177,0.379,0.455,1.58,1.84,2.12,1.32,0.486,0.0227,low
873944c28ffffff,0.00486,0.00812,0.0254,0.158,0.339,0.407,1.42,1.66,1.9,1.18,0.437,0.0203,medium
873944c29ffffff,0.00574,0.00958,0.03,0.186,0.399,0.48,1.66,1.95,2.22,1.39,0.514,0.0239,medium
873944c2affffff,0.00481,0.00803,0.0251,0.156,0.335,0.403,1.39,1.63,1.86,1.17,0.432,0.02,medium
873944c2bffffff,0.0049,0.00819,0.0256,0.159,0.342,0.411,1.42,1.67,1.9,1.19,0.44,0.0204,medium
873944c2cffffff,0.00421,0.00704,0.022,0.137,0.294,0.353,1.23,1.44,1.65,1.03,0.379,0.0176,medium
873944c2dffffff,0.00461,0.0077,0.0241,0.15,0.321,0.386,1.34,1.58,1.8,1.12,0.414,0.0192,medium
873944c2effffff,0.00475,0.00794,0.0248,0.154,0.331,0.398,1.38,1.62,1.86,1.16,0.427,0.0198,medium
873944c30ffffff,0.00537,0.00897,0.0281,0.175,0.374,0.451,1.53,1.79,2.06,1.31,0.483,0.0224,low
873944c31ffffff,0.00415,0.00694,0.0217,0.135,0.29,0.35,1.19,1.39,1.61,1.02,0.374,0.0173,medium
873944c32ffffff,0.00471,0.00786,0.0246,0.153,0.328,0.396,1.35,1.57,1.82,1.15,0.424,0.0196,low
873944c33ffffff,0.00507,0.00847,0.0265,0.165,0.353,0.426,1.44,1.68,1.94,1.24,0.455,0.0211,medium
873944c34ffffff,0.00638,0.0107,0.0333,0.208,0.444,0.533,1.82,2.11,2.45,1.54,0.569,0.0266,low
873944c35ffffff,0.00418,0.00699,0.0219,0.136,0.293,0.352,1.22,1.43,1.65,1.03,0.376,0.0174,low
873944c36ffffff,0.00502,0.00839,0.0263,0.164,0.352,0.422,1.45,1.67,1.97,1.24,0.453,0.0209,low
873944c40ffffff,0.00666,0.0111,0.0348,0.216,0.467,0.559,1.96,2.29,2.58,1.63,0.598,0.0278,high
873944c41ffffff,0.00859,0.0143,0.0449,0.28,0.607,0.724,2.54,2.95,3.32,2.11,0.769,0.0358,high
873944c42ffffff,0.00731,0.0122,0.0382,0.237,0.51,0.615,2.11,2.46,2.76,1.78,0.656,0.0305,high
873944c43ffffff,0.00806,0.0135,0.0421,0.263,0.571,0.686,2.36,2.74,3.08,1.98,0.724,0.0336,high
873944c44ffffff,0.00775,0.0129,0.0405,0.251,0.541,0.647,2.26,2.64,2.97,1.88,0.694,0.0323,medium
873944c45ffffff,0.00801,0.0134,0.0419,0.261,0.564,0.673,2.36,2.76,3.1,1.96,0.718,0.0334,medium
873944c46ffffff,0.00718,0.012,0.0375,0.232,0.5,0.6,2.09,2.43,2.74,1.74,0.642,0.0299,medium
873944c48ffffff,0.0118,0.0198,0.0618,0.385,0.833,0.994,3.42,3.96,4.43,2.86,1.05,0.0493,high
873944c49ffffff,0.0109,0.0182,0.0569,0.356,0.774,0.921,3.22,3.74,4.2,2.68,0.974,0.0454,high
873944c4affffff,0.0108,0.018,0.0564,0.352,0.764,0.92,3.14,3.63,4.08,2.65,0.967,0.045,high
873944c4bffffff,0.0137,0.0229,0.0717,0.446,0.964,1.16,3.86,4.46,4.98,3.28,1.21,0.0572,high
873944c4cffffff,0.0093,0.0155,0.0486,0.303,0.657,0.783,2.75,3.19,3.59,2.28,0.832,0.0387,high
873944c4dffffff,0.00961,0.0161,0.0502,0.314,0.68,0.811,2.85,3.31,3.71,2.36,0.861,0.0401,high
873944c4effffff,0.00948,0.0158,0.0496,0.309,0.671,0.804,2.77,3.22,3.61,2.32,0.849,0.0395,high
873944c50ffffff,0.00722,0.0121,0.0377,0.234,0.503,0.607,2.08,2.42,2.73,1.75,0.647,0.0301,medium
873944c51ffffff,0.00803,0.0134,0.042,0.26,0.559,0.674,2.29,2.67,3.01,1.94,0.718,0.0335,high
873944c52ffffff,0.00763,0.0127,0.0399,0.247,0.532,0.642,2.19,2.55,2.87,1.85,0.684,0.0318,medium
873944c53ffffff,0.00874,0.0146,0.0457,0.283,0.608,0.734,2.5,2.92,3.28,2.11,0.782,0.0364,medium
873944c54ffffff,0.00626,0.0105,0.0327,0.203,0.437,0.527,1.81,2.11,2.37,1.52,0.562,0.0261,medium
873944c55ffffff,0.00719,0.012,0.0375,0.233,0.501,0.605,2.07,2.41,2.71,1.74,0.644,0.03,medium
873944c56ffffff,0.007,0.0117,0.0366,0.227,0.488,0.589,2.01,2.35,2.64,1.7,0.627,0.0292,medium
873944c58ffffff,0.0107,0.0178,0.0557,0.348,0.754,0.908,3.1,3.59,4.02,2.61,0.955,0.0444,high
873944c59ffffff,0.0114,0.0191,0.0598,0.373,0.809,0.973,3.31,3.83,4.3,2.8,1.02,0.0477,high
873944c5affffff,0.0112,0.0188,0.0587,0.366,0.792,0.954,3.25,3.77,4.22,2.74,1.01,0.0468,high
873944c5bffffff,0.0131,0.0218,0.0683,0.426,0.924,1.11,3.78,4.37,4.9,3.19,1.17,0.0545,medium
873944c5cffffff,0.00872,0.0146,0.0456,0.284,0.614,0.74,2.53,2.94,3.3,2.13,0.782,0.0364,high
873944c5dffffff,0.00963,0.0161,0.0503,0.314,0.682,0.821,2.81,3.26,3.66,2.37,0.864,0.0401,high
873944c5effffff,0.00991,0.0165,0.0518,0.321,0.69,0.832,2.82,3.28,3.69,2.39,0.884,0.0413,high
873944c60ffffff,0.00789,0.0132,0.0412,0.255,0.549,0.657,2.28,2.66,2.99,1.9,0.703,0.0329,medium
873944c61ffffff,0.00655,0.0109,0.0342,0.213,0.459,0.549,1.93,2.25,2.53,1.6,0.587,0.0273,high
873944c62ffffff,0.00693,0.0116,0.0362,0.224,0.483,0.578,2.02,2.36,2.66,1.68,0.62,0.0289,medium
873944c63ffffff,0.0077,0.0129,0.0402,0.249,0.537,0.643,2.25,2.62,2.96,1.87,0.689,0.0321,medium
873944c64ffffff,0.00595,0.00994,0.0311,0.193,0.416,0.498,1.75,2.04,2.3,1.45,0.534,0.0248,low
873944c65ffffff,0.00812,0.0136,0.0424,0.263,0.566,0.677,2.35,2.74,3.08,1.95,0.724,0.0339,low
873944c66ffffff,0.00622,0.0104,0.0325,0.202,0.434,0.52,1.82,2.13,2.4,1.51,0.557,0.0259,low
873944c68ffffff,0.019,0.0317,0.099,0.604,1.28,1.51,4.77,5.45,6.03,4.06,1.57,0.0789,high
873944c69ffffff,0.00806,0.0135,0.0421,0.263,0.571,0.681,2.4,2.79,3.14,1.99,0.724,0.0336,high
873944c6affffff,0.00858,0.0143,0.0449,0.28,0.607,0.724,2.55,2.96,3.32,2.11,0.77,0.0358,high
873944c6bffffff,0.012,0.0201,0.0628,0.391,0.845,1.01,3.45,4,4.47,2.88,1.06,0.0501,high
873944c6cffffff,0.0173,0.0289,0.0903,0.551,1.17,1.38,4.31,4.92,5.44,3.68,1.43,0.0719,high
873944c6dffffff,0.00751,0.0125,0.0392,0.245,0.532,0.634,2.24,2.6,2.92,1.86,0.674,0.0313,high
873944c6effffff,0.00871,0.0145,0.0455,0.283,0.613,0.73,2.53,2.93,3.29,2.11,0.774,0.0363,high
873944c70ffffff,0.00588,0.00981,0.0307,0.191,0.41,0.492,1.72,2.02,2.27,1.43,0.527,0.0245,medium
873944c71ffffff,0.00723,0.0121,0.0378,0.234,0.504,0.604,2.11,2.46,2.77,1.75,0.647,0.0301,medium
873944c72ffffff,0.00685,0.0114,0.0358,0.222,0.477,0.575,1.98,2.31,2.61,1.66,0.614,0.0285,medium
873944c73ffffff,0.00658,0.011,0.0344,0.213,0.459,0.551,1.92,2.24,2.52,1.6,0.59,0.0274,medium
873944c74ffffff,0.00607,0.0101,0.0317,0.197,0.424,0.508,1.77,2.07,2.35,1.47,0.545,0.0253,medium
873944c75ffffff,0.00619,0.0103,0.0323,0.201,0.432,0.517,1.81,2.12,2.38,1.5,0.555,0.0258,medium
873944c76ffffff,0.00499,0.00833,0.0261,0.162,0.348,0.418,1.45,1.7,1.94,1.21,0.448,0.0208,medium
873944c80ffffff,0.00634,0.0106,0.0331,0.206,0.441,0.533,1.79,2.07,2.4,1.55,0.569,0.0264,medium
873944c81ffffff,0.00627,0.0105,0.0328,0.204,0.437,0.528,1.78,2.06,2.39,1.54,0.565,0.0261,medium
873944c82ffffff,0.00615,0.0103,0.0322,0.2,0.428,0.518,1.74,2.02,2.34,1.5,0.554,0.0257,medium
873944c83ffffff,0.00802,0.0134,0.0419,0.261,0.556,0.672,2.23,2.59,2.99,1.94,0.717,0.0334,medium
873944c84ffffff,0.00506,0.00845,0.0264,0.165,0.352,0.426,1.44,1.67,1.94,1.24,0.456,0.0211,low
873944c85ffffff,0.00644,0.0108,0.0337,0.209,0.448,0.541,1.81,2.09,2.42,1.56,0.577,0.0268,medium
873944c86ffffff,0.00577,0.00963,0.0301,0.188,0.401,0.483,1.64,1.9,2.23,1.42,0.52,0.024,low
873944c88ffffff,0.00788,0.0132,0.0411,0.256,0.548,0.663,2.21,2.56,2.95,1.91,0.704,0.0328,medium
873944c89ffffff,0.00703,0.0117,0.0367,0.229,0.493,0.599,2.01,2.32,2.67,1.72,0.632,0.0293,medium
873944c8affffff,0.00972,0.0162,0.0508,0.315,0.672,0.811,2.69,3.1,3.58,2.33,0.865,0.0405,medium
873944c8bffffff,0.00738,0.0123,0.0386,0.24,0.518,0.629,2.12,2.44,2.81,1.81,0.664,0.0308,medium
873944c8cffffff,0.00645,0.0108,0.0337,0.21,0.449,0.543,1.83,2.12,2.46,1.58,0.581,0.0269,medium
873944c8dffffff,0.00628,0.0105,0.0328,0.205,0.44,0.535,1.8,2.08,2.4,1.54,0.566,0.0262,medium
873944c8effffff,0.00971,0.0162,0.0506,0.311,0.658,0.79,2.49,2.86,3.28,2.18,0.833,0.0404,medium
873944c90ffffff,0.00897,0.015,0.0468,0.29,0.612,0.736,2.45,2.79,3.29,2.12,0.795,0.0374,medium
873944c91ffffff,0.00664,0.0111,0.0347,0.216,0.459,0.554,1.88,2.16,2.53,1.61,0.597,0.0277,medium
873944c92ffffff,0.0081,0.0135,0.0423,0.263,0.556,0.669,2.27,2.59,3.07,1.96,0.726,0.0337,medium
873944c93ffffff,0.0113,0.0188,0.0587,0.36,0.754,0.903,2.88,3.27,3.8,2.51,0.965,0.0468,medium
873944c94ffffff,0.00996,0.0166,0.052,0.323,0.681,0.816,2.7,3.08,3.63,2.35,0.879,0.0415,high
873944c95ffffff,0.00615,0.0103,0.0321,0.201,0.426,0.512,1.75,2.01,2.39,1.51,0.555,0.0256,medium
873944c96ffffff,0.00699,0.0117,0.0365,0.227,0.48,0.578,1.97,2.25,2.67,1.7,0.628,0.0291,medium
873944c98ffffff,0.00913,0.0153,0.0477,0.295,0.628,0.757,2.52,2.89,3.35,2.17,0.811,0.038,low
873944c99ffffff,0.0129,0.0215,0.0672,0.412,0.869,1.04,3.33,3.78,4.34,2.88,1.11,0.0536,medium
873944c9affffff,0.00755,0.0126,0.0394,0.245,0.522,0.631,2.14,2.46,2.86,1.83,0.679,0.0315,low
873944c9bffffff,0.0111,0.0185,0.058,0.359,0.761,0.917,3.03,3.47,4.01,2.61,0.981,0.0463,medium
873944c9cffffff,0.00724,0.0121,0.0378,0.235,0.5,0.603,2.03,2.33,2.7,1.74,0.647,0.0302,medium
873944c9dffffff,0.0143,0.0239,0.0746,0.458,0.965,1.16,3.65,4.16,4.76,3.18,1.22,0.0595,medium
873944c9effffff,0.00931,0.0155,0.0486,0.301,0.64,0.772,2.58,2.95,3.42,2.21,0.827,0.0388,medium
873944ca0ffffff,0.00519,0.00866,0.0271,0.169,0.361,0.435,1.48,1.71,2.01,1.28,0.468,0.0216,medium
873944ca1ffffff,0.0059,0.00986,0.0308,0.192,0.41,0.495,1.65,1.92,2.22,1.43,0.529,0.0246,medium
873944ca2ffffff,0.00505,0.00843,0.0264,0.165,0.351,0.422,1.44,1.66,1.97,1.25,0.456,0.021,low
873944ca3ffffff,0.012,0.02,0.0625,0.385,0.816,0.982,3.13,3.59,4.11,2.74,1.04,0.0498,medium
873944ca4ffffff,0.00534,0.00891,0.0279,0.175,0.372,0.446,1.53,1.75,2.08,1.31,0.48,0.0222,medium
873944ca5ffffff,0.00422,0.00706,0.0221,0.138,0.295,0.355,1.21,1.41,1.64,1.04,0.381,0.0176,medium
873944ca6ffffff,0.00497,0.0083,0.026,0.163,0.345,0.415,1.42,1.64,1.95,1.23,0.449,0.0207,medium
873944ca8ffffff,0.00748,0.0125,0.0391,0.243,0.517,0.625,2.06,2.39,2.75,1.79,0.665,0.0312,medium
873944ca9ffffff,0.0058,0.00969,0.0303,0.189,0.406,0.492,1.66,1.92,2.21,1.42,0.522,0.0242,medium
873944caaffffff,0.00686,0.0114,0.0358,0.223,0.477,0.576,1.93,2.24,2.59,1.67,0.615,0.0286,medium
873944cabffffff,0.00642,0.0107,0.0336,0.209,0.448,0.542,1.82,2.11,2.44,1.57,0.578,0.0268,medium
873944cacffffff,0.0048,0.00802,0.0251,0.156,0.334,0.404,1.36,1.58,1.84,1.18,0.432,0.02,medium
873944cadffffff,0.00581,0.0097,0.0303,0.189,0.404,0.488,1.65,1.92,2.22,1.42,0.522,0.0242,low
873944caeffffff,0.00781,0.013,0.0408,0.254,0.542,0.654,2.17,2.52,2.91,1.89,0.698,0.0325,medium
873944cb0ffffff,0.00593,0.00991,0.031,0.194,0.412,0.495,1.69,1.94,2.31,1.46,0.535,0.0247,medium
873944cb1ffffff,0.00563,0.00941,0.0294,0.184,0.391,0.47,1.61,1.85,2.19,1.39,0.508,0.0235,low
873944cb2ffffff,0.0213,0.0356,0.111,0.678,1.41,1.67,5.01,5.65,6.5,4.46,1.76,0.0885,high
873944cb3ffffff,0.00658,0.011,0.0344,0.215,0.456,0.548,1.87,2.15,2.55,1.62,0.593,0.0274,medium
873944cb4ffffff,0.00928,0.0155,0.0484,0.299,0.626,0.747,2.38,2.71,3.17,2.09,0.796,0.0386,medium
873944cb5ffffff,0.00557,0.00931,0.0291,0.182,0.387,0.465,1.59,1.83,2.18,1.38,0.503,0.0232,medium
873944cb6ffffff,0.0532,0.0884,0.269,1.42,2.68,3.05,7.36,8.13,9.13,6.7,3.06,0.213,high
873944cc0ffffff,0.00776,0.013,0.0406,0.253,0.549,0.667,2.26,2.61,2.98,1.92,0.699,0.0323,medium
873944cc1ffffff,0.0108,0.018,0.0565,0.352,0.762,0.926,3.12,3.59,4.1,2.65,0.969,0.045,medium
873944cc2ffffff,0.00789,0.0132,0.0412,0.257,0.557,0.676,2.28,2.63,3,1.94,0.708,0.0329,medium
873944cc3ffffff,0.0111,0.0186,0.0581,0.362,0.785,0.952,3.2,3.69,4.21,2.72,0.997,0.0464,medium
873944cc4ffffff,0.00857,0.0143,0.0448,0.279,0.601,0.73,2.43,2.8,3.19,2.08,0.764,0.0357,medium
873944cc5ffffff,0.00822,0.0137,0.043,0.268,0.579,0.703,2.36,2.72,3.1,2.01,0.736,0.0343,medium
873944cc6ffffff,0.00779,0.013,0.0407,0.253,0.545,0.662,2.21,2.54,2.91,1.89,0.696,0.0325,medium
873944cc8ffffff,0.0176,0.0294,0.092,0.573,1.24,1.5,5,5.73,6.52,4.26,1.57,0.0734,medium
873944cc9ffffff,0.031,0.0516,0.161,0.995,2.13,2.56,7.96,8.99,10.1,6.89,2.62,0.128,medium
873944ccaffffff,0.018,0.03,0.0939,0.584,1.26,1.53,5.08,5.83,6.63,4.33,1.6,0.0749,medium
873944ccbffffff,0.0248,0.0414,0.129,0.807,1.75,2.11,6.9,7.85,8.9,5.91,2.18,0.103,medium
873944cccffffff,0.0134,0.0224,0.0702,0.437,0.946,1.15,3.84,4.42,5.03,3.27,1.2,0.056,medium
873944ccdffffff,0.0181,0.0302,0.0944,0.589,1.28,1.54,5.07,5.78,6.56,4.33,1.6,0.0752,medium
873944cceffffff,0.0145,0.0243,0.0759,0.473,1.02,1.24,4.13,4.75,5.4,3.52,1.29,0.0606,medium
873944cd0ffffff,0.0079,0.0132,0.0413,0.257,0.554,0.673,2.26,2.61,3,1.94,0.71,0.0329,medium
873944cd1ffffff,0.00918,0.0153,0.048,0.299,0.645,0.784,2.63,3.03,3.47,2.25,0.823,0.0383,medium
873944cd2ffffff,0.00943,0.0157,0.0492,0.306,0.659,0.799,2.66,3.07,3.54,2.29,0.842,0.0393,low
873944cd3ffffff,0.00835,0.0139,0.0436,0.272,0.587,0.712,2.4,2.77,3.19,2.05,0.751,0.0348,medium
873944cd4ffffff,0.00663,0.0111,0.0347,0.216,0.466,0.566,1.91,2.2,2.53,1.63,0.597,0.0277,medium
873944cd5ffffff,0.0072,0.012,0.0376,0.234,0.505,0.613,2.06,2.38,2.73,1.76,0.647,0.03,medium
873944cd6ffffff,0.00823,0.0138,0.043,0.268,0.577,0.701,2.35,2.71,3.12,2.01,0.739,0.0343,medium
873944cd8ffffff,0.00959,0.016,0.0501,0.313,0.677,0.823,2.78,3.21,3.66,2.36,0.862,0.04,medium
873944cd9ffffff,0.0128,0.0214,0.067,0.417,0.903,1.1,3.68,4.24,4.82,3.13,1.15,0.0534,medium
873944cdaffffff,0.0108,0.018,0.0563,0.353,0.771,0.935,3.19,3.65,4.21,2.69,0.97,0.0449,medium
873944cdbffffff,0.0118,0.0197,0.0616,0.386,0.841,1.02,3.45,3.95,4.55,2.93,1.06,0.0491,high
873944cdcffffff,0.00935,0.0156,0.0489,0.305,0.66,0.802,2.71,3.12,3.56,2.3,0.84,0.039,medium
873944cddffffff,0.0121,0.0201,0.063,0.392,0.849,1.03,3.46,3.98,4.53,2.94,1.08,0.0502,medium
873944cdeffffff,0.0102,0.017,0.0533,0.333,0.721,0.876,2.96,3.4,3.89,2.51,0.915,0.0425,medium
873944ce0ffffff,0.00717,0.012,0.0375,0.232,0.498,0.601,2.04,2.38,2.7,1.73,0.642,0.0299,medium
873944ce1ffffff,0.00773,0.0129,0.0404,0.25,0.539,0.65,2.22,2.59,2.91,1.87,0.693,0.0322,medium
873944ce2ffffff,0.00667,0.0111,0.0348,0.217,0.466,0.565,1.89,2.19,2.51,1.62,0.597,0.0278,medium
873944ce3ffffff,0.00704,0.0118,0.0368,0.229,0.494,0.598,2.04,2.37,2.68,1.73,0.633,0.0293,medium
873944ce4ffffff,0.00648,0.0108,0.0338,0.21,0.45,0.543,1.84,2.15,2.44,1.57,0.581,0.027,medium
873944ce5ffffff,0.00717,0.012,0.0375,0.232,0.499,0.603,2.06,2.4,2.7,1.74,0.643,0.0299,medium
873944ce6ffffff,0.00586,0.00979,0.0306,0.19,0.407,0.492,1.67,1.95,2.22,1.42,0.526,0.0244,medium
873944ce8ffffff,0.00948,0.0158,0.0495,0.307,0.659,0.795,2.7,3.14,3.53,2.28,0.846,0.0395,medium
873944ce9ffffff,0.0118,0.0198,0.0619,0.384,0.828,0.997,3.38,3.92,4.4,2.86,1.06,0.0494,medium
873944ceaffffff,0.013,0.0218,0.0681,0.423,0.914,1.11,3.66,4.21,4.78,3.13,1.16,0.0543,medium
873944cebffffff,0.0129,0.0216,0.0675,0.419,0.901,1.09,3.59,4.13,4.68,3.07,1.14,0.0538,medium
873944cecffffff,0.00902,0.0151,0.0471,0.292,0.628,0.758,2.58,3.01,3.38,2.18,0.807,0.0376,high
873944cedffffff,0.0108,0.018,0.0564,0.349,0.75,0.905,3.06,3.56,4,2.59,0.962,0.045,high
873944ceeffffff,0.0101,0.0168,0.0527,0.326,0.702,0.847,2.84,3.3,3.71,2.41,0.896,0.042,medium
873944cf0ffffff,0.00723,0.0121,0.0378,0.235,0.507,0.616,2.07,2.39,2.75,1.77,0.65,0.0301,low
873944cf1ffffff,0.018,0.03,0.0937,0.575,1.22,1.47,4.6,5.24,5.94,4,1.53,0.0747,low
873944cf2ffffff,0.0103,0.0172,0.0538,0.33,0.702,0.847,2.66,3.03,3.44,2.31,0.881,0.0429,low
873944cf3ffffff,0.00627,0.0105,0.0328,0.204,0.44,0.535,1.8,2.09,2.4,1.54,0.565,0.0261,low
873944cf4ffffff,0.00901,0.015,0.0471,0.292,0.628,0.762,2.52,2.9,3.32,2.17,0.802,0.0375,medium
873944cf5ffffff,0.0088,0.0147,0.046,0.286,0.615,0.747,2.49,2.87,3.29,2.13,0.787,0.0367,medium
873944cf6ffffff,0.00712,0.0119,0.0372,0.231,0.498,0.605,2.02,2.33,2.67,1.73,0.637,0.0297,medium
873944d00ffffff,0.00515,0.0086,0.0269,0.169,0.363,0.431,1.53,1.77,2.09,1.28,0.464,0.0215,medium
873944d01ffffff,0.00461,0.0077,0.0241,0.151,0.324,0.386,1.36,1.58,1.85,1.14,0.415,0.0192,medium
873944d02ffffff,0.00441,0.00736,0.023,0.145,0.311,0.369,1.31,1.51,1.8,1.1,0.398,0.0184,medium
873944d03ffffff,0.00482,0.00805,0.0252,0.158,0.34,0.404,1.43,1.65,1.96,1.2,0.435,0.0201,medium
873944d04ffffff,0.00533,0.0089,0.0279,0.175,0.376,0.445,1.57,1.82,2.16,1.32,0.48,0.0222,medium
873944d05ffffff,0.00509,0.00851,0.0266,0.168,0.359,0.425,1.5,1.74,2.06,1.27,0.459,0.0212,medium
873944d06ffffff,0.0044,0.00735,0.023,0.145,0.311,0.369,1.31,1.51,1.8,1.1,0.397,0.0184,medium
873944d08ffffff,0.0049,0.00818,0.0256,0.16,0.343,0.411,1.44,1.67,1.94,1.2,0.44,0.0204,medium
873944d09ffffff,0.00496,0.00827,0.0259,0.161,0.347,0.416,1.45,1.69,1.95,1.21,0.445,0.0207,medium
873944d0affffff,0.00358,0.00599,0.0187,0.117,0.251,0.302,1.06,1.23,1.43,0.882,0.323,0.0149,low
873944d0bffffff,0.00488,0.00815,0.0255,0.159,0.342,0.41,1.43,1.67,1.93,1.2,0.439,0.0203,medium
873944d0cffffff,0.00408,0.00682,0.0213,0.133,0.287,0.343,1.2,1.4,1.63,1.01,0.368,0.017,medium
873944d0dffffff,0.00466,0.00778,0.0243,0.152,0.327,0.39,1.35,1.59,1.84,1.14,0.418,0.0194,medium
873944d0effffff,0.00494,0.00826,0.0258,0.161,0.346,0.415,1.45,1.69,1.96,1.21,0.445,0.0206,medium
873944d10ffffff,0.00472,0.00789,0.0247,0.155,0.333,0.396,1.4,1.62,1.92,1.18,0.426,0.0197,medium
873944d11ffffff,0.00371,0.0062,0.0194,0.122,0.262,0.312,1.11,1.28,1.52,0.928,0.336,0.0155,medium
873944d12ffffff,0.00532,0.00888,0.0278,0.175,0.375,0.445,1.57,1.81,2.14,1.32,0.478,0.0222,medium
873944d13ffffff,0.00502,0.00839,0.0263,0.165,0.354,0.42,1.48,1.71,2.02,1.24,0.451,0.0209,low
873944d14ffffff,0.00526,0.00878,0.0275,0.173,0.37,0.44,1.56,1.79,2.14,1.31,0.474,0.0219,medium
873944d15ffffff,0.00444,0.00741,0.0232,0.146,0.313,0.372,1.32,1.53,1.81,1.11,0.401,0.0185,medium
873944d16ffffff,0.00541,0.00904,0.0283,0.178,0.381,0.451,1.6,1.82,2.21,1.35,0.487,0.0226,medium
873944d18ffffff,0.00466,0.00778,0.0244,0.153,0.328,0.391,1.38,1.6,1.87,1.15,0.42,0.0194,low
873944d19ffffff,0.00404,0.00675,0.0211,0.132,0.283,0.34,1.19,1.39,1.61,0.993,0.364,0.0169,low
873944d1affffff,0.00399,0.00666,0.0208,0.131,0.281,0.334,1.19,1.37,1.62,0.993,0.36,0.0166,low
873944d1bffffff,0.00417,0.00696,0.0218,0.136,0.292,0.35,1.23,1.43,1.66,1.02,0.375,0.0174,low
873944d1cffffff,0.00528,0.00881,0.0276,0.173,0.372,0.442,1.56,1.8,2.13,1.31,0.475,0.022,medium
873944d1dffffff,0.00436,0.00728,0.0228,0.142,0.306,0.367,1.29,1.5,1.74,1.07,0.393,0.0182,low
873944d1effffff,0.00452,0.00755,0.0236,0.149,0.319,0.379,1.34,1.55,1.84,1.13,0.408,0.0188,medium
873944d20ffffff,0.00783,0.0131,0.0409,0.257,0.549,0.649,2.26,2.61,3.08,1.91,0.699,0.0326,medium
873944d21ffffff,0.00573,0.00957,0.03,0.189,0.404,0.478,1.69,1.96,2.31,1.42,0.516,0.0239,medium
873944d22ffffff,0.00718,0.012,0.0375,0.236,0.504,0.596,2.08,2.41,2.84,1.76,0.642,0.0299,medium
873944d23ffffff,0.00481,0.00804,0.0252,0.158,0.34,0.402,1.42,1.65,1.95,1.2,0.434,0.0201,medium
873944d24ffffff,0.00729,0.0122,0.0381,0.24,0.513,0.606,2.12,2.45,2.89,1.79,0.653,0.0304,medium
873944d25ffffff,0.0059,0.00985,0.0308,0.194,0.416,0.492,1.73,2.01,2.38,1.46,0.531,0.0246,medium
873944d26ffffff,0.00593,0.00991,0.031,0.195,0.418,0.494,1.74,2.02,2.39,1.47,0.534,0.0247,low
873944d28ffffff,0.00607,0.0101,0.0317,0.198,0.425,0.506,1.75,2.05,2.38,1.48,0.544,0.0253,medium
873944d29ffffff,0.00483,0.00807,0.0253,0.158,0.339,0.404,1.41,1.65,1.92,1.19,0.435,0.0201,medium
873944d2affffff,0.00427,0.00714,0.0223,0.14,0.3,0.358,1.25,1.47,1.71,1.05,0.385,0.0178,medium
873944d2bffffff,0.00441,0.00736,0.023,0.144,0.31,0.369,1.28,1.51,1.76,1.09,0.397,0.0184,medium
873944d2cffffff,0.00602,0.01,0.0315,0.197,0.423,0.503,1.75,2.05,2.4,1.48,0.541,0.0251,medium
873944d2dffffff,0.00574,0.00958,0.03,0.188,0.403,0.48,1.67,1.96,2.27,1.41,0.516,0.0239,medium
873944d2effffff,0.00478,0.00798,0.025,0.157,0.337,0.399,1.41,1.64,1.93,1.19,0.431,0.0199,medium
873944d30ffffff,0.00677,0.0113,0.0354,0.222,0.475,0.562,1.97,2.27,2.69,1.66,0.607,0.0282,medium
873944d31ffffff,0.0054,0.00901,0.0282,0.177,0.38,0.45,1.58,1.83,2.17,1.33,0.485,0.0225,medium
873944d32ffffff,0.00465,0.00777,0.0243,0.153,0.328,0.388,1.38,1.58,1.92,1.16,0.42,0.0194,medium
873944d33ffffff,0.00521,0.0087,0.0273,0.171,0.368,0.437,1.54,1.78,2.11,1.29,0.47,0.0217,medium
873944d34ffffff,0.00526,0.00879,0.0275,0.173,0.367,0.435,1.52,1.77,2.09,1.29,0.473,0.0219,low
873944d35ffffff,0.00499,0.00833,0.0261,0.164,0.351,0.416,1.47,1.7,2.01,1.24,0.45,0.0208,medium
873944d36ffffff,0.00537,0.00897,0.0281,0.177,0.377,0.446,1.59,1.81,2.19,1.34,0.484,0.0224,medium
873944d40ffffff,0.0116,0.0194,0.0608,0.376,0.803,0.954,3.17,3.71,4.25,2.71,1.02,0.0485,high
873944d41ffffff,0.015,0.0251,0.0783,0.478,1.01,1.2,3.82,4.43,5.02,3.29,1.27,0.0624,high
873944d42ffffff,0.00653,0.0109,0.0341,0.212,0.454,0.543,1.86,2.19,2.51,1.57,0.583,0.0272,medium
873944d43ffffff,0.00613,0.0102,0.032,0.199,0.428,0.51,1.76,2.08,2.39,1.49,0.55,0.0256,medium
873944d44ffffff,0.0176,0.0294,0.0918,0.56,1.18,1.4,4.36,5.04,5.7,3.78,1.47,0.0732,high
873944d45ffffff,0.0858,0.143,0.434,2.32,4.45,5.08,12.6,14.2,15.6,11.3,5.11,0.344,high
873944d46ffffff,0.00722,0.012,0.0377,0.234,0.502,0.599,2.05,2.41,2.78,1.74,0.644,0.0301,medium
873944d48ffffff,0.00642,0.0107,0.0335,0.208,0.446,0.531,1.83,2.15,2.48,1.55,0.573,0.0267,low
873944d49ffffff,0.00639,0.0107,0.0334,0.207,0.445,0.529,1.83,2.16,2.48,1.54,0.572,0.0266,medium
873944d4affffff,0.00598,0.00999,0.0313,0.194,0.417,0.499,1.74,2.04,2.32,1.45,0.536,0.0249,low
873944d4bffffff,0.00757,0.0126,0.0395,0.245,0.525,0.626,2.15,2.51,2.85,1.8,0.672,0.0316,low
873944d4cffffff,0.00559,0.00933,0.0292,0.181,0.39,0.463,1.61,1.89,2.18,1.35,0.501,0.0233,low
873944d4dffffff,0.00618,0.0103,0.0323,0.2,0.431,0.512,1.78,2.09,2.4,1.5,0.554,0.0258,medium
873944d4effffff,0.0141,0.0236,0.0736,0.445,0.937,1.1,3.38,3.89,4.37,2.93,1.16,0.0587,low
873944d50ffffff,0.0046,0.00768,0.024,0.149,0.32,0.384,1.33,1.56,1.78,1.11,0.412,0.0192,medium
873944d51ffffff,0.00441,0.00736,0.023,0.143,0.307,0.369,1.28,1.51,1.72,1.07,0.396,0.0184,medium
873944d52ffffff,0.00439,0.00732,0.0229,0.142,0.306,0.367,1.28,1.5,1.71,1.07,0.394,0.0183,medium
873944d53ffffff,0.00504,0.00841,0.0263,0.163,0.351,0.421,1.46,1.71,1.95,1.22,0.452,0.021,medium
873944d54ffffff,0.0043,0.00717,0.0224,0.14,0.3,0.36,1.25,1.47,1.69,1.05,0.386,0.0179,medium
873944d55ffffff,0.00403,0.00673,0.021,0.131,0.281,0.337,1.17,1.38,1.58,0.982,0.362,0.0168,medium
873944d56ffffff,0.00422,0.00705,0.0221,0.137,0.295,0.354,1.24,1.45,1.67,1.03,0.38,0.0176,medium
873944d58ffffff,0.00587,0.00979,0.0306,0.19,0.409,0.491,1.71,2,2.27,1.42,0.526,0.0244,medium
873944d59ffffff,0.00564,0.00942,0.0295,0.183,0.394,0.472,1.66,1.94,2.18,1.37,0.506,0.0235,medium
873944d5affffff,0.00567,0.00947,0.0296,0.184,0.395,0.474,1.64,1.92,2.19,1.37,0.508,0.0236,medium
873944d5bffffff,0.00709,0.0118,0.0371,0.23,0.494,0.592,2.06,2.41,2.72,1.72,0.634,0.0296,medium
873944d5cffffff,0.00712,0.0119,0.0372,0.23,0.494,0.594,2.04,2.39,2.73,1.71,0.636,0.0297,medium
873944d5dffffff,0.00638,0.0107,0.0333,0.207,0.445,0.533,1.86,2.17,2.46,1.55,0.571,0.0266,low
873944d5effffff,0.00508,0.00848,0.0265,0.165,0.354,0.425,1.48,1.73,1.98,1.23,0.456,0.0212,medium
873944d60ffffff,0.00602,0.01,0.0314,0.195,0.42,0.501,1.72,2.04,2.35,1.46,0.54,0.0251,medium
873944d61ffffff,0.00633,0.0106,0.0331,0.206,0.442,0.526,1.81,2.14,2.47,1.54,0.567,0.0264,medium
873944d62ffffff,0.0065,0.0109,0.034,0.211,0.453,0.54,1.85,2.18,2.52,1.57,0.581,0.0271,medium
873944d63ffffff,0.0134,0.0223,0.0697,0.431,0.919,1.09,3.62,4.23,4.84,3.09,1.17,0.0556,medium
873944d64ffffff,0.00618,0.0103,0.0323,0.2,0.429,0.51,1.75,2.06,2.38,1.49,0.553,0.0258,medium
873944d65ffffff,0.00639,0.0107,0.0334,0.206,0.44,0.521,1.77,2.08,2.4,1.51,0.569,0.0266,medium
873944d66ffffff,0.00569,0.0095,0.0297,0.185,0.397,0.474,1.63,1.93,2.23,1.38,0.511,0.0237,medium
873944d68ffffff,0.00575,0.00961,0.0301,0.186,0.401,0.477,1.66,1.95,2.24,1.39,0.516,0.024,medium
873944d69ffffff,0.00678,0.0113,0.0354,0.219,0.472,0.561,1.94,2.29,2.63,1.64,0.606,0.0282,high
873944d6affffff,0.00637,0.0106,0.0333,0.206,0.443,0.527,1.82,2.14,2.46,1.54,0.57,0.0265,high
873944d6bffffff,0.0067,0.0112,0.035,0.217,0.466,0.555,1.92,2.26,2.6,1.62,0.599,0.0279,medium
873944d6cffffff,0.00604,0.0101,0.0316,0.196,0.421,0.502,1.73,2.04,2.36,1.47,0.542,0.0252,medium
873944d6dffffff,0.00644,0.0108,0.0337,0.209,0.448,0.532,1.84,2.17,2.49,1.56,0.577,0.0269,medium
873944d6effffff,0.0073,0.0122,0.0381,0.236,0.507,0.604,2.06,2.42,2.78,1.75,0.649,0.0304,medium
873944d70ffffff,0.00459,0.00767,0.024,0.15,0.322,0.384,1.33,1.57,1.82,1.13,0.413,0.0191,medium
873944d71ffffff,0.00509,0.0085,0.0266,0.165,0.355,0.424,1.46,1.73,1.99,1.24,0.457,0.0212,medium
873944d72ffffff,0.00471,0.00787,0.0246,0.154,0.331,0.394,1.37,1.61,1.87,1.16,0.424,0.0196,medium
873944d73ffffff,0.00391,0.00653,0.0204,0.127,0.274,0.326,1.13,1.33,1.54,0.955,0.352,0.0163,medium
873944d74ffffff,0.00524,0.00875,0.0274,0.171,0.368,0.439,1.52,1.79,2.08,1.29,0.471,0.0218,medium
873944d75ffffff,0.00544,0.00908,0.0284,0.177,0.38,0.453,1.56,1.84,2.13,1.32,0.488,0.0227,medium
873944d76ffffff,0.00499,0.00833,0.0261,0.163,0.35,0.417,1.44,1.7,1.97,1.22,0.448,0.0208,medium
873944d80ffffff,0.00426,0.00712,0.0223,0.14,0.299,0.356,1.25,1.42,1.71,1.07,0.386,0.0178,high
873944d81ffffff,0.00301,0.00503,0.0158,0.099,0.212,0.253,0.884,1.01,1.2,0.754,0.273,0.0126,medium
873944d82ffffff,0.00479,0.008,0.0251,0.158,0.336,0.399,1.42,1.59,1.93,1.2,0.434,0.02,high
873944d83ffffff,0.00973,0.0163,0.0508,0.316,0.668,0.795,2.6,2.95,3.46,2.25,0.845,0.0405,medium
873944d84ffffff,0.00396,0.00661,0.0207,0.131,0.278,0.329,1.18,1.32,1.61,0.997,0.359,0.0165,high
873944d85ffffff,0.00686,0.0115,0.0358,0.223,0.472,0.562,1.86,2.11,2.47,1.6,0.599,0.0285,high
873944d86ffffff,0.00373,0.00624,0.0195,0.124,0.262,0.311,1.11,1.24,1.52,0.94,0.339,0.0156,medium
873944d88ffffff,0.00466,0.00778,0.0243,0.153,0.327,0.391,1.36,1.55,1.84,1.16,0.42,0.0194,medium
873944d89ffffff,0.00462,0.00772,0.0242,0.151,0.323,0.388,1.33,1.53,1.8,1.14,0.416,0.0193,medium
873944d8affffff,0.00405,0.00677,0.0212,0.133,0.284,0.34,1.18,1.36,1.61,1.01,0.366,0.0169,medium
873944d8bffffff,0.00425,0.0071,0.0222,0.139,0.298,0.357,1.24,1.42,1.68,1.06,0.384,0.0177,medium
873944d8cffffff,0.00628,0.0105,0.0328,0.206,0.439,0.524,1.79,2.04,2.42,1.53,0.562,0.0262,medium
873944d8dffffff,0.0067,0.0112,0.035,0.218,0.463,0.551,1.84,2.09,2.45,1.58,0.588,0.0279,medium
873944d8effffff,0.091,0.151,0.463,2.5,4.73,5.35,11.6,12.5,13.7,10.8,5.23,0.367,high
873944d90ffffff,0.00468,0.00782,0.0244,0.154,0.325,0.386,1.36,1.53,1.85,1.16,0.422,0.0195,medium
873944d91ffffff,0.00471,0.00787,0.0246,0.155,0.329,0.39,1.38,1.55,1.88,1.17,0.426,0.0196,medium
873944d92ffffff,0.00394,0.00657,0.0206,0.129,0.273,0.324,1.15,1.29,1.57,0.982,0.357,0.0164,medium
873944d93ffffff,0.00438,0.00731,0.0229,0.144,0.303,0.36,1.27,1.44,1.74,1.09,0.397,0.0182,medium
873944d94ffffff,0.00406,0.00679,0.0212,0.134,0.285,0.338,1.2,1.35,1.65,1.02,0.368,0.0169,medium
873944d95ffffff,0.00419,0.007,0.0219,0.139,0.294,0.348,1.24,1.39,1.7,1.05,0.38,0.0175,medium
873944d96ffffff,0.00577,0.00963,0.0301,0.189,0.399,0.473,1.65,1.85,2.24,1.41,0.517,0.024,medium
873944d98ffffff,0.00524,0.00875,0.0274,0.172,0.364,0.437,1.5,1.72,2.05,1.3,0.473,0.0218,medium
873944d99ffffff,0.00654,0.0109,0.0342,0.214,0.453,0.543,1.84,2.11,2.49,1.59,0.585,0.0272,medium
873944d9affffff,0.00539,0.00901,0.0282,0.176,0.374,0.45,1.54,1.77,2.1,1.33,0.487,0.0225,low
873944d9bffffff,0.0056,0.00935,0.0292,0.183,0.388,0.467,1.6,1.83,2.18,1.38,0.505,0.0233,low
873944d9cffffff,0.0048,0.00802,0.0251,0.158,0.336,0.402,1.4,1.6,1.91,1.2,0.434,0.02,high
873944d9dffffff,0.0049,0.00818,0.0256,0.161,0.344,0.411,1.43,1.64,1.94,1.22,0.443,0.0204,high
873944d9effffff,0.00583,0.00974,0.0305,0.191,0.403,0.481,1.66,1.88,2.26,1.43,0.524,0.0243,medium
873944da0ffffff,0.0041,0.00685,0.0214,0.136,0.288,0.341,1.22,1.37,1.68,1.03,0.371,0.0171,low
873944da1ffffff,0.00422,0.00704,0.022,0.139,0.297,0.353,1.25,1.43,1.71,1.05,0.381,0.0176,medium
873944da2ffffff,0.00455,0.00761,0.0238,0.151,0.319,0.378,1.35,1.51,1.85,1.14,0.413,0.019,low
873944da3ffffff,0.00451,0.00754,0.0236,0.149,0.317,0.376,1.33,1.5,1.82,1.13,0.409,0.0188,high
873944da4ffffff,0.00456,0.00762,0.0238,0.151,0.321,0.38,1.36,1.54,1.88,1.14,0.412,0.019,medium
873944da5ffffff,0.00477,0.00797,0.0249,0.157,0.336,0.397,1.42,1.61,1.96,1.19,0.431,0.0199,medium
873944da6ffffff,0.00381,0.00636,0.0199,0.126,0.267,0.317,1.13,1.27,1.55,0.958,0.345,0.0159,low
873944da8ffffff,0.0044,0.00735,0.023,0.145,0.309,0.369,1.29,1.48,1.75,1.1,0.398,0.0183,medium
873944da9ffffff,0.0044,0.00736,0.023,0.145,0.31,0.37,1.29,1.49,1.77,1.1,0.398,0.0184,low
873944daaffffff,0.0039,0.00652,0.0204,0.128,0.274,0.328,1.14,1.31,1.55,0.974,0.353,0.0163,medium
873944dabffffff,0.00494,0.00824,0.0258,0.162,0.346,0.414,1.44,1.65,1.96,1.23,0.446,0.0206,medium
873944dacffffff,0.00482,0.00805,0.0252,0.158,0.34,0.404,1.42,1.64,1.95,1.2,0.434,0.0201,low
873944dadffffff,0.00482,0.00805,0.0252,0.158,0.339,0.403,1.42,1.64,1.94,1.19,0.433,0.0201,low
873944daeffffff,0.004,0.00668,0.0209,0.131,0.281,0.336,1.17,1.34,1.59,0.996,0.361,0.0167,high
873944db0ffffff,0.00428,0.00715,0.0224,0.141,0.3,0.356,1.27,1.42,1.74,1.07,0.388,0.0178,medium
873944db1ffffff,0.00447,0.00747,0.0234,0.148,0.313,0.371,1.32,1.48,1.81,1.12,0.405,0.0186,medium
873944db2ffffff,0.00497,0.0083,0.026,0.164,0.348,0.412,1.47,1.64,2,1.24,0.449,0.0207,medium
873944db3ffffff,0.00401,0.0067,0.021,0.133,0.282,0.334,1.19,1.33,1.63,1.01,0.364,0.0167,medium
873944db4ffffff,0.00335,0.00559,0.0175,0.111,0.235,0.278,0.996,1.12,1.37,0.844,0.304,0.0139,medium
873944db5ffffff,0.00382,0.00638,0.02,0.126,0.268,0.318,1.14,1.27,1.56,0.962,0.347,0.0159,low
873944db6ffffff,0.00418,0.00698,0.0218,0.138,0.293,0.345,1.24,1.39,1.71,1.05,0.379,0.0174,medium
873945110ffffff,0.0535,0.0893,0.278,1.75,4.01,4.73,12.7,15.3,18.9,12.6,4.61,0.223,high
873945111ffffff,0.029,0.0484,0.151,0.96,2.24,2.69,7.55,9.37,11.7,7.51,2.62,0.121,high
873945112ffffff,0.117,0.193,0.58,2.96,5.8,6.6,13.6,15.9,18.6,13.6,6.08,0.461,high
873945114ffffff,0.0336,0.056,0.175,1.12,2.58,2.99,8.7,10.5,13.7,8.64,3.03,0.14,high
873945115ffffff,0.0277,0.0462,0.145,0.929,2.14,2.49,7.31,8.92,11.6,7.26,2.53,0.116,high
873945116ffffff,0.103,0.171,0.525,3.06,6.5,7.41,17.4,20.3,24.6,17.4,7.13,0.419,high
873945132ffffff,0.0456,0.076,0.237,1.49,3.33,3.84,10.3,12.2,15.4,10.2,3.82,0.189,high
873945133ffffff,0.0471,0.0785,0.244,1.51,3.34,3.84,9.97,11.8,14.8,9.94,3.79,0.195,high
873945136ffffff,0.138,0.23,0.711,4.2,8.88,10.1,22.3,25.4,29.9,22.4,9.6,0.568,high
873945180ffffff,0.422,0.689,1.94,7.87,13.7,15.1,26.5,29.7,33.3,26.5,13.8,1.53,high
873945181ffffff,0.0671,0.112,0.347,2.12,4.75,5.61,14.2,17.1,20.6,14.1,5.35,0.277,high
873945182ffffff,0.0518,0.0863,0.266,1.55,3.33,3.87,9.34,11.1,13.4,9.21,3.69,0.212,high
873945183ffffff,0.0277,0.0462,0.144,0.916,2.14,2.56,7.22,8.97,11.2,7.21,2.51,0.116,high
873945184ffffff,0.053900000000000003,0.0898,0.279,1.72,3.86,4.54,11.7,14.1,17.2,11.5,4.38,0.223,high
873945185ffffff,0.279,0.458,1.32,5.88,10.7,12,22,25.1,28.5,22.1,10.9,1.05,high
873945186ffffff,0.0262,0.0438,0.137,0.865,2,2.38,6.74,8.29,10.4,6.58,2.34,0.109,high
873945188ffffff,0.082,0.137,0.422,2.48,5.35,6.22,13.7,16,18.5,13.7,5.78,0.337,high
87394518effffff,0.202,0.335,1.01,5.17,10.1,11.5,22.4,25.6,29,22.5,10.5,0.801,high
873945190ffffff,0.00942,0.0157,0.0492,0.315,0.74,0.887,2.69,3.38,4.27,2.61,0.887,0.0394,high
873945191ffffff,0.0177,0.0295,0.0923,0.589,1.38,1.65,4.91,6.11,7.67,4.78,1.64,0.0739,high
873945192ffffff,0.00763,0.0127,0.0398,0.255,0.6,0.719,2.19,2.75,3.49,2.13,0.72,0.0319,high
873945193ffffff,0.00661,0.011,0.0345,0.221,0.52,0.623,1.9,2.39,3.03,1.85,0.624,0.0276,high
873945194ffffff,0.0137,0.0228,0.0714,0.455,1.06,1.27,3.75,4.67,5.84,3.65,1.26,0.0572,high
873945195ffffff,0.0349,0.0582,0.182,1.14,2.62,3.11,8.57,10.4,12.7,8.38,3.05,0.145,high
873945196ffffff,0.00939,0.0157,0.049,0.314,0.738,0.884,2.68,3.36,4.26,2.61,0.884,0.0393,high
873945198ffffff,0.0461,0.0769,0.239,1.48,3.35,3.94,9.99,12,14.4,10,3.8,0.191,high
873945199ffffff,0.0594,0.099,0.307,1.84,4.06,4.74,11.3,13.4,15.9,11.3,4.5,0.245,high
87394519affffff,0.0425,0.0708,0.219,1.32,2.91,3.4,8,9.48,11.2,8.04,3.22,0.175,high
87394519bffffff,0.0877,0.146,0.452,2.69,5.87,6.82,15.5,18.2,21.2,15.6,6.42,0.361,high
87394519cffffff,0.337,0.546,1.47,5.14,8.28,9.03,15.8,18,20.6,15.9,8.41,1.16,high
87394519dffffff,0.114,0.189,0.581,3.32,7.01,8.06,17.3,20.1,23.2,17.4,7.51,0.464,high
87394519effffff,0.105,0.175,0.538,3.1,6.56,7.55,16.2,18.7,21.5,16.2,7.03,0.429,high
8739451a0ffffff,0.0799,0.133,0.41,2.41,5.18,6.02,14.2,16.7,20,14,5.7,0.328,high
8739451a1ffffff,0.03,0.0501,0.156,0.995,2.32,2.79,7.92,9.84,12.3,7.85,2.72,0.125,high
8739451a2ffffff,0.0218,0.0364,0.114,0.727,1.69,2.02,5.93,7.37,9.36,5.78,2,0.0912,high
8739451a3ffffff,0.103,0.172,0.532,3.17,6.9,8.05,18.7,21.9,25.7,18.6,7.58,0.425,high
8739451a4ffffff,0.317,0.522,1.51,6.7,12.1,13.4,25.3,28.7,32.9,25.1,12.4,1.2,high
8739451a5ffffff,0.731,1.18,3.17,10.8,16.8,18.1,28.3,31,34.4,28.2,16.6,2.5,high
8739451a6ffffff,0.0357,0.0595,0.186,1.18,2.72,3.23,9.16,11.2,14.1,8.95,3.18,0.149,high
8739451aaffffff,0.317,0.526,1.58,7.98,15.2,17.1,30.5,34.1,38,30.6,15.4,1.26,high
8739451acffffff,0.0363,0.0606,0.189,1.19,2.74,3.27,8.8,10.8,13.2,8.77,3.16,0.151,high
8739451aeffffff,0.0386,0.0644,0.201,1.26,2.92,3.5,9.51,11.7,14.4,9.47,3.38,0.161,high
8739451b0ffffff,0.0244,0.0407,0.127,0.788,1.79,2.11,5.67,6.89,8.54,5.55,2.05,0.101,high
8739451b1ffffff,0.0407,0.0679,0.211,1.28,2.85,3.34,8.53,10.2,12.5,8.37,3.21,0.168,high
8739451b2ffffff,0.0304,0.0508,0.158,0.998,2.3,2.73,7.58,9.24,11.4,7.41,2.67,0.127,high
8739451b3ffffff,0.0145,0.0241,0.0755,0.482,1.12,1.34,3.99,4.97,6.32,3.88,1.33,0.0604,high
8739451b4ffffff,0.0296,0.0493,0.153,0.94,2.11,2.48,6.54,7.93,9.81,6.4,2.4,0.123,high
8739451b5ffffff,0.0201,0.0335,0.105,0.668,1.55,1.86,5.45,6.76,8.59,5.31,1.84,0.0838,high
8739451b6ffffff,0.0343,0.0571,0.177,1.08,2.37,2.77,7.17,8.43,10.3,6.9,2.72,0.142,high
873945424ffffff,0.0174,0.0289,0.0903,0.567,1.26,1.44,4.1,4.84,5.9,3.98,1.51,0.0722,high
873945500ffffff,0.00912,0.0152,0.0474,0.3,0.663,0.763,2.32,2.77,3.44,2.2,0.813,0.0379,high
873945501ffffff,0.00981,0.0163,0.051,0.323,0.713,0.822,2.5,2.97,3.7,2.37,0.874,0.0408,high
873945502ffffff,0.00888,0.0148,0.0463,0.299,0.673,0.78,2.58,3.14,4.02,2.43,0.848,0.0371,high
873945503ffffff,0.0046,0.00766,0.024,0.155,0.349,0.405,1.35,1.65,2.12,1.27,0.441,0.0192,high
873945504ffffff,0.0289,0.0482,0.15,0.911,1.94,2.21,5.86,6.77,8.1,5.63,2.27,0.12,high
873945505ffffff,0.011,0.0184,0.0575,0.367,0.816,0.942,2.94,3.53,4.42,2.79,1.01,0.0461,high
873945506ffffff,0.0123,0.0205,0.064,0.41,0.917,1.06,3.45,4.13,5.16,3.2,1.14,0.0512,high
873945508ffffff,0.00477,0.00796,0.0249,0.161,0.366,0.432,1.4,1.74,2.21,1.33,0.46,0.0199,high
873945509ffffff,0.00566,0.00944,0.0295,0.19,0.436,0.518,1.66,2.06,2.6,1.57,0.546,0.0237,medium
87394550affffff,0.00543,0.00905,0.0283,0.183,0.413,0.482,1.59,1.94,2.48,1.5,0.521,0.0227,high
87394550bffffff,0.013,0.0217,0.0678,0.426,0.95,1.12,3.16,3.79,4.6,3.03,1.14,0.0543,high
87394550cffffff,0.0053,0.00883,0.0277,0.178,0.402,0.467,1.56,1.9,2.43,1.46,0.508,0.0221,high
87394550dffffff,0.00631,0.0105,0.0329,0.212,0.485,0.575,1.82,2.26,2.85,1.73,0.605,0.0264,high
87394550effffff,0.00894,0.0149,0.0465,0.294,0.651,0.75,2.28,2.72,3.39,2.17,0.798,0.0372,high
873945510ffffff,0.374,0.615,1.79,8.19,14.4,15.6,28.3,30.6,33.4,27.6,14.7,1.42,high
873945511ffffff,0.0178,0.0297,0.093,0.6,1.35,1.55,5.06,6.1,7.74,4.83,1.7,0.0744,high
873945512ffffff,0.0495,0.0823,0.255,1.51,3.15,3.56,8.92,10.1,11.8,8.49,3.56,0.203,high
873945513ffffff,0.0151,0.0252,0.0791,0.512,1.16,1.33,4.37,5.24,6.58,4.13,1.44,0.0632,high
873945514ffffff,0.117,0.194,0.591,3.19,6.15,6.82,14.3,15.7,17.7,13.6,6.55,0.47,high
873945515ffffff,0.0808,0.134,0.401,2.03,3.74,4.1,8.31,9.22,10.5,7.93,3.92,0.319,high
873945516ffffff,0.0449,0.0746,0.23,1.35,2.78,3.15,8.3,9.55,11.4,7.83,3.17,0.183,high
873945518ffffff,0.00448,0.00745,0.0234,0.152,0.346,0.393,1.32,1.62,2.1,1.28,0.439,0.0187,high
873945519ffffff,0.0138,0.023,0.072,0.458,1.02,1.15,3.52,4.19,5.25,3.42,1.25,0.0576,high
87394551affffff,0.62,0.931,1.97,4.78,6.99,7.38,12.7,13.9,15.7,12.5,7.27,1.6,high
87394551bffffff,0.0295,0.049,0.153,0.956,2.1,2.36,6.67,7.8,9.54,6.53,2.51,0.122,high
87394551cffffff,0.00513,0.00854,0.0268,0.173,0.391,0.451,1.51,1.84,2.36,1.43,0.495,0.0214,high
87394551dffffff,0.00432,0.00719,0.0225,0.146,0.329,0.38,1.28,1.56,2,1.21,0.417,0.018,high
87394551effffff,0.0246,0.0409,0.127,0.776,1.66,1.86,4.97,5.77,7,4.87,1.95,0.102,high
873945520ffffff,0.0102,0.0171,0.0534,0.344,0.774,0.898,2.98,3.6,4.57,2.77,0.97,0.0428,high
873945521ffffff,0.00727,0.0121,0.0379,0.244,0.547,0.634,2.08,2.52,3.21,1.95,0.686,0.0303,high
873945522ffffff,0.00959,0.016,0.0501,0.323,0.726,0.844,2.83,3.41,4.27,2.6,0.906,0.04,high
873945523ffffff,0.0272,0.0453,0.14,0.841,1.77,2.01,5.16,5.94,7.07,4.96,2.05,0.112,high
873945524ffffff,0.0121,0.0202,0.0633,0.408,0.912,1.07,3.56,4.25,5.26,3.21,1.13,0.0506,high
873945525ffffff,0.0194,0.0324,0.101,0.644,1.42,1.65,5.1,6.07,7.64,4.79,1.75,0.081,high
873945526ffffff,0.0671,0.111,0.343,1.98,4.02,4.53,10.7,12,13.8,10.1,4.46,0.274,high
873945528ffffff,0.00696,0.0116,0.0363,0.233,0.525,0.608,1.99,2.42,3.08,1.88,0.66,0.029,high
873945529ffffff,0.00474,0.00791,0.0248,0.159,0.365,0.432,1.39,1.73,2.2,1.32,0.458,0.0198,high
87394552affffff,0.00722,0.012,0.0377,0.242,0.544,0.631,2.07,2.51,3.19,1.95,0.684,0.0301,high
87394552bffffff,0.0109,0.0182,0.057,0.361,0.804,0.935,2.81,3.38,4.18,2.68,0.984,0.0456,high
87394552cffffff,0.00603,0.01,0.0314,0.203,0.455,0.529,1.75,2.13,2.73,1.64,0.572,0.0252,high
87394552dffffff,0.00663,0.011,0.0346,0.222,0.499,0.583,1.92,2.33,2.99,1.79,0.626,0.0277,high
87394552effffff,0.0592,0.0983,0.302,1.73,3.52,3.96,9.34,10.6,12.4,9.04,3.96,0.241,high
873945530ffffff,0.032,0.0533,0.166,1.03,2.21,2.54,7.12,8.2,9.69,6.61,2.59,0.133,high
873945531ffffff,0.0352,0.0586,0.182,1.12,2.39,2.73,7.51,8.62,10.2,6.99,2.78,0.145,high
873945532ffffff,0.0104,0.0173,0.0542,0.35,0.786,0.915,3.1,3.72,4.62,2.81,0.977,0.0433,high
873945533ffffff,0.00904,0.0151,0.0472,0.305,0.686,0.799,2.72,3.27,4.07,2.46,0.854,0.0378,high
873945534ffffff,0.0131,0.0219,0.0684,0.44,0.987,1.15,3.84,4.58,5.66,3.48,1.22,0.0547,high
873945535ffffff,0.0204,0.034,0.106,0.662,1.44,1.66,4.96,5.8,7,4.56,1.72,0.0848,high
873945536ffffff,0.0671,0.112,0.347,2.1,4.46,5.08,13.3,15,17.4,12.5,5.12,0.277,high
873945544ffffff,0.0397,0.0661,0.204,1.18,2.5,2.88,6.96,8.17,9.67,6.76,2.81,0.163,high
873945545ffffff,0.0224,0.0373,0.116,0.734,1.68,1.99,5.6,6.82,8.34,5.45,1.98,0.0932,high
873945546ffffff,0.0526,0.0877,0.272,1.65,3.58,4.16,10.6,12.4,14.7,10.3,4.16,0.218,high
873945554ffffff,0.022,0.0366,0.114,0.721,1.62,1.9,5.49,6.61,8.05,5.26,1.96,0.0915,high
873945555ffffff,0.0404,0.0673,0.21,1.32,2.93,3.44,9.61,11.5,13.8,9.24,3.52,0.168,high
873945556ffffff,0.0066,0.011,0.0345,0.222,0.508,0.603,1.93,2.39,3.02,1.83,0.635,0.0276,low
873945560ffffff,0.0135,0.0226,0.0703,0.437,0.992,1.17,3.16,3.8,4.61,3.07,1.15,0.0562,high
873945561ffffff,0.0078,0.013,0.0406,0.257,0.595,0.708,2.02,2.49,3.09,1.97,0.7,0.0325,high
873945562ffffff,0.0621,0.103,0.314,1.68,3.33,3.76,7.42,8.4,9.55,7.3,3.47,0.25,high
873945563ffffff,0.0778,0.129,0.397,2.25,4.71,5.41,11.7,13.4,15.5,11.5,5.05,0.317,high
873945564ffffff,0.00787,0.0131,0.0411,0.262,0.599,0.714,2.29,2.81,3.61,2.13,0.744,0.0329,high
873945565ffffff,0.00562,0.00938,0.0293,0.188,0.443,0.531,1.62,2.04,2.59,1.58,0.532,0.0235,high
873945566ffffff,0.00538,0.00898,0.0281,0.179,0.41,0.489,1.58,1.94,2.49,1.46,0.51,0.0225,high
873945568ffffff,0.0156,0.026,0.0811,0.51,1.17,1.39,3.87,4.71,5.76,3.78,1.37,0.0649,high
873945569ffffff,0.00555,0.00927,0.029,0.186,0.438,0.526,1.58,2,2.54,1.57,0.524,0.0232,high
87394556cffffff,0.00665,0.0111,0.0347,0.223,0.524,0.628,1.91,2.4,3.05,1.86,0.628,0.0278,high
87394556dffffff,0.00908,0.0152,0.0473,0.3,0.7,0.835,2.43,3.01,3.75,2.37,0.828,0.0379,high
87394556effffff,0.0159,0.0265,0.0826,0.51,1.15,1.36,3.59,4.32,5.23,3.51,1.32,0.066,high
873945570ffffff,0.2,0.324,0.865,3.04,4.91,5.36,9.76,10.9,12.2,9.55,5.13,0.684,high
873945571ffffff,0.0271,0.0451,0.14,0.864,1.89,2.2,5.78,6.8,8.07,5.58,2.22,0.112,high
873945572ffffff,0.0402,0.0671,0.209,1.3,2.87,3.35,9.03,10.7,12.7,8.7,3.4,0.167,high
873945573ffffff,0.215,0.348,0.935,3.42,5.73,6.32,12.6,14.4,16.5,12.3,6.13,0.74,high
873945574ffffff,0.0132,0.022,0.0686,0.43,0.958,1.12,3.17,3.8,4.61,3.04,1.15,0.0549,high
873945575ffffff,0.0074400000000000004,0.0124,0.0389,0.249,0.567,0.673,2.11,2.59,3.26,1.99,0.704,0.0311,high
873945576ffffff,0.00826,0.0138,0.0431,0.277,0.632,0.749,2.35,2.9,3.64,2.23,0.786,0.0345,high
8739455a0ffffff,0.0507,0.0843,0.262,1.62,3.47,3.97,11,12.7,15,10.4,4.06,0.209,high
8739455a1ffffff,0.046,0.0766,0.239,1.48,3.21,3.68,10.4,11.9,14.2,9.76,3.77,0.19,high
8739455a2ffffff,0.347,0.573,1.71,8.44,15.6,17.1,33.8,36.9,40.9,32.8,16.3,1.35,high
8739455a3ffffff,0.769,1.22,3.19,12.3,21.2,23.1,41.7,44.8,48.9,40.7,21.9,2.54,high
8739455a4ffffff,0.0607,0.101,0.314,1.9,4.05,4.61,12.2,13.9,16.2,11.5,4.64,0.25,high
8739455a5ffffff,0.0307,0.0511,0.16,1.03,2.31,2.68,8.57,10.1,12.4,7.98,2.84,0.128,high
8739455a6ffffff,0.116,0.193,0.597,3.52,7.28,8.25,19.9,22.2,25.2,18.8,8.1,0.475,high
8739455acffffff,0.098,0.163,0.507,3.07,6.51,7.38,19,21.4,24.8,18.1,7.44,0.404,high
8739455adffffff,0.821,1.25,2.88,9.2,15.2,16.2,29.1,31.6,35.1,28.9,15.8,2.32,high
8739455b0ffffff,0.158,0.262,0.799,4.29,8.3,9.27,19.2,20.9,23.2,18.3,8.75,0.634,high
8739455b1ffffff,0.144,0.239,0.729,4,7.92,8.89,20.3,22.6,25.6,19.3,8.63,0.579,high
8739455b4ffffff,0.0529,0.088,0.274,1.67,3.58,4.12,10.7,12.1,13.8,10,4.07,0.218,high
8739455b5ffffff,0.2,0.33,0.983,4.77,8.68,9.56,19,20.8,23.2,18.1,9.02,0.778,high
8739455b6ffffff,0.0428,0.0712,0.222,1.37,2.96,3.42,9.29,10.5,12.2,8.62,3.41,0.177,high
873945802ffffff,0.0248,0.0414,0.129,0.804,1.78,2.1,5.68,6.76,8.49,5.68,2.1,0.103,high
873945806ffffff,0.0251,0.0419,0.13,0.795,1.7,2.03,5.48,6.41,8.01,5.24,2.04,0.104,high
873945810ffffff,0.0115,0.0191,0.0598,0.377,0.83,0.976,2.83,3.38,4.41,2.75,1,0.0478,medium
873945811ffffff,0.00581,0.00969,0.0303,0.193,0.439,0.525,1.6,1.97,2.62,1.59,0.537,0.0242,medium
873945812ffffff,0.0117,0.0195,0.0608,0.383,0.842,0.988,2.84,3.37,4.37,2.76,1.01,0.0486,high
873945813ffffff,0.0289,0.0481,0.149,0.885,1.86,2.15,5.3,6.14,7.61,5.22,2.12,0.119,medium
873945814ffffff,0.00581,0.00969,0.0303,0.194,0.434,0.515,1.61,1.96,2.64,1.55,0.539,0.0243,medium
873945815ffffff,0.00617,0.0103,0.0322,0.205,0.46,0.55,1.7,2.07,2.78,1.65,0.57,0.0257,high
873945816ffffff,0.00883,0.0147,0.0461,0.294,0.657,0.777,2.39,2.89,3.87,2.31,0.81,0.0368,high
873945818ffffff,0.00608,0.0101,0.0317,0.202,0.459,0.549,1.67,2.05,2.73,1.66,0.561,0.0254,medium
873945819ffffff,0.00536,0.00895,0.028,0.179,0.406,0.485,1.48,1.81,2.42,1.46,0.496,0.0224,medium
87394581affffff,0.00979,0.0163,0.051,0.325,0.737,0.88,2.65,3.24,4.29,2.63,0.898,0.0409,high
87394581bffffff,0.00568,0.00948,0.0296,0.189,0.429,0.513,1.56,1.92,2.55,1.55,0.525,0.0237,medium
87394581cffffff,0.0264,0.044,0.137,0.832,1.8,2.11,5.38,6.33,7.85,5.38,2.08,0.109,high
87394581dffffff,0.0071,0.0118,0.037,0.236,0.536,0.639,1.93,2.37,3.15,1.92,0.653,0.0296,high
87394581effffff,0.011,0.0183,0.0571,0.36,0.81,0.963,2.79,3.38,4.4,2.77,0.974,0.0457,low
873945822ffffff,0.104,0.173,0.523,2.75,5.23,6.01,12.6,14.3,17,12.2,5.73,0.416,high
873945826ffffff,0.0104,0.0173,0.0541,0.342,0.753,0.916,2.83,3.42,4.51,2.66,0.949,0.0433,low
873945830ffffff,0.00794,0.0132,0.0414,0.261,0.576,0.702,2.18,2.64,3.5,2.05,0.729,0.0331,medium
873945831ffffff,0.0438,0.0728,0.224,1.26,2.51,2.92,6.46,7.31,8.74,6.25,2.8,0.178,high
873945832ffffff,0.00789,0.0132,0.0411,0.26,0.574,0.698,2.17,2.62,3.47,2.04,0.724,0.0329,high
873945833ffffff,0.00715,0.0119,0.0372,0.235,0.518,0.631,1.96,2.37,3.13,1.84,0.655,0.0298,high
873945834ffffff,0.00936,0.0156,0.0488,0.308,0.678,0.826,2.55,3.08,4.07,2.4,0.856,0.039,low
873945835ffffff,0.00984,0.0164,0.0512,0.323,0.713,0.868,2.69,3.24,4.29,2.53,0.9,0.041,low
873945836ffffff,0.00509,0.00848,0.0265,0.168,0.37,0.451,1.41,1.71,2.27,1.32,0.468,0.0212,low
873945880ffffff,0.00726,0.0121,0.0379,0.247,0.551,0.64,2,2.4,3.27,1.94,0.683,0.0303,high
873945882ffffff,0.0103,0.0171,0.0536,0.348,0.776,0.901,2.79,3.34,4.52,2.71,0.96,0.0429,high
873945884ffffff,0.0151,0.0252,0.0785,0.492,1.07,1.24,3.43,4.01,5.13,3.35,1.27,0.0627,high
873945885ffffff,0.175,0.291,0.891,4.97,9.73,10.9,22.7,25.2,29.6,22.4,10.5,0.71,high
873945886ffffff,0.00606,0.0101,0.0316,0.206,0.46,0.535,1.68,2.02,2.75,1.63,0.572,0.0253,high
873945890ffffff,0.0129,0.0215,0.0675,0.438,0.974,1.13,3.5,4.18,5.63,3.38,1.2,0.054,high
873945891ffffff,0.0319,0.0531,0.166,1.04,2.24,2.57,6.94,8.04,10.2,6.79,2.65,0.132,high
873945892ffffff,0.0154,0.0256,0.0801,0.518,1.15,1.34,4.07,4.83,6.45,3.92,1.41,0.0641,high
873945893ffffff,0.0275,0.0458,0.143,0.903,1.95,2.25,6.18,7.19,9.24,6.04,2.32,0.114,high
873945894ffffff,0.0205,0.0341,0.106,0.675,1.47,1.7,4.78,5.57,7.21,4.63,1.76,0.085,medium
873945895ffffff,0.0127,0.0211,0.066,0.423,0.927,1.07,3.12,3.69,4.88,3.04,1.12,0.0528,medium
873945896ffffff,0.0123,0.0205,0.0641,0.416,0.925,1.08,3.37,4.01,5.4,3.22,1.14,0.0513,high
87394589effffff,0.0597,0.0993,0.309,1.9,4.04,4.62,12,13.9,17.5,11.8,4.71,0.247,high
8739458a0ffffff,0.00668,0.0111,0.0348,0.223,0.5,0.591,1.85,2.24,3.02,1.78,0.618,0.0279,high
8739458a1ffffff,0.00674,0.0112,0.0351,0.225,0.504,0.596,1.86,2.25,3.03,1.79,0.623,0.0281,high
8739458a2ffffff,0.0407,0.0678,0.21,1.26,2.65,3.06,7.56,8.69,10.7,7.42,3.04,0.168,high
8739458a3ffffff,0.0338,0.0562,0.175,1.06,2.27,2.63,6.71,7.75,9.57,6.57,2.63,0.14,high
8739458a4ffffff,0.00675,0.0113,0.0352,0.225,0.504,0.596,1.86,2.25,3.03,1.79,0.623,0.0282,medium
8739458a5ffffff,0.00566,0.00944,0.0295,0.189,0.424,0.501,1.57,1.91,2.57,1.51,0.524,0.0236,medium
8739458a6ffffff,0.00851,0.0142,0.0444,0.284,0.629,0.745,2.31,2.77,3.71,2.21,0.781,0.0355,high
8739458a8ffffff,0.0412,0.0687,0.214,1.31,2.87,3.37,8.8,10.4,12.9,8.77,3.34,0.171,high
8739458a9ffffff,0.0179,0.0299,0.0931,0.581,1.29,1.52,4.2,5.03,6.41,4.19,1.52,0.0745,high
8739458abffffff,0.171,0.285,0.876,4.99,10.2,11.8,25.5,29,33.9,25.7,11.2,0.699,high
8739458acffffff,0.0104,0.0174,0.0542,0.345,0.769,0.91,2.72,3.29,4.34,2.66,0.938,0.0434,high
8739458adffffff,0.146,0.24,0.704,3.32,6.14,6.9,13.8,15.6,18.2,13.8,6.52,0.559,high
8739458aeffffff,0.161,0.266,0.795,3.89,6.94,7.62,13,14,15.8,12.9,7.02,0.631,high
8739458b0ffffff,0.0234,0.039,0.122,0.769,1.67,1.93,5.38,6.23,7.99,5.19,1.99,0.0972,high
8739458b1ffffff,0.00618,0.0103,0.0323,0.211,0.47,0.546,1.72,2.06,2.81,1.66,0.584,0.0258,high
8739458b2ffffff,0.00805,0.0134,0.042,0.273,0.609,0.711,2.25,2.68,3.64,2.14,0.756,0.0336,medium
8739458b3ffffff,0.00618,0.0103,0.0323,0.21,0.47,0.548,1.73,2.08,2.84,1.67,0.584,0.0258,medium
8739458b4ffffff,0.00722,0.012,0.0377,0.243,0.538,0.635,2,2.38,3.21,1.89,0.672,0.0302,high
8739458b5ffffff,0.0119,0.0198,0.0618,0.392,0.854,1,2.92,3.43,4.47,2.79,1.04,0.0494,high
8739458b6ffffff,0.00988,0.0165,0.0516,0.335,0.743,0.867,2.7,3.21,4.32,2.58,0.918,0.0412,high
8739458e0ffffff,0.00724,0.0121,0.0378,0.241,0.547,0.653,1.98,2.43,3.23,1.97,0.668,0.0302,low
8739458e2ffffff,0.0557,0.0926,0.285,1.63,3.35,3.86,8.57,9.81,11.7,8.59,3.69,0.227,high
8739458e4ffffff,0.00417,0.00696,0.0218,0.139,0.316,0.378,1.15,1.42,1.89,1.14,0.387,0.0174,low
8739458e6ffffff,0.00617,0.0103,0.0322,0.206,0.467,0.557,1.69,2.08,2.77,1.68,0.57,0.0258,medium
8739458f0ffffff,0.00962,0.0161,0.0502,0.32,0.725,0.866,2.61,3.2,4.23,2.59,0.884,0.0402,high
8739458f1ffffff,0.01,0.0167,0.0523,0.334,0.756,0.902,2.72,3.33,4.41,2.7,0.921,0.0419,low
8739458f2ffffff,0.0106,0.0178,0.0555,0.353,0.8,0.954,2.86,3.5,4.61,2.84,0.973,0.0444,high
8739458f4ffffff,0.0107,0.0179,0.0559,0.357,0.808,0.964,2.9,3.55,4.7,2.88,0.984,0.0448,high
8739458f5ffffff,0.00931,0.0155,0.0485,0.31,0.702,0.838,2.53,3.1,4.12,2.51,0.856,0.0389,medium
8739458f6ffffff,0.00991,0.0165,0.0517,0.329,0.746,0.891,2.68,3.29,4.35,2.67,0.91,0.0414,high
873945910ffffff,0.00713,0.0119,0.0371,0.234,0.509,0.622,1.96,2.33,3.08,1.8,0.653,0.0297,low
873945911ffffff,0.00615,0.0102,0.032,0.202,0.44,0.54,1.69,2.02,2.66,1.56,0.565,0.0257,low
873945912ffffff,0.00611,0.0102,0.0318,0.201,0.437,0.534,1.69,2.01,2.68,1.55,0.561,0.0254,low
873945913ffffff,0.0062,0.0103,0.0322,0.204,0.444,0.542,1.72,2.04,2.72,1.57,0.57,0.0258,low
873945914ffffff,0.00768,0.0128,0.0399,0.252,0.545,0.676,2.08,2.48,3.21,1.92,0.703,0.032,low
873945915ffffff,0.00666,0.0111,0.0347,0.219,0.473,0.586,1.81,2.15,2.78,1.67,0.61,0.0278,low
873945916ffffff,0.00561,0.00934,0.0292,0.185,0.402,0.491,1.56,1.86,2.47,1.43,0.516,0.0234,low
87394591affffff,0.00636,0.0106,0.0331,0.209,0.462,0.563,1.76,2.13,2.83,1.65,0.585,0.0265,low
87394591bffffff,0.00854,0.0142,0.0445,0.281,0.619,0.754,2.34,2.83,3.75,2.2,0.782,0.0356,low
87394591effffff,0.00586,0.00976,0.0305,0.193,0.425,0.518,1.62,1.96,2.6,1.52,0.539,0.0244,low
873945980ffffff,0.00582,0.0097,0.0304,0.195,0.429,0.511,1.62,1.93,2.6,1.52,0.541,0.0243,medium
873945981ffffff,0.00647,0.0108,0.0337,0.215,0.47,0.565,1.78,2.11,2.82,1.65,0.595,0.027,medium
873945982ffffff,0.00609,0.0101,0.0317,0.204,0.448,0.532,1.68,2,2.68,1.57,0.563,0.0254,medium
873945983ffffff,0.00527,0.00878,0.0275,0.177,0.389,0.463,1.47,1.76,2.36,1.38,0.49,0.022,high
873945984ffffff,0.007,0.0117,0.0364,0.231,0.502,0.611,1.93,2.29,3.04,1.77,0.643,0.0292,low
873945985ffffff,0.00989,0.0165,0.0513,0.321,0.692,0.841,2.53,2.98,3.86,2.34,0.874,0.0411,low
873945986ffffff,0.0109,0.0182,0.0569,0.361,0.784,0.929,2.79,3.28,4.28,2.62,0.971,0.0456,medium
873945988ffffff,0.0202,0.0336,0.104,0.635,1.35,1.57,3.99,4.61,5.71,3.9,1.56,0.0835,high
873945989ffffff,0.0302,0.0501,0.153,0.851,1.69,1.91,4.22,4.81,5.87,4.14,1.84,0.122,medium
87394598affffff,0.0125,0.0208,0.0648,0.409,0.897,1.06,3.08,3.65,4.77,2.97,1.09,0.0518,medium
87394598bffffff,0.0178,0.0296,0.0921,0.566,1.22,1.42,3.78,4.42,5.59,3.69,1.43,0.0736,medium
87394598cffffff,0.00416,0.00693,0.0217,0.138,0.303,0.365,1.16,1.39,1.85,1.08,0.385,0.0174,medium
87394598dffffff,0.0111,0.0185,0.0578,0.363,0.797,0.948,2.76,3.28,4.24,2.65,0.972,0.0463,medium
87394598effffff,0.0123,0.0205,0.0639,0.403,0.872,1.03,3.01,3.52,4.56,2.84,1.07,0.0512,medium
873945990ffffff,0.00782,0.013,0.0407,0.26,0.565,0.68,2.19,2.57,3.33,1.98,0.716,0.0326,high
873945991ffffff,0.00946,0.0158,0.0492,0.311,0.674,0.797,2.35,2.76,3.59,2.22,0.829,0.0394,medium
873945992ffffff,0.00731,0.0122,0.0381,0.244,0.53,0.638,2.07,2.44,3.18,1.87,0.673,0.0305,high
873945993ffffff,0.0138,0.0231,0.0719,0.453,0.978,1.16,3.41,3.97,5.11,3.19,1.2,0.0576,high
873945994ffffff,0.00794,0.0132,0.0414,0.265,0.575,0.693,2.24,2.63,3.43,2.03,0.73,0.0331,medium
873945995ffffff,0.00973,0.0162,0.0506,0.324,0.704,0.844,2.68,3.15,4.1,2.45,0.888,0.0405,medium
873945996ffffff,0.00998,0.0166,0.0519,0.329,0.708,0.848,2.61,3.04,3.89,2.38,0.884,0.0416,medium
873945998ffffff,0.00562,0.00936,0.0293,0.188,0.414,0.493,1.57,1.87,2.51,1.46,0.522,0.0234,high
873945999ffffff,0.00686,0.0114,0.0357,0.229,0.504,0.599,1.88,2.24,2.99,1.77,0.632,0.0286,high
87394599affffff,0.0258,0.043,0.134,0.821,1.73,2.03,5.44,6.25,7.86,5.18,2.06,0.107,high
87394599bffffff,0.0116,0.0194,0.0605,0.383,0.831,0.983,2.92,3.42,4.45,2.75,1.02,0.0484,high
87394599cffffff,0.00476,0.00793,0.0248,0.159,0.351,0.418,1.33,1.59,2.14,1.25,0.443,0.0199,high
87394599dffffff,0.019,0.0317,0.099,0.63,1.37,1.63,4.89,5.75,7.51,4.61,1.7,0.0792,high
87394599effffff,0.00893,0.0149,0.0465,0.296,0.645,0.764,2.32,2.73,3.59,2.18,0.8,0.0372,medium
8739459a0ffffff,0.00817,0.0136,0.0425,0.268,0.584,0.712,2.25,2.67,3.54,2.06,0.748,0.034,low
8739459a1ffffff,0.00614,0.0102,0.0319,0.202,0.439,0.536,1.69,2.01,2.67,1.55,0.563,0.0256,low
8739459a2ffffff,0.0119,0.0198,0.0618,0.389,0.842,1.03,3.2,3.78,4.9,2.92,1.08,0.0495,low
8739459a3ffffff,0.0127,0.0211,0.0659,0.41,0.88,1.07,3.14,3.68,4.74,2.91,1.1,0.0528,low
8739459a4ffffff,0.0071,0.0118,0.0369,0.233,0.503,0.62,1.95,2.31,2.99,1.77,0.648,0.0296,low
8739459a5ffffff,0.00624,0.0104,0.0324,0.205,0.446,0.545,1.72,2.05,2.72,1.58,0.573,0.026,low
8739459a6ffffff,0.0106,0.0177,0.0554,0.348,0.749,0.926,2.87,3.38,4.3,2.6,0.964,0.0444,low
8739459a8ffffff,0.00941,0.0157,0.0489,0.306,0.662,0.804,2.44,2.88,3.76,2.26,0.838,0.0392,medium
8739459a9ffffff,0.00493,0.00822,0.0257,0.162,0.358,0.437,1.37,1.65,2.2,1.28,0.454,0.0206,low
8739459aaffffff,0.00695,0.0116,0.0361,0.228,0.495,0.604,1.89,2.24,2.96,1.74,0.633,0.0289,medium
8739459abffffff,0.00823,0.0137,0.0428,0.268,0.583,0.707,2.11,2.51,3.26,1.98,0.728,0.0342,low
8739459acffffff,0.00533,0.00888,0.0277,0.175,0.382,0.466,1.48,1.76,2.34,1.36,0.49,0.0222,low
8739459adffffff,0.0054,0.00899,0.0281,0.178,0.389,0.474,1.5,1.79,2.39,1.38,0.497,0.0225,low
8739459aeffffff,0.00457,0.00761,0.0238,0.15,0.327,0.4,1.27,1.51,2.01,1.16,0.421,0.0191,low
8739459b0ffffff,0.0133,0.0222,0.0694,0.439,0.946,1.15,3.58,4.19,5.35,3.25,1.2,0.0556,medium
8739459b1ffffff,0.00879,0.0146,0.0457,0.289,0.626,0.766,2.42,2.85,3.68,2.19,0.802,0.0366,medium
8739459b2ffffff,0.01,0.0167,0.0521,0.333,0.725,0.872,2.82,3.32,4.32,2.55,0.919,0.0417,low
8739459b3ffffff,0.00823,0.0137,0.0429,0.274,0.596,0.717,2.32,2.72,3.54,2.1,0.755,0.0343,low
8739459b4ffffff,0.0141,0.0235,0.0733,0.459,0.983,1.21,3.67,4.29,5.4,3.33,1.25,0.0587,medium
8739459b5ffffff,0.0572,0.0948,0.29,1.61,3.13,3.69,8.46,9.47,11.1,7.93,3.6,0.231,medium
8739459b6ffffff,0.0092,0.0153,0.0479,0.305,0.662,0.799,2.55,3,3.88,2.31,0.84,0.0383,low
873945c00ffffff,0.0227,0.0378,0.118,0.754,1.66,1.97,6.22,7.28,8.86,5.57,2.03,0.0945,high
873945c01ffffff,0.0697,0.115,0.354,2.01,4.04,4.59,11.7,13.5,16.4,11.1,4.62,0.282,high
873945c02ffffff,0.102,0.169,0.521,3.07,6.31,7.23,17.8,20,22.9,16.6,7.09,0.416,high
873945c03ffffff,0.043,0.0716,0.224,1.42,3.12,3.64,10.9,12.7,15.6,10.2,3.77,0.179,high
873945c04ffffff,0.0235,0.0392,0.122,0.777,1.7,2.03,6.3,7.35,8.92,5.63,2.07,0.0979,high
873945c05ffffff,0.0324,0.053900000000000003,0.168,1.07,2.33,2.77,8.48,9.88,12,7.65,2.84,0.135,high
873945c06ffffff,0.0177,0.0295,0.0924,0.59,1.3,1.54,4.88,5.72,6.96,4.38,1.59,0.0739,high
873945c08ffffff,0.116,0.193,0.592,3.39,6.86,7.76,18.7,21.2,25.1,18,7.73,0.472,high
873945c09ffffff,0.048,0.0799,0.249,1.57,3.39,3.92,11.2,13.1,16.2,10.6,4.06,0.199,high
873945c0affffff,0.599,0.956,2.51,9.46,15.9,17.4,31.7,34.4,38.6,30.9,16.6,1.99,high
873945c0bffffff,0.0363,0.0605,0.189,1.2,2.65,3.08,9.29,10.9,13.7,8.76,3.23,0.151,high
873945c0cffffff,0.0458,0.0761,0.238,1.51,3.29,3.82,11.3,13.2,16.5,10.7,4,0.19,high
873945c0dffffff,0.165,0.271,0.8,3.93,7.37,8.26,19.2,21.7,25.9,18.4,8.21,0.635,high
873945c0effffff,0.298,0.491,1.45,7.11,13.1,14.5,29,31.8,36.2,28.2,13.9,1.15,high
873945c10ffffff,0.0166,0.0276,0.0863,0.547,1.2,1.41,4.31,5.02,6.05,3.91,1.44,0.069,high
873945c11ffffff,0.0445,0.0739,0.23,1.42,3.03,3.52,9.63,11,12.9,8.89,3.52,0.184,high
873945c12ffffff,0.032,0.0533,0.165,1,2.12,2.45,6.68,7.65,9.02,6.14,2.45,0.132,high
873945c13ffffff,0.126,0.208,0.638,3.58,7.14,8.11,18.8,20.9,23.7,17.7,7.86,0.508,high
873945c14ffffff,0.0226,0.0376,0.117,0.727,1.56,1.82,5.16,5.94,7.05,4.73,1.83,0.0936,high
873945c15ffffff,0.0202,0.0335,0.105,0.668,1.47,1.73,5.33,6.22,7.5,4.84,1.78,0.0838,high
873945c16ffffff,0.0578,0.0959,0.296,1.71,3.46,3.97,9.4,10.5,11.9,8.72,3.83,0.236,high
873945c18ffffff,0.0536,0.0892,0.279,1.76,3.84,4.46,12.9,15,18.3,12.2,4.61,0.223,high
873945c19ffffff,0.097,0.161,0.503,3.14,6.77,7.81,21.4,24.5,29.6,20.4,8.01,0.402,high
873945c1affffff,0.0635,0.105,0.325,1.9,3.88,4.42,10.8,12.2,14.2,10.2,4.35,0.259,high
873945c1bffffff,0.265,0.436,1.28,5.86,10.1,11,20,21.8,24.9,19.4,10.4,1.02,high
873945c1cffffff,0.112,0.186,0.57,3.24,6.49,7.37,17.5,19.6,22.4,16.3,7.17,0.454,high
873945c1dffffff,2.12,2.94,5.24,11.3,16.6,17.8,31.3,34.1,38.6,30.4,17.3,4.41,high
873945c1effffff,0.208,0.343,1.02,5.13,9.51,10.6,21.3,23.2,25.7,20.3,10,0.813,high
873945c20ffffff,0.0235,0.0391,0.122,0.776,1.7,2.03,6.32,7.38,8.97,5.65,2.08,0.0977,high
873945c21ffffff,0.029,0.0483,0.151,0.955,2.08,2.48,7.61,8.85,10.7,6.82,2.53,0.121,high
873945c22ffffff,0.0327,0.0543,0.169,1.06,2.29,2.72,8,9.24,11,7.21,2.75,0.136,high
873945c23ffffff,0.21,0.344,0.997,4.54,8.08,9.06,18.3,20.1,22.5,17.2,8.58,0.791,high
873945c24ffffff,0.0232,0.0385,0.12,0.76,1.65,1.97,5.96,6.92,8.33,5.35,2,0.0963,high
873945c25ffffff,0.0179,0.0298,0.0931,0.594,1.31,1.56,4.99,5.86,7.18,4.44,1.61,0.0745,high
873945c26ffffff,0.0287,0.0477,0.149,0.931,2.01,2.39,6.99,8.07,9.64,6.31,2.41,0.119,high
873945c28ffffff,0.0286,0.0476,0.149,0.953,2.08,2.42,7.37,8.7,11,6.95,2.55,0.119,high
873945c29ffffff,0.0346,0.0576,0.18,1.14,2.48,2.88,8.49,9.95,12.4,8.04,3.01,0.144,high
873945c2affffff,0.0254,0.0423,0.132,0.853,1.88,2.19,6.83,8.11,10.3,6.42,2.32,0.106,high
873945c2bffffff,0.124,0.203,0.59,2.68,4.77,5.29,11.9,13.6,16.4,11.4,5.23,0.467,high
873945c2cffffff,0.0313,0.052,0.162,1.03,2.25,2.61,7.74,9.09,11.4,7.32,2.73,0.13,high
873945c2dffffff,0.0537,0.0891,0.274,1.6,3.24,3.69,9.46,10.9,13.3,9.02,3.72,0.219,high
873945c2effffff,0.0335,0.0557,0.174,1.11,2.41,2.82,8.47,9.91,12.2,7.85,2.93,0.139,high
873945c30ffffff,0.00978,0.0163,0.051,0.326,0.722,0.87,2.87,3.39,4.15,2.51,0.896,0.0408,medium
873945c31ffffff,0.0132,0.0221,0.069,0.442,0.976,1.17,3.82,4.51,5.56,3.38,1.21,0.0552,medium
873945c32ffffff,0.0184,0.0307,0.0957,0.597,1.3,1.55,4.63,5.33,6.19,4.08,1.55,0.0765,high
873945c33ffffff,0.0146,0.0244,0.0763,0.49,1.09,1.29,4.16,4.9,5.99,3.74,1.33,0.061,high
873945c34ffffff,0.0099,0.0165,0.0516,0.328,0.726,0.89,2.97,3.47,4.11,2.51,0.901,0.0413,medium
873945c35ffffff,0.0136,0.0226,0.0707,0.453,1,1.2,3.9,4.61,5.67,3.46,1.24,0.0566,medium
873945c36ffffff,0.0112,0.0186,0.0582,0.37,0.817,1,3.31,3.85,4.51,2.79,1.01,0.0466,high
873945c40ffffff,0.0303,0.0505,0.158,1.01,2.26,2.63,7.89,9.38,12.2,7.56,2.74,0.126,high
873945c41ffffff,0.0993,0.165,0.513,3.11,6.72,7.67,18.5,21.4,25.9,18.4,7.46,0.41,high
873945c42ffffff,0.0283,0.0472,0.148,0.944,2.1,2.45,7.28,8.64,11.2,6.97,2.54,0.118,high
873945c43ffffff,0.0299,0.0498,0.156,0.996,2.24,2.61,7.65,9.16,11.9,7.46,2.68,0.124,high
873945c44ffffff,0.0281,0.0468,0.146,0.941,2.11,2.45,7.42,8.85,11.5,7.1,2.56,0.117,medium
873945c45ffffff,0.031,0.0517,0.162,1.04,2.34,2.72,8.13,9.72,12.7,7.86,2.82,0.129,high
873945c46ffffff,0.0646,0.107,0.331,1.93,3.99,4.54,11.2,12.8,15.9,10.8,4.5,0.264,medium
873945c48ffffff,0.0641,0.107,0.333,2.1,4.72,5.46,14.7,17.4,21.9,14.6,5.44,0.267,high
873945c49ffffff,0.0591,0.0986,0.307,1.94,4.35,5.03,13.6,16.2,20.5,13.6,5.02,0.246,high
873945c4affffff,0.102,0.17,0.524,3.06,6.51,7.43,17.7,20.7,25.1,17.6,7.17,0.418,high
873945c4bffffff,0.0815,0.136,0.422,2.61,5.76,6.63,16.9,20,24.7,16.9,6.51,0.338,high
873945c4cffffff,0.0315,0.0526,0.164,1.05,2.39,2.78,7.95,9.61,12.4,7.9,2.8,0.131,medium
873945c4dffffff,0.0203,0.0339,0.106,0.683,1.57,1.83,5.44,6.64,8.72,5.39,1.86,0.085,high
873945c4effffff,0.0312,0.0521,0.163,1.04,2.38,2.76,7.94,9.6,12.4,7.89,2.79,0.13,high
873945c50ffffff,0.043,0.0717,0.224,1.4,3.12,3.68,10.5,12.4,15.5,9.9,3.72,0.179,high
873945c51ffffff,0.0659,0.109,0.335,1.88,3.84,4.41,10.9,12.6,15.4,10.3,4.32,0.267,high
873945c52ffffff,0.123,0.205,0.632,3.66,7.56,8.68,19.6,22.2,26,18.9,8.34,0.505,high
873945c53ffffff,0.242,0.4,1.2,6.13,11.7,13.2,26.8,29.8,34.3,25.9,12.5,0.953,high
873945c54ffffff,0.056,0.0934,0.291,1.81,3.96,4.61,12.5,14.6,18.1,12,4.65,0.233,high
873945c55ffffff,0.0551,0.0917,0.283,1.68,3.53,4.05,10.5,12.2,15.4,10.1,4.06,0.226,high
873945c56ffffff,0.0326,0.0544,0.17,1.08,2.41,2.83,8.48,10.1,12.7,7.98,2.92,0.136,high
873945c58ffffff,0.0281,0.0468,0.146,0.923,2.11,2.51,7.15,8.73,11,6.93,2.48,0.117,medium
873945c59ffffff,0.034,0.0568,0.177,1.13,2.6,3.1,8.82,10.8,13.6,8.61,3.05,0.142,medium
873945c5affffff,0.032,0.0534,0.166,1.01,2.21,2.59,6.97,8.28,10.3,6.65,2.56,0.132,high
873945c5bffffff,0.0336,0.0561,0.175,1.1,2.53,3,8.3,10.1,12.6,8.12,2.93,0.14,high
873945c5cffffff,0.0345,0.0574,0.179,1.13,2.51,2.95,8.46,10.1,12.7,8.03,2.99,0.143,medium
873945c5dffffff,0.0463,0.0771,0.239,1.43,3.1,3.57,8.98,10.7,13.3,8.89,3.47,0.191,high
873945c5effffff,0.114,0.19,0.583,3.3,6.69,7.64,17,19.3,22.6,16.4,7.33,0.465,high
873945c60ffffff,0.0208,0.0347,0.108,0.697,1.56,1.82,5.49,6.54,8.56,5.25,1.89,0.0867,high
873945c61ffffff,0.0199,0.0332,0.104,0.668,1.5,1.74,5.31,6.34,8.32,5.08,1.82,0.083,high
873945c62ffffff,0.0278,0.0463,0.145,0.925,2.06,2.39,7.06,8.37,10.8,6.77,2.48,0.116,high
873945c63ffffff,0.0195,0.0324,0.101,0.655,1.47,1.72,5.31,6.36,8.39,5.07,1.8,0.0812,high
873945c64ffffff,0.0252,0.042,0.131,0.834,1.82,2.11,6.09,7.15,9.29,5.86,2.19,0.105,high
873945c65ffffff,0.0237,0.0394,0.123,0.777,1.69,1.95,5.54,6.48,8.42,5.33,2.02,0.0983,high
873945c66ffffff,0.0176,0.0293,0.0916,0.589,1.32,1.54,4.71,5.63,7.4,4.5,1.61,0.0732,medium
873945c68ffffff,0.0297,0.0494,0.154,0.966,2.17,2.5,6.76,8.07,10.3,6.73,2.49,0.123,high
873945c69ffffff,0.161,0.266,0.801,4.18,8.19,9.12,18.8,21.3,25.1,18.8,8.62,0.637,high
873945c6affffff,0.0774,0.129,0.399,2.38,5.08,5.77,13.6,15.7,19.1,13.6,5.58,0.318,medium
873945c6bffffff,0.019,0.0316,0.099,0.639,1.47,1.71,5.13,6.28,8.28,5.09,1.75,0.0793,medium
873945c6cffffff,0.0197,0.0329,0.103,0.651,1.47,1.7,4.75,5.7,7.36,4.71,1.71,0.0822,high
873945c6dffffff,0.0152,0.0254,0.0794,0.513,1.17,1.36,4.11,4.98,6.63,4.04,1.41,0.0635,high
873945c6effffff,0.021,0.0351,0.11,0.707,1.61,1.88,5.64,6.85,8.99,5.53,1.93,0.0878,high
873945c70ffffff,0.0207,0.0345,0.108,0.697,1.56,1.82,5.65,6.76,8.88,5.38,1.92,0.0864,high
873945c71ffffff,0.0475,0.0789,0.244,1.47,3.12,3.58,9.4,10.9,13.8,9.07,3.61,0.195,high
873945c72ffffff,0.0322,0.0536,0.168,1.07,2.36,2.75,8.22,9.7,12.3,7.81,2.87,0.134,high
873945c73ffffff,0.0292,0.0486,0.152,0.976,2.18,2.54,7.61,9.05,11.8,7.29,2.64,0.122,high
873945c74ffffff,0.0236,0.0392,0.123,0.791,1.74,2.03,6.33,7.53,9.63,5.97,2.15,0.0983,medium
873945c75ffffff,0.0344,0.0573,0.179,1.15,2.56,2.97,8.8,10.4,13.5,8.44,3.09,0.143,high
873945c76ffffff,0.0237,0.0394,0.123,0.794,1.75,2.04,6.37,7.57,9.64,5.99,2.16,0.0987,high
873945c80ffffff,0.019,0.0316,0.0989,0.633,1.41,1.66,5.37,6.31,7.62,4.78,1.72,0.079,high
873945c81ffffff,0.0368,0.0612,0.191,1.2,2.62,3.04,9.03,10.5,12.5,8.23,3.12,0.153,high
873945c82ffffff,0.0285,0.0475,0.147,0.904,1.94,2.29,6.44,7.34,8.4,5.72,2.25,0.118,high
873945c83ffffff,0.0291,0.0485,0.152,0.964,2.12,2.48,7.66,8.93,10.7,6.94,2.57,0.121,high
873945c84ffffff,0.032,0.0533,0.166,1.04,2.26,2.7,8.17,9.39,10.8,7.12,2.69,0.133,high
873945c85ffffff,0.0131,0.0218,0.0682,0.438,0.977,1.15,3.77,4.47,5.49,3.38,1.2,0.0545,high
873945c86ffffff,0.0128,0.0214,0.0669,0.428,0.956,1.15,3.88,4.55,5.32,3.3,1.17,0.0535,high
873945c88ffffff,0.0243,0.0405,0.127,0.808,1.79,2.09,6.61,7.75,9.39,5.97,2.17,0.101,medium
873945c89ffffff,0.0347,0.0577,0.18,1.14,2.49,2.87,8.46,9.95,12.3,7.99,3.01,0.144,high
873945c8affffff,0.0127,0.0212,0.0662,0.426,0.952,1.12,3.7,4.4,5.41,3.32,1.17,0.053,medium
873945c8bffffff,0.0161,0.0268,0.0837,0.537,1.2,1.4,4.53,5.39,6.72,4.14,1.48,0.067,high
873945c8cffffff,0.021,0.035,0.109,0.699,1.55,1.81,5.76,6.76,8.2,5.19,1.88,0.0875,high
873945c8dffffff,0.0252,0.0419,0.13,0.804,1.73,2,5.76,6.7,8.06,5.3,2.04,0.104,high
873945c8effffff,0.0618,0.103,0.315,1.81,3.69,4.19,10.5,11.9,13.9,9.78,4.15,0.251,high
873945c90ffffff,0.084,0.139,0.422,2.21,4.21,4.78,10.5,11.6,12.9,9.52,4.48,0.335,high
873945c91ffffff,0.0344,0.0572,0.178,1.09,2.33,2.76,7.7,8.72,9.85,6.8,2.7,0.142,high
873945c92ffffff,0.021,0.035,0.11,0.699,1.56,1.85,6.09,7.13,8.34,5.29,1.9,0.0876,high
873945c93ffffff,0.0237,0.0394,0.123,0.757,1.64,1.93,5.73,6.61,7.61,5.04,1.93,0.0979,high
873945c94ffffff,0.0559,0.093,0.288,1.7,3.54,4.14,10.6,11.9,13.3,9.5,3.99,0.229,high
873945c95ffffff,0.0694,0.115,0.352,1.95,3.85,4.44,10.4,11.5,12.8,9.38,4.21,0.28,high
873945c96ffffff,0.052,0.0867,0.27,1.67,3.63,4.31,12.5,14.2,16.1,11,4.26,0.216,high
873945c98ffffff,0.014,0.0233,0.0729,0.469,1.05,1.22,4.06,4.83,5.95,3.66,1.29,0.0583,high
873945c99ffffff,0.022,0.0366,0.114,0.714,1.55,1.8,5.28,6.12,7.3,4.83,1.84,0.0912,high
873945c9affffff,0.0285,0.0474,0.148,0.916,1.98,2.28,6.58,7.63,9.11,6.08,2.34,0.118,high
873945c9bffffff,0.0411,0.0684,0.213,1.32,2.87,3.3,9.33,10.7,12.6,8.67,3.38,0.17,high
873945c9cffffff,0.0265,0.0442,0.138,0.878,1.94,2.26,7.03,8.21,9.88,6.36,2.34,0.11,high
873945c9dffffff,0.0152,0.0253,0.0792,0.508,1.13,1.33,4.33,5.12,6.26,3.89,1.39,0.0633,high
873945c9effffff,0.0471,0.0784,0.244,1.5,3.23,3.76,10.6,12.1,14,9.59,3.77,0.195,high
873945ca0ffffff,0.0379,0.0631,0.196,1.19,2.53,2.99,8.1,9.14,10.3,7.2,2.91,0.156,high
873945ca1ffffff,0.0643,0.107,0.33,1.95,4.01,4.59,11.3,12.7,14.5,10.5,4.5,0.263,high
873945ca2ffffff,0.0486,0.081,0.252,1.57,3.4,4.05,11.7,13.3,15,10.3,4,0.202,high
873945ca3ffffff,0.0118,0.0197,0.0617,0.396,0.886,1.06,3.54,4.18,5.02,3.09,1.09,0.0494,high
873945ca4ffffff,0.0119,0.0198,0.0619,0.395,0.882,1.07,3.53,4.12,4.83,3.02,1.08,0.0495,high
873945ca5ffffff,0.0108,0.018,0.0562,0.36,0.803,0.969,3.22,3.78,4.46,2.77,0.985,0.0449,high
873945ca6ffffff,0.0307,0.0511,0.159,0.965,2.06,2.43,6.72,7.61,8.62,5.94,2.37,0.127,high
873945ca8ffffff,0.0645,0.107,0.333,2.03,4.31,4.98,13.4,15.2,17.7,12.4,4.98,0.266,high
873945ca9ffffff,0.0843,0.14,0.433,2.55,5.22,5.96,14.2,15.9,18.1,13.4,5.81,0.345,high
873945caaffffff,0.0305,0.0508,0.159,0.994,2.17,2.52,7.46,8.65,10.3,6.8,2.58,0.127,high
873945cabffffff,0.118,0.195,0.584,3,5.69,6.36,14,15.5,17.6,13.2,6.14,0.464,high
873945cacffffff,0.0802,0.133,0.413,2.47,5.15,5.92,15.1,16.9,19.5,14,5.85,0.329,high
873945cadffffff,1.01,1.64,4.68,18.9,30.2,32.4,50.3,53,56.4,48.9,29.8,3.7,high
873945caeffffff,0.0397,0.066,0.206,1.27,2.73,3.15,8.73,9.97,11.7,8.03,3.18,0.164,high
873945cb0ffffff,0.0149,0.0249,0.0777,0.497,1.11,1.34,4.49,5.25,6.14,3.82,1.36,0.0621,medium
873945cb1ffffff,0.0164,0.0273,0.0853,0.544,1.21,1.46,4.86,5.68,6.62,4.15,1.48,0.0682,high
873945cb2ffffff,0.0181,0.0302,0.0944,0.601,1.34,1.61,5.3,6.18,7.18,4.53,1.63,0.0755,high
873945cb3ffffff,0.0175,0.0293,0.0914,0.582,1.29,1.56,5.11,5.95,6.91,4.37,1.57,0.0731,medium
873945cb4ffffff,0.0154,0.0257,0.0803,0.513,1.14,1.38,4.59,5.37,6.26,3.92,1.4,0.0642,medium
873945cb5ffffff,0.0208,0.0347,0.108,0.674,1.47,1.75,5.33,6.14,7.06,4.62,1.74,0.0864,high
873945cb6ffffff,0.0147,0.0244,0.0764,0.486,1.08,1.32,4.41,5.13,5.92,3.71,1.33,0.0611,medium
873945cc0ffffff,0.015,0.0251,0.0784,0.5,1.13,1.34,4.26,5.19,6.6,3.96,1.4,0.0628,high
873945cc1ffffff,0.0141,0.0235,0.0736,0.468,1.07,1.27,4.02,4.91,6.26,3.74,1.32,0.0589,high
873945cc2ffffff,0.0116,0.0193,0.0602,0.386,0.869,1.02,3.29,4,5.12,3.07,1.08,0.0482,high
873945cc3ffffff,0.0108,0.018,0.0564,0.36,0.82,0.978,3.12,3.82,4.89,2.9,1.02,0.0452,high
873945cc4ffffff,0.0169,0.0282,0.0882,0.567,1.26,1.47,4.72,5.65,7.22,4.41,1.57,0.0706,high
873945cc5ffffff,0.0148,0.0248,0.0775,0.495,1.12,1.34,4.19,5.08,6.55,3.9,1.38,0.062,high
873945cc6ffffff,0.0133,0.0221,0.0691,0.444,0.991,1.15,3.74,4.51,5.77,3.49,1.24,0.0554,high
873945cc8ffffff,0.0144,0.0241,0.0753,0.479,1.09,1.3,4.1,5.01,6.38,3.81,1.35,0.0603,high
873945cc9ffffff,0.0128,0.0213,0.0666,0.425,0.994,1.19,3.6,4.48,5.66,3.48,1.19,0.0533,high
873945ccaffffff,0.00953,0.0159,0.0497,0.317,0.724,0.863,2.75,3.38,4.33,2.56,0.898,0.0398,high
873945ccbffffff,0.0113,0.0188,0.0589,0.376,0.866,1.03,3.23,3.99,5.07,3.05,1.06,0.0471,medium
873945cccffffff,0.0149,0.0249,0.0778,0.494,1.12,1.34,4.17,5.07,6.45,3.89,1.38,0.0622,high
873945ccdffffff,0.0862,0.143,0.426,2.15,4.11,4.65,10.2,11.7,13.8,9.79,4.45,0.339,high
873945cceffffff,0.014,0.0233,0.0729,0.462,1.05,1.25,3.88,4.73,5.99,3.62,1.29,0.0583,high
873945cd0ffffff,0.0279,0.0464,0.145,0.916,2.01,2.33,7.06,8.36,10.4,6.64,2.46,0.116,high
873945cd1ffffff,0.0189,0.0315,0.0986,0.631,1.4,1.63,5.18,6.21,7.87,4.85,1.74,0.0789,high
873945cd2ffffff,0.0174,0.029,0.0907,0.581,1.29,1.5,4.77,5.72,7.26,4.47,1.6,0.0726,high
873945cd3ffffff,0.0162,0.027,0.0844,0.542,1.21,1.4,4.53,5.45,6.95,4.23,1.51,0.0676,high
873945cd4ffffff,0.024,0.04,0.125,0.788,1.73,2,6.05,7.18,8.98,5.69,2.11,0.0999,high
873945cd5ffffff,0.0146,0.0244,0.0763,0.489,1.09,1.27,4.1,4.94,6.3,3.83,1.36,0.0611,high
873945cd6ffffff,0.573,0.934,2.63,10,15.5,16.5,25.2,26.9,29.4,24.7,15.3,2.08,high
873945cd8ffffff,0.0065,0.0108,0.0339,0.217,0.495,0.59,1.9,2.33,3,1.76,0.615,0.0272,high
873945cd9ffffff,0.00899,0.015,0.0469,0.299,0.683,0.814,2.6,3.19,4.08,2.41,0.847,0.0376,high
873945cdaffffff,0.0117,0.0194,0.0607,0.379,0.849,1,2.95,3.54,4.41,2.77,1.03,0.0485,high
873945cdbffffff,0.00947,0.0158,0.0493,0.308,0.691,0.817,2.4,2.88,3.59,2.25,0.835,0.0394,high
873945cdcffffff,0.0108,0.018,0.0563,0.359,0.818,0.975,3.11,3.81,4.87,2.89,1.01,0.045,high
873945cddffffff,0.01,0.0167,0.0522,0.333,0.76,0.906,2.89,3.54,4.53,2.68,0.943,0.0418,high
873945cdeffffff,0.0106,0.0177,0.0555,0.355,0.801,0.942,3.02,3.67,4.69,2.82,0.996,0.0444,high
873945ce0ffffff,0.03,0.0499,0.156,1,2.21,2.57,7.95,9.37,11.9,7.47,2.71,0.125,medium
873945ce1ffffff,0.0258,0.043,0.134,0.858,1.94,2.29,7.02,8.43,10.8,6.57,2.36,0.108,medium
873945ce2ffffff,0.0231,0.0384,0.12,0.772,1.71,1.99,6.28,7.44,9.48,5.89,2.11,0.0962,high
873945ce3ffffff,0.02,0.0334,0.104,0.669,1.5,1.77,5.52,6.62,8.49,5.17,1.85,0.0835,medium
873945ce4ffffff,0.0401,0.0667,0.209,1.33,2.94,3.41,10.4,12.2,15.3,9.77,3.58,0.167,high
873945ce5ffffff,0.0417,0.0695,0.217,1.37,3,3.5,10.2,12,14.9,9.63,3.61,0.173,high
873945ce6ffffff,0.0397,0.0661,0.207,1.32,2.9,3.37,10.2,12,15,9.63,3.54,0.165,high
873945ce8ffffff,0.0497,0.0828,0.257,1.54,3.29,3.82,9.7,11.2,13.7,9.24,3.76,0.205,high
873945ce9ffffff,0.023,0.0383,0.12,0.76,1.71,2.03,6.11,7.33,9.34,5.73,2.08,0.0958,high
873945ceaffffff,0.0141,0.0235,0.0736,0.471,1.07,1.27,3.98,4.83,6.25,3.72,1.31,0.0589,high
873945cebffffff,0.128,0.212,0.641,3.39,6.64,7.53,16.2,18.3,21.4,15.7,7.19,0.51,high
873945cecffffff,0.0375,0.0625,0.195,1.23,2.76,3.26,9.53,11.3,14.3,8.97,3.32,0.156,high
873945cedffffff,0.0345,0.0575,0.179,1.13,2.54,3,8.77,10.4,13.1,8.25,3.05,0.144,high
873945ceeffffff,0.0243,0.0404,0.126,0.804,1.81,2.15,6.49,7.8,9.94,6.09,2.2,0.101,high
873945cf0ffffff,0.0196,0.0326,0.102,0.65,1.44,1.67,5.22,6.23,7.86,4.89,1.78,0.0817,high
873945cf1ffffff,0.0182,0.0303,0.0949,0.609,1.36,1.58,5.06,6.06,7.73,4.73,1.69,0.076,high
873945cf2ffffff,0.0174,0.029,0.0906,0.579,1.29,1.49,4.73,5.66,7.17,4.42,1.59,0.0726,medium
873945cf3ffffff,0.0122,0.0204,0.0638,0.41,0.916,1.07,3.47,4.18,5.36,3.23,1.14,0.0511,medium
873945cf4ffffff,0.0177,0.0294,0.0921,0.592,1.32,1.54,4.89,5.82,7.42,4.57,1.63,0.0737,high
873945cf5ffffff,0.0261,0.0434,0.136,0.871,1.93,2.25,7.02,8.3,10.5,6.59,2.38,0.109,high
873945cf6ffffff,0.0467,0.0777,0.241,1.47,3.1,3.56,9.58,11,13.1,8.93,3.6,0.193,high
873945d00ffffff,0.0129,0.0215,0.0672,0.425,0.933,1.16,3.82,4.5,5.21,3.2,1.16,0.0538,high
873945d01ffffff,0.0178,0.0296,0.0923,0.574,1.24,1.52,4.68,5.43,6.22,3.99,1.51,0.0738,high
873945d02ffffff,0.0118,0.0197,0.0614,0.39,0.86,1.06,3.52,4.12,4.82,2.96,1.07,0.0491,high
873945d03ffffff,0.0196,0.0326,0.101,0.627,1.35,1.65,4.92,5.66,6.49,4.22,1.62,0.0811,high
873945d04ffffff,0.0152,0.0254,0.0793,0.501,1.1,1.36,4.47,5.25,6.08,3.75,1.37,0.0634,high
873945d05ffffff,0.0153,0.0255,0.0796,0.503,1.1,1.37,4.48,5.27,6.09,3.77,1.37,0.0637,high
873945d06ffffff,0.013,0.0217,0.0678,0.428,0.94,1.17,3.84,4.52,5.23,3.22,1.17,0.0542,medium
873945d08ffffff,0.0137,0.0228,0.0712,0.454,0.992,1.2,3.89,4.57,5.56,3.41,1.23,0.057,high
873945d09ffffff,0.017,0.0283,0.0885,0.564,1.23,1.5,4.87,5.73,6.96,4.26,1.54,0.0708,high
873945d0affffff,0.0304,0.0505,0.157,0.965,2.05,2.41,6.63,7.58,8.94,6.04,2.4,0.126,high
873945d0bffffff,0.0167,0.0277,0.0867,0.552,1.21,1.45,4.6,5.39,6.58,4.09,1.49,0.0694,high
873945d0cffffff,0.00939,0.0156,0.0489,0.313,0.686,0.834,2.76,3.26,3.99,2.4,0.859,0.0391,high
873945d0dffffff,0.0227,0.0379,0.118,0.738,1.59,1.91,5.72,6.63,7.9,5.08,1.93,0.0944,high
873945d0effffff,0.0126,0.021,0.0655,0.416,0.912,1.11,3.59,4.21,5.04,3.11,1.13,0.0524,high
873945d10ffffff,0.0195,0.0324,0.101,0.639,1.41,1.73,5.62,6.52,7.55,4.73,1.73,0.081,high
873945d11ffffff,0.0141,0.0236,0.0736,0.466,1.03,1.27,4.17,4.84,5.67,3.51,1.27,0.0589,medium
873945d12ffffff,0.0112,0.0187,0.0584,0.368,0.811,1.01,3.34,3.9,4.46,2.77,1.01,0.0467,medium
873945d13ffffff,0.0168,0.028,0.0876,0.554,1.22,1.5,4.88,5.65,6.6,4.12,1.5,0.0701,medium
873945d14ffffff,0.0199,0.0332,0.104,0.644,1.41,1.76,5.51,6.38,7.15,4.61,1.73,0.0829,medium
873945d15ffffff,0.0151,0.0251,0.0784,0.497,1.1,1.35,4.45,5.18,6.06,3.74,1.36,0.0627,medium
873945d16ffffff,0.0162,0.0271,0.0846,0.528,1.16,1.46,4.73,5.51,6.14,3.9,1.44,0.0677,medium
873945d18ffffff,0.0166,0.0277,0.0863,0.535,1.16,1.41,4.23,4.85,5.58,3.63,1.39,0.069,high
873945d19ffffff,0.104,0.173,0.536,3.18,6.55,7.62,18.4,20.5,23.3,17.1,7.4,0.428,high
873945d1affffff,0.00919,0.0153,0.0479,0.304,0.673,0.829,2.77,3.23,3.8,2.32,0.835,0.0383,high
873945d1bffffff,0.0107,0.0178,0.0557,0.355,0.785,0.954,3.13,3.67,4.42,2.7,0.972,0.0446,medium
873945d1cffffff,0.0197,0.0328,0.102,0.646,1.42,1.74,5.58,6.45,7.5,4.73,1.74,0.0819,high
873945d1dffffff,0.0158,0.0263,0.0822,0.521,1.14,1.39,4.43,5.15,6.12,3.83,1.4,0.0658,high
873945d1effffff,0.0125,0.0209,0.0652,0.413,0.911,1.12,3.67,4.27,4.99,3.09,1.12,0.0522,high
873945d20ffffff,0.0187,0.0312,0.0975,0.615,1.35,1.67,5.41,6.34,7.32,4.56,1.67,0.078,high
873945d21ffffff,0.016,0.0267,0.0834,0.527,1.16,1.43,4.69,5.51,6.37,3.94,1.44,0.0667,medium
873945d22ffffff,0.0171,0.0285,0.0891,0.562,1.23,1.52,4.96,5.82,6.71,4.17,1.53,0.0713,high
873945d23ffffff,0.705,1.12,2.87,8.95,13.2,14.3,22.7,24.2,25.7,21.3,13.3,2.27,medium
873945d24ffffff,0.0155,0.0258,0.0806,0.51,1.12,1.38,4.55,5.34,6.18,3.82,1.39,0.0645,medium
873945d25ffffff,0.0127,0.0212,0.0663,0.419,0.92,1.14,3.77,4.44,5.14,3.16,1.15,0.053,medium
873945d26ffffff,0.0558,0.0928,0.288,1.71,3.56,4.32,11.4,12.9,14.3,9.98,4.15,0.23,high
873945d28ffffff,0.0141,0.0235,0.0736,0.469,1.03,1.25,4.06,4.78,5.78,3.54,1.28,0.0589,medium
873945d29ffffff,0.0169,0.0282,0.0881,0.562,1.23,1.49,4.84,5.69,6.92,4.23,1.53,0.0705,high
873945d2affffff,0.0128,0.0213,0.0667,0.424,0.929,1.14,3.74,4.41,5.24,3.2,1.16,0.0534,high
873945d2bffffff,0.0162,0.027,0.0843,0.536,1.17,1.42,4.54,5.32,6.45,3.98,1.45,0.0674,medium
873945d2cffffff,0.0131,0.0219,0.0684,0.433,0.949,1.17,3.86,4.54,5.29,3.26,1.18,0.0547,medium
873945d2dffffff,0.0163,0.0271,0.0848,0.539,1.17,1.42,4.55,5.34,6.46,3.99,1.46,0.0679,medium
873945d2effffff,0.0216,0.036,0.112,0.701,1.52,1.87,5.78,6.7,7.66,4.92,1.86,0.0899,high
873945d30ffffff,0.0159,0.0265,0.0828,0.518,1.14,1.43,4.61,5.42,6.04,3.81,1.41,0.0662,high
873945d31ffffff,0.0139,0.0232,0.0724,0.458,1.01,1.25,4.11,4.84,5.6,3.45,1.25,0.058,high
873945d32ffffff,0.0192,0.0321,0.1,0.623,1.36,1.71,5.42,6.33,7.03,4.5,1.68,0.08,high
873945d33ffffff,0.0156,0.0259,0.081,0.511,1.12,1.39,4.54,5.33,6.1,3.8,1.39,0.0648,high
873945d34ffffff,0.0156,0.0261,0.0815,0.511,1.12,1.41,4.6,5.42,6.04,3.8,1.4,0.0652,high
873945d35ffffff,0.0165,0.0275,0.086,0.54,1.18,1.48,4.83,5.68,6.4,4.01,1.47,0.0688,medium
873945d36ffffff,0.0149,0.0249,0.0776,0.487,1.07,1.35,4.39,5.18,5.77,3.62,1.33,0.0621,high
873945d40ffffff,0.0193,0.0321,0.1,0.645,1.4,1.66,5.16,6.07,7.75,4.78,1.74,0.0803,medium
873945d41ffffff,0.0142,0.0236,0.0738,0.477,1.04,1.24,3.94,4.66,6.03,3.64,1.31,0.059,high
873945d42ffffff,0.0222,0.0369,0.116,0.744,1.62,1.92,6.01,7.07,9.05,5.56,2.02,0.0925,high
873945d43ffffff,0.0257,0.0427,0.133,0.835,1.78,2.08,5.99,6.94,8.68,5.59,2.15,0.106,high
873945d44ffffff,0.0148,0.0245,0.0769,0.497,1.09,1.29,4.11,4.86,6.27,3.79,1.36,0.0615,medium
873945d45ffffff,0.0344,0.0571,0.178,1.11,2.36,2.75,7.58,8.69,10.7,7.12,2.81,0.142,high
873945d46ffffff,0.0284,0.0472,0.148,0.947,2.06,2.43,7.47,8.75,11.1,6.93,2.55,0.118,high
873945d48ffffff,0.0106,0.0176,0.0552,0.358,0.797,0.93,2.91,3.47,4.68,2.78,0.986,0.0441,medium
873945d49ffffff,0.0124,0.0206,0.0646,0.417,0.921,1.07,3.26,3.86,5.14,3.13,1.13,0.0516,medium
873945d4affffff,0.0223,0.0371,0.116,0.737,1.61,1.86,5.38,6.3,8.24,5.18,1.94,0.0927,medium
873945d4bffffff,0.0192,0.0319,0.0998,0.634,1.38,1.6,4.65,5.45,7.15,4.47,1.67,0.0797,medium
873945d4cffffff,0.0112,0.0186,0.0584,0.379,0.842,0.983,3.07,3.66,4.93,2.94,1.04,0.0467,high
873945d4dffffff,0.0146,0.0243,0.076,0.486,1.06,1.24,3.63,4.26,5.59,3.48,1.29,0.0607,medium
873945d4effffff,0.013,0.0216,0.0678,0.44,0.975,1.14,3.6,4.29,5.72,3.41,1.21,0.0542,medium
873945d50ffffff,0.0305,0.0508,0.159,1.01,2.21,2.6,7.89,9.24,11.6,7.31,2.71,0.127,high
873945d51ffffff,0.0258,0.0429,0.134,0.86,1.87,2.2,6.76,7.94,10.1,6.29,2.31,0.107,high
873945d52ffffff,0.0178,0.0297,0.0929,0.596,1.31,1.56,5.02,5.94,7.4,4.54,1.63,0.0743,high
873945d53ffffff,0.0229,0.0381,0.119,0.77,1.7,1.98,6.21,7.39,9.42,5.83,2.1,0.0956,high
873945d54ffffff,0.0354,0.059,0.184,1.16,2.52,3.04,9.34,10.8,13,8.3,3.1,0.147,high
873945d55ffffff,0.0433,0.072,0.225,1.43,3.06,3.6,10.5,12.1,15.2,9.8,3.72,0.18,high
873945d56ffffff,0.0183,0.0304,0.0951,0.608,1.34,1.61,5.2,6.12,7.48,4.59,1.65,0.0761,high
873945d58ffffff,0.0383,0.0637,0.198,1.23,2.61,3.01,8.33,9.66,11.9,7.9,3.09,0.158,high
873945d59ffffff,0.0171,0.0285,0.0891,0.576,1.29,1.51,4.66,5.57,7.4,4.45,1.58,0.0713,medium
873945d5affffff,0.0253,0.0421,0.132,0.843,1.84,2.14,6.47,7.63,9.62,6.11,2.25,0.105,medium
873945d5bffffff,0.0204,0.034,0.106,0.683,1.52,1.77,5.4,6.43,8.34,5.14,1.86,0.0851,medium
873945d5cffffff,0.03,0.0499,0.156,0.993,2.14,2.52,7.52,8.75,11,7.01,2.63,0.125,high
873945d5dffffff,0.0245,0.0408,0.127,0.805,1.74,2.03,5.88,6.85,8.73,5.55,2.1,0.102,high
873945d5effffff,0.0255,0.0424,0.133,0.85,1.86,2.16,6.62,7.83,9.9,6.24,2.28,0.106,high
873945d60ffffff,0.0104,0.0173,0.0542,0.348,0.759,0.905,2.9,3.42,4.42,2.65,0.955,0.0434,medium
873945d61ffffff,0.0139,0.0231,0.0721,0.456,0.98,1.17,3.52,4.09,5.19,3.24,1.21,0.0577,medium
873945d62ffffff,0.0537,0.0892,0.278,1.72,3.63,4.22,11.3,12.9,15.6,10.7,4.29,0.222,high
873945d63ffffff,0.0266,0.0443,0.138,0.856,1.81,2.11,5.76,6.61,8.13,5.42,2.15,0.11,medium
873945d64ffffff,0.0105,0.0175,0.0548,0.35,0.761,0.916,2.95,3.46,4.49,2.67,0.964,0.0439,medium
873945d65ffffff,0.00908,0.0151,0.0473,0.303,0.658,0.792,2.57,3.02,3.93,2.32,0.836,0.0379,medium
873945d66ffffff,0.0118,0.0196,0.0613,0.394,0.862,1.03,3.34,3.95,5.02,3.02,1.08,0.049,medium
873945d68ffffff,0.0447,0.0744,0.231,1.41,2.97,3.41,8.52,9.66,11.9,8.27,3.42,0.185,high
873945d69ffffff,0.0061,0.0102,0.0318,0.206,0.458,0.538,1.71,2.04,2.76,1.62,0.572,0.0255,high
873945d6affffff,0.0579,0.0962,0.299,1.84,3.88,4.47,11.6,13.2,16.1,11.1,4.52,0.239,high
873945d6bffffff,0.0321,0.0535,0.167,1.04,2.24,2.59,7.05,8.15,10.4,6.81,2.65,0.133,high
873945d6cffffff,0.0156,0.026,0.0811,0.515,1.12,1.33,3.99,4.66,6,3.72,1.38,0.0649,high
873945d6dffffff,0.0245,0.0408,0.127,0.806,1.75,2.06,6.04,7.05,9.09,5.71,2.14,0.102,high
873945d6effffff,0.0134,0.0223,0.0698,0.449,0.98,1.16,3.62,4.27,5.46,3.35,1.22,0.0558,high
873945d70ffffff,0.0238,0.0396,0.124,0.787,1.72,2.08,6.64,7.77,9.39,5.82,2.13,0.0991,high
873945d71ffffff,0.027,0.0449,0.14,0.895,1.94,2.28,6.87,8.01,10.1,6.37,2.37,0.112,high
873945d72ffffff,0.0319,0.0531,0.166,1.04,2.26,2.73,8.34,9.68,11.6,7.38,2.77,0.133,high
873945d73ffffff,0.0465,0.0774,0.242,1.52,3.27,3.88,11.4,13.2,16,10.4,3.97,0.193,high
873945d74ffffff,0.0231,0.0384,0.12,0.746,1.6,1.92,5.74,6.66,7.95,5.09,1.94,0.0957,high
873945d75ffffff,0.0232,0.0386,0.12,0.751,1.6,1.91,5.59,6.48,7.86,5.06,1.94,0.0962,high
873945d76ffffff,0.0171,0.0285,0.0891,0.567,1.24,1.5,4.85,5.7,6.91,4.25,1.54,0.0713,medium
873945d80ffffff,0.0102,0.017,0.0532,0.334,0.739,0.923,3.07,3.56,4,2.53,0.919,0.0425,medium
873945d81ffffff,0.00937,0.0156,0.0488,0.312,0.698,0.845,2.82,3.3,3.88,2.41,0.855,0.039,medium
873945d82ffffff,0.0108,0.018,0.0564,0.354,0.783,0.977,3.25,3.76,4.22,2.67,0.973,0.0451,medium
873945d83ffffff,0.0116,0.0194,0.0607,0.384,0.854,1.05,3.49,4.06,4.64,2.92,1.05,0.0486,medium
873945d84ffffff,0.0118,0.0197,0.0616,0.387,0.855,1.07,3.53,4.09,4.58,2.91,1.06,0.0492,medium
873945d85ffffff,0.0102,0.017,0.0532,0.335,0.743,0.92,3.05,3.54,4.01,2.53,0.919,0.0425,medium
873945d86ffffff,0.0209,0.0348,0.108,0.669,1.46,1.8,5.49,6.27,6.94,4.61,1.76,0.0866,high
873945d88ffffff,0.0105,0.0175,0.0547,0.349,0.779,0.943,3.13,3.65,4.28,2.67,0.954,0.0437,high
873945d89ffffff,0.0118,0.0197,0.0617,0.393,0.874,1.06,3.44,4.01,4.68,2.95,1.06,0.0493,high
873945d8affffff,0.00928,0.0155,0.0484,0.31,0.692,0.838,2.8,3.28,3.86,2.39,0.849,0.0387,high
873945d8bffffff,0.0128,0.0213,0.0666,0.425,0.947,1.15,3.78,4.41,5.16,3.23,1.16,0.0532,high
873945d8cffffff,0.00919,0.0153,0.0479,0.306,0.682,0.825,2.73,3.19,3.74,2.34,0.835,0.0383,high
873945d8dffffff,0.00772,0.0129,0.0403,0.258,0.576,0.698,2.34,2.75,3.23,2,0.708,0.0322,high
873945d8effffff,0.0105,0.0176,0.055,0.35,0.78,0.944,3.1,3.62,4.23,2.65,0.953,0.0439,medium
873945d90ffffff,0.00906,0.0151,0.0472,0.297,0.658,0.821,2.74,3.18,3.57,2.25,0.818,0.0378,medium
873945d91ffffff,0.0234,0.0391,0.122,0.75,1.63,2.01,6.03,6.85,7.56,5.09,1.97,0.0973,high
873945d92ffffff,0.0101,0.0169,0.0528,0.333,0.738,0.92,3.09,3.57,4.02,2.53,0.916,0.0422,high
873945d93ffffff,0.0112,0.0187,0.0583,0.366,0.811,1.01,3.37,3.9,4.37,2.77,1.01,0.0466,high
873945d94ffffff,0.0103,0.0171,0.0535,0.336,0.745,0.93,3.1,3.59,4.03,2.55,0.926,0.0428,medium
873945d95ffffff,0.0159,0.0266,0.0829,0.519,1.14,1.42,4.59,5.29,5.91,3.81,1.41,0.0663,medium
873945d96ffffff,0.0128,0.0214,0.0669,0.419,0.923,1.15,3.8,4.4,4.91,3.13,1.15,0.0535,medium
873945d98ffffff,0.0234,0.0389,0.121,0.753,1.64,1.96,5.76,6.58,7.5,5.03,1.93,0.0969,high
873945d99ffffff,0.011,0.0183,0.0573,0.366,0.816,0.988,3.27,3.82,4.47,2.8,0.999,0.0458,high
873945d9affffff,0.0197,0.0328,0.102,0.637,1.4,1.71,5.36,6.14,6.92,4.51,1.69,0.0818,medium
873945d9bffffff,0.0218,0.0363,0.113,0.697,1.51,1.8,5.3,6.08,6.97,4.62,1.78,0.0901,high
873945d9cffffff,0.0112,0.0187,0.0583,0.367,0.813,1.01,3.36,3.89,4.39,2.77,1.01,0.0466,medium
873945d9dffffff,0.0106,0.0176,0.0552,0.353,0.787,0.953,3.17,3.71,4.35,2.71,0.965,0.0441,high
873945d9effffff,0.0346,0.0577,0.179,1.08,2.31,2.82,7.78,8.72,9.51,6.7,2.72,0.143,high
873945da0ffffff,0.0151,0.0253,0.0789,0.491,1.08,1.35,4.32,5.03,5.6,3.58,1.33,0.0631,medium
873945da1ffffff,0.0116,0.0193,0.0604,0.378,0.832,1.05,3.44,4.03,4.51,2.83,1.04,0.0483,medium
873945da2ffffff,0.0135,0.0226,0.0706,0.442,0.974,1.22,4.01,4.66,5.21,3.3,1.21,0.0564,medium
873945da3ffffff,0.0165,0.0276,0.0862,0.536,1.17,1.48,4.7,5.45,6.07,3.89,1.45,0.0689,medium
873945da4ffffff,0.0149,0.0248,0.0775,0.484,1.06,1.34,4.36,5.09,5.67,3.59,1.33,0.062,medium
873945da5ffffff,0.0155,0.0259,0.0808,0.504,1.11,1.4,4.54,5.31,5.92,3.74,1.38,0.0646,medium
873945da6ffffff,0.0149,0.0249,0.0777,0.485,1.07,1.35,4.38,5.12,5.71,3.61,1.33,0.0621,medium
873945da8ffffff,0.0102,0.017,0.0532,0.338,0.748,0.921,3.07,3.58,4.21,2.58,0.927,0.0426,medium
873945da9ffffff,0.0118,0.0197,0.0616,0.39,0.86,1.06,3.47,4.03,4.72,2.92,1.06,0.0493,medium
873945daaffffff,0.00891,0.0149,0.0464,0.297,0.661,0.804,2.69,3.15,3.7,2.28,0.814,0.0372,medium
873945dabffffff,0.00879,0.0146,0.0458,0.292,0.648,0.793,2.65,3.1,3.64,2.24,0.801,0.0366,medium
873945dacffffff,0.012,0.0201,0.0627,0.398,0.879,1.08,3.6,4.19,4.91,3.02,1.09,0.0502,medium
873945dadffffff,0.0108,0.018,0.0563,0.357,0.79,0.973,3.24,3.78,4.44,2.72,0.98,0.045,medium
873945daeffffff,0.0113,0.0189,0.0591,0.374,0.825,1.02,3.38,3.94,4.57,2.83,1.02,0.0473,medium
873945db0ffffff,0.0144,0.024,0.0751,0.47,1.04,1.29,4.25,4.92,5.5,3.51,1.29,0.06,medium
873945db1ffffff,0.0159,0.0266,0.083,0.519,1.14,1.42,4.63,5.34,5.96,3.83,1.41,0.0663,medium
873945db2ffffff,0.0111,0.0185,0.0577,0.36,0.792,0.993,3.26,3.78,4.22,2.69,0.992,0.0462,medium
873945db3ffffff,0.012,0.0201,0.0628,0.395,0.873,1.09,3.61,4.18,4.68,2.97,1.08,0.0502,medium
873945db4ffffff,0.0332,0.0554,0.172,1.03,2.19,2.71,7.85,8.95,9.78,6.64,2.66,0.138,medium
873945db5ffffff,0.0214,0.0357,0.111,0.693,1.52,1.89,5.99,6.89,7.67,4.98,1.87,0.0891,medium
873945db6ffffff,0.0141,0.0235,0.0734,0.454,0.992,1.25,4.05,4.7,5.22,3.34,1.25,0.0586,medium
873946800ffffff,0.0617,0.103,0.319,1.94,4.03,4.68,12.3,13.2,16,12.1,4.78,0.254,high
873946801ffffff,0.351,0.577,1.67,7.17,11.7,12.6,21.1,22,24.4,20.9,11.9,1.32,high
873946804ffffff,0.021,0.0351,0.109,0.685,1.46,1.71,5.14,5.57,7.08,4.97,1.8,0.0871,high
873946805ffffff,0.11,0.182,0.535,2.53,4.48,4.96,10.7,11.3,13.3,10.4,4.89,0.422,high
873946806ffffff,0.0368,0.0614,0.191,1.19,2.53,2.99,8.6,9.25,11.8,8.39,3.1,0.152,high
87394680cffffff,0.0172,0.0286,0.089,0.545,1.14,1.31,3.79,4.1,5.11,3.63,1.37,0.0708,high
87394680dffffff,0.0628,0.105,0.323,1.88,3.79,4.35,11.2,12,14.4,10.7,4.4,0.256,high
873946815ffffff,0.0283,0.0472,0.147,0.925,1.98,2.34,6.81,7.34,9.33,6.66,2.44,0.117,high
873946820ffffff,0.0231,0.0385,0.12,0.749,1.59,1.85,5.64,6.14,7.72,5.38,1.96,0.0955,high
873946821ffffff,0.0162,0.027,0.0842,0.53,1.13,1.32,4.18,4.57,5.83,4,1.41,0.0671,high
873946822ffffff,0.31,0.508,1.45,6.07,9.96,10.9,19.6,20.6,23.2,19.1,10.4,1.15,high
873946823ffffff,0.0439,0.0731,0.228,1.41,2.96,3.43,9.93,10.8,13.3,9.58,3.6,0.181,high
873946824ffffff,0.0144,0.024,0.0749,0.475,1.02,1.22,4.08,4.5,5.83,3.78,1.31,0.0598,high
873946825ffffff,0.00993,0.0166,0.0518,0.329,0.708,0.828,2.72,2.98,3.86,2.6,0.895,0.0412,high
873946826ffffff,0.0166,0.0277,0.0864,0.548,1.18,1.41,4.74,5.23,6.78,4.39,1.52,0.069,high
873946828ffffff,0.0247,0.0411,0.127,0.772,1.59,1.83,5.15,5.57,6.9,4.96,1.91,0.101,high
873946829ffffff,0.0147,0.0246,0.0767,0.483,1.03,1.21,3.81,4.14,5.22,3.59,1.28,0.0611,high
87394682affffff,0.0163,0.0272,0.0851,0.541,1.17,1.36,4.48,4.91,6.34,4.28,1.48,0.0678,high
87394682bffffff,0.00785,0.0131,0.041,0.263,0.572,0.674,2.34,2.58,3.39,2.21,0.735,0.0327,high
87394682cffffff,0.007,0.0117,0.0365,0.235,0.51,0.599,2.08,2.29,3.03,1.97,0.655,0.0291,high
87394682dffffff,0.00774,0.0129,0.0404,0.258,0.56,0.657,2.24,2.47,3.24,2.13,0.716,0.0322,high
87394682effffff,0.0106,0.0177,0.0553,0.349,0.747,0.873,2.8,3.06,3.94,2.68,0.938,0.044,high
873946830ffffff,0.0354,0.0589,0.183,1.13,2.4,2.83,8,8.6,10.9,7.81,2.91,0.146,high
873946831ffffff,0.0251,0.0418,0.13,0.813,1.73,2.05,6.15,6.66,8.59,5.93,2.14,0.104,high
873946832ffffff,0.01,0.0168,0.0524,0.338,0.74,0.887,2.95,3.22,4.34,2.86,0.95,0.0418,high
873946833ffffff,0.0247,0.0412,0.128,0.807,1.73,2.05,6.06,6.54,8.41,5.91,2.14,0.102,high
873946834ffffff,0.0116,0.0193,0.0603,0.383,0.824,0.986,3.22,3.54,4.6,3.04,1.05,0.0482,high
873946835ffffff,0.0771,0.128,0.395,2.28,4.51,5.22,12.7,13.7,16.2,12.2,5.22,0.314,high
873946836ffffff,0.0185,0.0308,0.0963,0.617,1.34,1.6,5.14,5.58,7.4,4.99,1.71,0.0768,high
873946844ffffff,0.0129,0.0215,0.0672,0.428,0.927,1.09,3.65,3.98,5.11,3.41,1.17,0.0535,high
873946845ffffff,0.0135,0.0224,0.0702,0.446,0.965,1.13,3.75,4.09,5.22,3.51,1.21,0.0559,high
873946860ffffff,0.00483,0.00806,0.0252,0.162,0.354,0.419,1.48,1.62,2.13,1.37,0.455,0.0201,high
873946861ffffff,0.00619,0.0103,0.0323,0.208,0.453,0.535,1.88,2.06,2.7,1.74,0.58,0.0258,high
873946862ffffff,0.00385,0.00642,0.0201,0.129,0.283,0.334,1.18,1.3,1.71,1.1,0.363,0.016,high
873946863ffffff,0.0104,0.0173,0.0541,0.341,0.733,0.86,2.75,2.99,3.79,2.58,0.914,0.0431,high
873946864ffffff,0.00406,0.00677,0.0212,0.136,0.298,0.352,1.24,1.36,1.79,1.15,0.382,0.0169,high
873946865ffffff,0.0062,0.0104,0.0324,0.208,0.454,0.539,1.92,2.11,2.75,1.75,0.582,0.0258,high
873946866ffffff,0.00523,0.00873,0.0273,0.176,0.384,0.455,1.61,1.77,2.33,1.49,0.494,0.0218,high
873946868ffffff,0.00942,0.0157,0.0492,0.315,0.692,0.825,2.74,3.03,3.86,2.55,0.87,0.0392,high
873946869ffffff,0.0517,0.0861,0.268,1.65,3.48,4.08,11.2,12.1,14.5,10.6,4.13,0.213,high
87394686affffff,0.042,0.07,0.218,1.35,2.88,3.38,9.6,10.4,12.6,9.08,3.45,0.174,high
87394686bffffff,0.021,0.035,0.109,0.686,1.48,1.75,5.23,5.71,7.03,4.93,1.8,0.087,high
87394686cffffff,0.00995,0.0166,0.0519,0.327,0.705,0.839,2.74,3.01,3.76,2.48,0.877,0.0414,high
87394686dffffff,0.0201,0.0335,0.105,0.666,1.45,1.73,5.54,6.1,7.68,5.17,1.81,0.0835,high
87394686effffff,0.0234,0.0391,0.122,0.746,1.57,1.83,5.31,5.75,7.09,5.01,1.89,0.0967,high
873946870ffffff,0.0164,0.0273,0.0854,0.536,1.15,1.34,4.17,4.52,5.67,3.93,1.42,0.068,high
873946871ffffff,0.0117,0.0194,0.0608,0.387,0.836,0.984,3.26,3.56,4.55,3.05,1.05,0.0484,high
873946872ffffff,0.0232,0.0387,0.121,0.769,1.66,1.95,6.39,6.96,8.86,5.99,2.09,0.0965,high
873946873ffffff,0.0585,0.0975,0.303,1.83,3.8,4.4,12.3,13.2,16,11.7,4.53,0.241,high
873946874ffffff,0.0105,0.0175,0.0547,0.347,0.75,0.882,2.91,3.17,4.06,2.72,0.944,0.0436,high
873946875ffffff,0.0369,0.0614,0.19,1.13,2.3,2.65,7.22,7.77,9.47,6.87,2.71,0.151,high
873946876ffffff,0.0227,0.0379,0.118,0.745,1.6,1.87,5.9,6.4,8.06,5.54,1.98,0.0942,high
873946900ffffff,0.011,0.0183,0.0571,0.358,0.76,0.911,2.93,3.23,4.11,2.71,0.968,0.0456,high
873946901ffffff,0.00483,0.00807,0.0252,0.16,0.342,0.411,1.43,1.58,2.06,1.29,0.446,0.0201,high
873946902ffffff,0.0246,0.0409,0.126,0.74,1.49,1.77,4.74,5.18,6.32,4.42,1.79,0.101,high
873946903ffffff,0.00684,0.0114,0.0357,0.227,0.487,0.585,1.99,2.2,2.88,1.84,0.63,0.0285,high
873946904ffffff,0.00521,0.0087,0.0272,0.17,0.359,0.437,1.52,1.7,2.13,1.32,0.474,0.0217,high
873946905ffffff,0.0205,0.0342,0.106,0.65,1.34,1.58,4.76,5.18,6.33,4.33,1.67,0.0848,high
873946906ffffff,0.0102,0.017,0.0529,0.328,0.69,0.845,2.65,2.95,3.71,2.41,0.884,0.0423,high
873946908ffffff,0.00961,0.016,0.05,0.315,0.67,0.8,2.59,2.85,3.65,2.41,0.852,0.0399,high
873946909ffffff,0.0198,0.0329,0.103,0.653,1.4,1.64,5.33,5.83,7.49,5.07,1.77,0.082,high
87394690affffff,0.00698,0.0117,0.0364,0.232,0.499,0.6,2.07,2.29,3.01,1.91,0.648,0.0291,high
87394690bffffff,0.0126,0.021,0.0657,0.414,0.885,1.04,3.33,3.65,4.65,3.15,1.11,0.0524,high
87394690cffffff,0.00465,0.00776,0.0242,0.154,0.329,0.394,1.38,1.53,1.98,1.24,0.429,0.0194,medium
87394690dffffff,0.00748,0.0125,0.0389,0.245,0.518,0.612,2.03,2.23,2.81,1.84,0.66,0.0311,high
87394690effffff,0.00684,0.0114,0.0357,0.227,0.488,0.586,2.01,2.22,2.9,1.85,0.632,0.0285,high
873946910ffffff,0.188,0.311,0.919,4.38,7.72,8.79,17.5,18.6,21,16.7,8.42,0.728,high
873946911ffffff,0.0136,0.0227,0.0708,0.441,0.931,1.14,3.64,4.05,5.1,3.3,1.2,0.0566,high
873946912ffffff,0.0263,0.0439,0.137,0.846,1.77,2.17,6.6,7.31,9.03,6.04,2.25,0.109,high
873946913ffffff,0.00651,0.0109,0.0339,0.213,0.454,0.56,1.88,2.11,2.71,1.69,0.594,0.0271,high
873946914ffffff,0.0107,0.0178,0.0556,0.349,0.744,0.917,3.07,3.44,4.41,2.76,0.973,0.0444,medium
873946915ffffff,0.0266,0.0443,0.137,0.8,1.6,1.92,5.12,5.61,6.8,4.74,1.93,0.109,high
873946916ffffff,0.0117,0.0196,0.061,0.377,0.791,0.967,3,3.33,4.18,2.73,1.01,0.0487,high
873946918ffffff,0.00489,0.00817,0.0255,0.163,0.35,0.421,1.46,1.62,2.13,1.34,0.455,0.0204,high
873946919ffffff,0.0242,0.0404,0.126,0.777,1.63,1.93,5.79,6.32,7.87,5.43,2.02,0.1,high
87394691affffff,0.0111,0.0185,0.0579,0.368,0.789,0.946,3.2,3.53,4.59,2.96,1.02,0.0462,high
87394691bffffff,0.00547,0.00914,0.0286,0.182,0.392,0.47,1.62,1.8,2.36,1.5,0.508,0.0228,high
87394691cffffff,0.00683,0.0114,0.0356,0.227,0.488,0.586,2.01,2.22,2.91,1.85,0.632,0.0284,high
87394691dffffff,0.0124,0.0206,0.0643,0.404,0.859,1.03,3.28,3.6,4.59,3.05,1.09,0.0513,medium
87394691effffff,0.00497,0.00829,0.0259,0.165,0.353,0.429,1.48,1.65,2.15,1.35,0.461,0.0207,high
873946920ffffff,0.00575,0.0096,0.03,0.187,0.394,0.482,1.68,1.87,2.33,1.44,0.522,0.024,high
873946921ffffff,0.00541,0.00903,0.0282,0.178,0.379,0.455,1.6,1.77,2.28,1.42,0.497,0.0225,medium
873946922ffffff,0.00518,0.00865,0.027,0.169,0.355,0.434,1.51,1.69,2.11,1.3,0.471,0.0216,high
873946923ffffff,0.00521,0.0087,0.0272,0.171,0.362,0.438,1.54,1.7,2.17,1.34,0.476,0.0217,high
873946924ffffff,0.00667,0.0111,0.0348,0.217,0.457,0.558,1.94,2.16,2.69,1.66,0.605,0.0278,high
873946925ffffff,0.00567,0.00946,0.0295,0.185,0.39,0.475,1.66,1.85,2.32,1.43,0.516,0.0236,medium
873946926ffffff,0.00521,0.0087,0.0271,0.17,0.357,0.436,1.52,1.7,2.12,1.3,0.473,0.0217,high
873946928ffffff,0.00969,0.0162,0.0503,0.312,0.652,0.774,2.45,2.68,3.32,2.21,0.827,0.0402,high
873946929ffffff,0.00619,0.0103,0.0322,0.203,0.429,0.513,1.75,1.93,2.46,1.56,0.557,0.0258,high
87394692affffff,0.00412,0.00687,0.0215,0.136,0.289,0.346,1.22,1.35,1.74,1.08,0.378,0.0171,high
87394692bffffff,0.00737,0.0123,0.0384,0.241,0.507,0.606,2.03,2.23,2.82,1.81,0.655,0.0307,high
87394692cffffff,0.00613,0.0102,0.0319,0.202,0.428,0.513,1.79,1.98,2.54,1.59,0.559,0.0255,high
87394692dffffff,0.00363,0.00606,0.0189,0.12,0.254,0.305,1.07,1.19,1.53,0.951,0.333,0.0151,high
87394692effffff,0.0073,0.0122,0.038,0.24,0.509,0.61,2.12,2.34,3,1.88,0.664,0.0304,high
873946930ffffff,0.00561,0.00937,0.0293,0.184,0.39,0.479,1.64,1.84,2.34,1.45,0.514,0.0234,medium
873946931ffffff,0.00579,0.00967,0.0302,0.189,0.4,0.491,1.69,1.89,2.39,1.48,0.528,0.0241,medium
873946932ffffff,0.00525,0.00876,0.0274,0.172,0.368,0.454,1.54,1.73,2.23,1.38,0.483,0.0219,high
873946933ffffff,0.00763,0.0127,0.0397,0.25,0.532,0.657,2.21,2.48,3.19,1.99,0.697,0.0318,high
873946934ffffff,0.00581,0.0097,0.0303,0.189,0.398,0.487,1.69,1.89,2.36,1.45,0.527,0.0242,medium
873946935ffffff,0.00465,0.00777,0.0243,0.152,0.319,0.39,1.36,1.52,1.9,1.17,0.423,0.0194,high
873946936ffffff,0.00617,0.0103,0.0321,0.202,0.428,0.528,1.79,2.01,2.57,1.59,0.563,0.0257,medium
873946940ffffff,0.00462,0.00771,0.0241,0.152,0.325,0.383,1.3,1.43,1.8,1.17,0.413,0.0192,medium
873946941ffffff,0.0064,0.0107,0.0333,0.209,0.444,0.528,1.73,1.91,2.36,1.54,0.557,0.0266,medium
873946942ffffff,0.00275,0.00459,0.0144,0.092,0.199,0.234,0.828,0.915,1.2,0.765,0.257,0.0114,medium
873946943ffffff,0.00615,0.0103,0.0321,0.203,0.435,0.518,1.77,1.96,2.47,1.58,0.553,0.0256,medium
873946944ffffff,0.0045,0.00751,0.0235,0.15,0.321,0.377,1.33,1.47,1.88,1.21,0.413,0.0187,medium
873946945ffffff,0.00424,0.00708,0.0221,0.141,0.303,0.363,1.28,1.42,1.8,1.13,0.389,0.0177,high
873946946ffffff,0.00194,0.00324,0.0101,0.0649,0.139,0.164,0.59,0.653,0.844,0.534,0.181,0.0081,medium
873946948ffffff,0.0162,0.0271,0.0845,0.526,1.11,1.32,4.18,4.59,5.61,3.76,1.38,0.0674,medium
873946949ffffff,0.0144,0.024,0.0749,0.466,0.993,1.18,3.76,4.11,4.99,3.33,1.22,0.0598,high
87394694affffff,0.00441,0.00736,0.023,0.147,0.321,0.381,1.36,1.5,1.94,1.23,0.412,0.0184,medium
87394694bffffff,0.00506,0.00845,0.0264,0.169,0.367,0.438,1.56,1.73,2.22,1.39,0.471,0.0211,medium
87394694cffffff,0.0103,0.0172,0.0536,0.337,0.719,0.855,2.85,3.15,3.91,2.54,0.906,0.0428,high
87394694dffffff,0.0389,0.0649,0.2,1.15,2.29,2.64,6.6,7.1,8.25,6.11,2.63,0.159,high
87394694effffff,0.00339,0.00566,0.0177,0.113,0.243,0.291,1.04,1.16,1.47,0.913,0.313,0.0141,medium
873946950ffffff,0.00306,0.0051,0.016,0.103,0.223,0.263,0.923,1.02,1.36,0.875,0.288,0.0127,medium
873946951ffffff,0.00454,0.00757,0.0237,0.152,0.33,0.388,1.34,1.48,1.95,1.27,0.424,0.0189,medium
873946952ffffff,0.0135,0.0224,0.0698,0.427,0.89,1.03,2.95,3.2,3.97,2.84,1.08,0.0555,high
873946953ffffff,0.00576,0.00961,0.0301,0.193,0.42,0.493,1.71,1.89,2.5,1.62,0.54,0.024,medium
873946954ffffff,0.00472,0.00787,0.0246,0.157,0.337,0.394,1.31,1.44,1.86,1.24,0.427,0.0196,medium
873946955ffffff,0.00194,0.00324,0.0101,0.0651,0.141,0.166,0.59,0.652,0.858,0.548,0.182,0.00809,medium
873946956ffffff,0.00473,0.00789,0.0247,0.158,0.344,0.404,1.4,1.55,2.04,1.33,0.442,0.0197,high
873946958ffffff,0.00511,0.00853,0.0267,0.172,0.375,0.443,1.56,1.71,2.24,1.45,0.48,0.0213,medium
873946959ffffff,0.00428,0.00714,0.0224,0.144,0.315,0.372,1.32,1.45,1.91,1.23,0.404,0.0178,medium
87394695affffff,0.013,0.0217,0.0678,0.428,0.918,1.08,3.43,3.72,4.7,3.22,1.14,0.054,high
87394695bffffff,0.00479,0.008,0.025,0.161,0.352,0.417,1.48,1.62,2.14,1.37,0.453,0.02,high
87394695cffffff,0.0048,0.00801,0.0251,0.161,0.353,0.417,1.47,1.62,2.13,1.37,0.453,0.02,low
87394695dffffff,0.00392,0.00655,0.0205,0.132,0.287,0.341,1.21,1.33,1.75,1.11,0.369,0.0163,medium
87394695effffff,0.00573,0.00957,0.03,0.193,0.42,0.495,1.74,1.92,2.53,1.63,0.54,0.0239,medium
873946960ffffff,0.00572,0.00955,0.0299,0.191,0.409,0.48,1.71,1.89,2.43,1.55,0.528,0.0238,high
873946961ffffff,0.00749,0.0125,0.0391,0.248,0.531,0.633,2.19,2.42,3.05,1.94,0.677,0.0312,medium
873946962ffffff,0.00291,0.00485,0.0152,0.097,0.208,0.245,0.878,0.972,1.25,0.795,0.27,0.0121,medium
873946963ffffff,0.0042,0.00702,0.0219,0.14,0.3,0.355,1.26,1.39,1.78,1.13,0.387,0.0175,high
873946964ffffff,0.0163,0.0272,0.0847,0.527,1.1,1.28,4.01,4.38,5.36,3.68,1.37,0.0676,high
873946965ffffff,0.00826,0.0138,0.043,0.269,0.566,0.664,2.17,2.39,2.94,1.95,0.715,0.0343,medium
873946966ffffff,0.0049,0.00817,0.0256,0.163,0.351,0.411,1.47,1.62,2.09,1.33,0.453,0.0204,high
873946968ffffff,0.00395,0.0066,0.0206,0.131,0.283,0.339,1.21,1.35,1.71,1.06,0.364,0.0165,medium
873946969ffffff,0.00527,0.00879,0.0275,0.175,0.377,0.451,1.6,1.78,2.26,1.41,0.484,0.022,high
87394696affffff,0.0046,0.00768,0.024,0.153,0.328,0.393,1.38,1.54,1.94,1.22,0.421,0.0192,medium
87394696bffffff,0.00517,0.00862,0.027,0.171,0.37,0.442,1.57,1.75,2.22,1.38,0.475,0.0215,high
87394696cffffff,0.00478,0.00798,0.025,0.159,0.342,0.41,1.46,1.62,2.06,1.28,0.44,0.0199,medium
87394696dffffff,0.00596,0.00995,0.0311,0.197,0.425,0.509,1.81,2.01,2.53,1.58,0.546,0.0248,medium
87394696effffff,0.00239,0.00399,0.0125,0.0795,0.172,0.206,0.737,0.821,1.05,0.647,0.221,0.00997,medium
873946970ffffff,0.00543,0.00906,0.0283,0.18,0.384,0.45,1.55,1.71,2.18,1.42,0.492,0.0226,high
873946971ffffff,0.0155,0.0258,0.0801,0.485,0.993,1.14,3.25,3.52,4.24,3.03,1.19,0.0638,high
873946972ffffff,0.00438,0.00731,0.0228,0.145,0.31,0.363,1.26,1.38,1.76,1.14,0.397,0.0182,high
873946973ffffff,0.00426,0.0071,0.0222,0.141,0.302,0.354,1.24,1.37,1.75,1.13,0.388,0.0177,medium
873946974ffffff,0.00852,0.0142,0.0444,0.283,0.605,0.708,2.47,2.72,3.47,2.25,0.776,0.0354,high
873946975ffffff,0.00223,0.0037200000000000002,0.0116,0.0745,0.16,0.188,0.677,0.75,0.97,0.613,0.207,0.00929,high
873946976ffffff,0.0261,0.0434,0.135,0.844,1.77,2.08,6.55,7.15,8.79,6,2.22,0.108,high
873946980ffffff,0.0038,0.00634,0.0198,0.128,0.28,0.341,1.15,1.26,1.71,1.09,0.361,0.0158,high
873946981ffffff,0.00562,0.00938,0.0293,0.189,0.413,0.503,1.68,1.84,2.48,1.59,0.531,0.0234,high
873946982ffffff,0.0448,0.0746,0.231,1.39,2.86,3.38,9,9.67,12,8.68,3.4,0.184,high
873946983ffffff,0.117,0.194,0.598,3.45,6.86,7.99,18.3,19.5,23.1,17.9,7.79,0.476,high
873946984ffffff,0.00401,0.0067,0.0209,0.135,0.296,0.361,1.22,1.34,1.81,1.16,0.382,0.0167,high
873946985ffffff,0.0141,0.0235,0.0732,0.463,0.997,1.2,3.65,3.96,5.11,3.5,1.25,0.0585,high
873946986ffffff,0.0055,0.00917,0.0287,0.184,0.403,0.492,1.65,1.8,2.42,1.55,0.519,0.0229,medium
873946988ffffff,0.0375,0.0626,0.195,1.23,2.64,3.14,9.36,10.1,13,9.11,3.28,0.156,high
873946989ffffff,0.00538,0.00898,0.0281,0.182,0.399,0.479,1.63,1.77,2.42,1.57,0.515,0.0224,high
87394698affffff,0.0397,0.0661,0.206,1.3,2.78,3.31,9.81,10.6,13.6,9.5,3.44,0.165,high
87394698bffffff,0.0257,0.0429,0.134,0.849,1.83,2.18,6.66,7.2,9.37,6.48,2.29,0.107,high
87394698cffffff,0.019,0.0317,0.0991,0.629,1.36,1.64,5.07,5.51,7.18,4.87,1.71,0.0791,high
87394698dffffff,0.00767,0.0128,0.04,0.259,0.568,0.681,2.29,2.5,3.39,2.21,0.731,0.0319,high
87394698effffff,0.0408,0.0679,0.211,1.32,2.8,3.36,9.58,10.3,13,9.22,3.43,0.169,high
873946994ffffff,0.0317,0.0528,0.164,0.999,2.08,2.51,6.72,7.22,8.87,6.38,2.5,0.131,high
873946995ffffff,0.0288,0.048,0.149,0.927,1.96,2.38,6.83,7.38,9.31,6.47,2.41,0.119,high
8739469a0ffffff,0.0249,0.0414,0.127,0.732,1.45,1.7,4.09,4.39,5.32,3.93,1.67,0.101,high
8739469a1ffffff,0.0379,0.0632,0.196,1.19,2.47,2.98,8.57,9.4,11.6,7.95,3.06,0.157,high
8739469a2ffffff,0.028,0.0465,0.143,0.84,1.7,1.99,5.01,5.36,6.61,4.83,1.97,0.114,high
8739469a3ffffff,0.00591,0.00985,0.0308,0.198,0.432,0.526,1.74,1.9,2.55,1.65,0.554,0.0246,high
8739469a4ffffff,0.00715,0.0119,0.0372,0.233,0.493,0.614,2.05,2.33,2.9,1.8,0.648,0.0298,high
8739469a5ffffff,0.0115,0.0191,0.0596,0.369,0.777,0.95,2.97,3.3,4.13,2.7,0.993,0.0476,high
8739469a6ffffff,0.00635,0.0106,0.0331,0.21,0.454,0.564,1.89,2.09,2.73,1.71,0.588,0.0265,high
8739469a8ffffff,0.0152,0.0254,0.0792,0.505,1.09,1.32,4.16,4.53,5.92,3.96,1.38,0.0633,high
8739469a9ffffff,0.0208,0.0348,0.108,0.686,1.47,1.76,5.49,5.97,7.74,5.26,1.86,0.0865,high
8739469aaffffff,0.00594,0.00991,0.031,0.199,0.433,0.526,1.73,1.89,2.52,1.64,0.554,0.0247,high
8739469abffffff,0.0119,0.0199,0.0622,0.399,0.87,1.04,3.38,3.68,4.91,3.27,1.11,0.0496,high
8739469acffffff,0.0295,0.0491,0.153,0.95,2,2.44,7.45,8.24,10.2,6.85,2.54,0.122,high
8739469adffffff,0.00576,0.00961,0.03,0.189,0.404,0.495,1.67,1.87,2.42,1.51,0.528,0.024,high
8739469aeffffff,0.0522,0.087,0.27,1.65,3.45,4.11,11,11.8,14.5,10.6,4.13,0.215,high
8739469b0ffffff,0.00413,0.00689,0.0215,0.138,0.301,0.373,1.25,1.37,1.84,1.15,0.388,0.0172,high
8739469b1ffffff,0.00829,0.0138,0.0432,0.274,0.595,0.733,2.36,2.57,3.38,2.19,0.756,0.0345,medium
8739469b2ffffff,0.00315,0.00525,0.0164,0.105,0.23,0.285,0.968,1.06,1.43,0.891,0.297,0.0131,high
8739469b3ffffff,0.0039,0.00651,0.0203,0.13,0.284,0.352,1.18,1.29,1.73,1.09,0.366,0.0163,high
8739469b4ffffff,0.0233,0.0389,0.121,0.747,1.58,1.92,5.45,5.89,7.4,5.14,1.93,0.0966,high
8739469b5ffffff,0.00411,0.00686,0.0214,0.137,0.3,0.372,1.26,1.38,1.85,1.16,0.387,0.0171,medium
8739469b6ffffff,0.00561,0.00936,0.0292,0.187,0.408,0.505,1.69,1.85,2.47,1.56,0.524,0.0234,high
873946b04ffffff,0.0404,0.0673,0.209,1.26,2.69,3.17,8.03,8.75,10.5,7.72,3.08,0.166,high
873946b05ffffff,0.177,0.292,0.886,4.64,8.86,10.1,19.7,21.1,23.9,19.3,9.29,0.703,high
873946b20ffffff,0.00713,0.0119,0.0373,0.24,0.534,0.643,2.21,2.47,3.18,2.02,0.675,0.0297,high
873946b21ffffff,0.00617,0.0103,0.0322,0.208,0.473,0.582,1.97,2.23,2.84,1.78,0.587,0.0258,high
873946b22ffffff,0.0298,0.0497,0.155,0.965,2.07,2.43,7.08,7.71,9.41,6.69,2.5,0.123,high
873946b23ffffff,0.0234,0.039,0.122,0.77,1.71,2.06,5.8,6.43,7.9,5.57,2.04,0.0973,high
873946b24ffffff,0.00514,0.00858,0.0269,0.172,0.381,0.462,1.65,1.84,2.33,1.44,0.479,0.0214,high
873946b25ffffff,0.00743,0.0124,0.0388,0.249,0.559,0.686,2.37,2.68,3.36,2.09,0.696,0.031,high
873946b26ffffff,0.00495,0.00826,0.0259,0.167,0.369,0.442,1.54,1.72,2.23,1.42,0.47,0.0206,high
873946b28ffffff,0.0214,0.0356,0.111,0.7,1.55,1.87,5.28,5.87,7.24,5.05,1.84,0.0887,high
873946b29ffffff,0.00379,0.00632,0.0198,0.128,0.294,0.361,1.18,1.35,1.74,1.1,0.365,0.0158,high
873946b2affffff,0.0727,0.121,0.376,2.27,4.84,5.72,13.8,15,17.6,13.4,5.46,0.299,high
873946b2bffffff,0.0417,0.0695,0.217,1.36,3,3.6,9.92,11,13.5,9.54,3.53,0.173,high
873946b2cffffff,0.00552,0.0092,0.0288,0.185,0.421,0.519,1.77,2.01,2.54,1.58,0.523,0.0231,high
873946b2dffffff,0.0295,0.0491,0.153,0.93,2,2.4,6.49,7.16,8.43,5.98,2.32,0.122,high
873946b2effffff,0.0321,0.0534,0.167,1.05,2.32,2.79,7.75,8.6,10.5,7.45,2.74,0.133,high
873946b30ffffff,0.254,0.42,1.25,5.94,10.3,11.3,19.2,20.1,22,18.8,10.4,0.987,high
873946b31ffffff,0.0963,0.16,0.489,2.68,5.2,5.91,13.2,14.1,16.4,12.7,5.72,0.388,high
873946b34ffffff,0.0164,0.0273,0.0855,0.543,1.18,1.41,4.49,4.94,6.22,4.19,1.47,0.0681,high
873946b35ffffff,0.0391,0.0652,0.203,1.26,2.69,3.16,9,9.78,11.9,8.52,3.23,0.162,high
873946b36ffffff,0.0355,0.0591,0.184,1.14,2.42,2.84,8.25,9,11.1,7.78,2.91,0.147,high
873946b44ffffff,0.0634,0.106,0.329,2.04,4.62,5.72,16.1,18,21.6,14.6,5.39,0.264,high
873946b45ffffff,0.0272,0.0454,0.142,0.896,2.1,2.66,8.36,9.68,11.9,7.43,2.53,0.114,high
873946b60ffffff,0.0276,0.0459,0.144,0.904,2.09,2.62,8.06,9.18,11.3,7.21,2.5,0.115,high
873946b61ffffff,0.0204,0.0339,0.106,0.671,1.58,2.01,6.4,7.44,9.22,5.67,1.91,0.0851,high
873946b62ffffff,0.0629,0.104,0.321,1.82,3.78,4.52,10.7,11.8,13.9,9.89,4.15,0.256,high
873946b63ffffff,0.034,0.0567,0.177,1.11,2.6,3.28,10.1,11.6,14.2,9,3.11,0.142,high
873946b64ffffff,0.0148,0.0247,0.0774,0.493,1.15,1.44,4.72,5.42,6.81,4.18,1.4,0.062,high
873946b65ffffff,0.0321,0.0534,0.166,1,2.24,2.77,7.72,8.76,10.6,6.98,2.59,0.133,high
873946b66ffffff,0.00975,0.0162,0.0509,0.323,0.753,0.946,3.08,3.54,4.45,2.73,0.915,0.0407,high
873946b68ffffff,0.0308,0.0514,0.161,1.01,2.35,2.97,9.09,10.5,12.8,8.12,2.81,0.129,high
873946b69ffffff,0.0723,0.12,0.37,2.12,4.56,5.55,13.6,15.3,17.9,12.6,5.07,0.295,high
873946b6cffffff,0.0181,0.0302,0.0944,0.597,1.41,1.78,5.72,6.64,8.25,5.06,1.7,0.0756,high
873946b6dffffff,0.0355,0.0592,0.185,1.16,2.69,3.39,10.1,11.6,14.1,9.08,3.19,0.148,high
873946b6effffff,0.029,0.0484,0.151,0.953,2.24,2.83,8.86,10.3,12.6,7.88,2.69,0.121,high
873946b70ffffff,0.103,0.171,0.533,3.24,7.14,8.68,22.2,24.5,28.6,20.7,8.13,0.426,high
873946b71ffffff,0.16,0.266,0.822,4.72,9.9,11.8,26.5,28.8,32.7,24.9,10.8,0.656,high
873946b74ffffff,0.0158,0.0262,0.0821,0.517,1.19,1.49,4.56,5.18,6.38,4.09,1.42,0.0657,high
873946b75ffffff,0.0626,0.104,0.319,1.81,3.8,4.55,11,12.1,14.2,10.2,4.2,0.255,high
873946b76ffffff,0.0599,0.0996,0.308,1.8,3.77,4.43,10.6,11.5,13.7,10.2,4.22,0.245,high
873946ca0ffffff,7.96e-4,0.00132,0.00415,0.0274,0.0662,0.0835,0.24,0.274,0.387,0.262,0.0817,0.00333,low
873946ca2ffffff,7.31e-4,0.00122,0.00382,0.0251,0.0609,0.0767,0.221,0.252,0.356,0.241,0.0751,0.00306,low
873946ca4ffffff,0.0051,0.00848,0.0266,0.174,0.418,0.524,1.45,1.65,2.27,1.58,0.509,0.0213,medium
873946ca6ffffff,8.14e-4,0.00135,0.00425,0.028,0.0677,0.0853,0.245,0.279,0.395,0.267,0.0835,0.00341,low
873946cb0ffffff,7.83e-4,0.0013,0.00408,0.0269,0.0651,0.0821,0.236,0.269,0.381,0.258,0.0803,0.00328,low
873946cb1ffffff,8.97e-4,0.00149,0.00468,0.0308,0.0746,0.094,0.27,0.308,0.436,0.295,0.092,0.00375,low
873946cb4ffffff,8.71e-4,0.00145,0.00455,0.0299,0.0725,0.0913,0.262,0.299,0.423,0.286,0.0894,0.00365,low
873946cb5ffffff,8.62e-4,0.00143,0.0045,0.0296,0.0717,0.0903,0.259,0.296,0.418,0.283,0.0884,0.00361,low
873946cb6ffffff,0.00183,0.00305,0.00955,0.0626,0.151,0.19,0.532,0.605,0.842,0.58,0.185,0.00766,low
873946d00ffffff,0.00947,0.0158,0.0494,0.314,0.711,0.911,2.82,3.14,4.11,2.68,0.89,0.0395,high
873946d02ffffff,0.0695,0.116,0.357,2.08,4.36,5.35,12.8,13.9,16.7,12.4,4.99,0.284,high
873946d04ffffff,0.00558,0.0093,0.0291,0.186,0.419,0.539,1.71,1.91,2.52,1.61,0.53,0.0233,high
873946d05ffffff,0.00642,0.0107,0.0335,0.214,0.48,0.618,1.94,2.18,2.85,1.82,0.607,0.0268,high
873946d06ffffff,0.0289,0.0482,0.15,0.923,2.02,2.53,6.63,7.26,8.89,6.41,2.4,0.12,high
873946d10ffffff,0.00672,0.0112,0.035,0.224,0.507,0.651,2.04,2.28,3,1.94,0.638,0.028,high
873946d11ffffff,0.0253,0.0422,0.131,0.811,1.78,2.24,6.02,6.61,8.18,5.79,2.13,0.105,high
873946d12ffffff,0.0185,0.0308,0.0959,0.598,1.32,1.67,4.67,5.15,6.46,4.48,1.6,0.0767,high
873946d14ffffff,0.00433,0.00723,0.0226,0.145,0.328,0.42,1.33,1.49,1.97,1.26,0.414,0.0181,high
873946d15ffffff,0.00586,0.00977,0.0306,0.195,0.442,0.567,1.78,1.98,2.61,1.68,0.555,0.0244,high
873946d16ffffff,0.0103,0.0172,0.0536,0.341,0.766,0.963,2.94,3.28,4.23,2.81,0.953,0.0429,high
873946d20ffffff,0.00325,0.00543,0.017,0.108,0.238,0.308,0.985,1.11,1.45,0.898,0.305,0.0136,medium
873946d21ffffff,0.00326,0.00544,0.017,0.108,0.238,0.308,0.988,1.12,1.46,0.9,0.305,0.0136,medium
873946d22ffffff,0.00473,0.0079,0.0247,0.157,0.346,0.447,1.43,1.61,2.1,1.3,0.442,0.0197,high
873946d23ffffff,0.00425,0.00709,0.0221,0.141,0.31,0.401,1.28,1.45,1.89,1.17,0.397,0.0177,medium
873946d24ffffff,0.00284,0.00475,0.0148,0.0943,0.208,0.269,0.863,0.975,1.27,0.786,0.266,0.0119,medium
873946d25ffffff,0.00304,0.00507,0.0159,0.101,0.222,0.288,0.921,1.04,1.36,0.84,0.285,0.0127,medium
873946d26ffffff,0.0037,0.00617,0.0193,0.122,0.27,0.349,1.12,1.26,1.65,1.02,0.346,0.0154,high
873946d28ffffff,0.00518,0.00864,0.027,0.174,0.391,0.495,1.55,1.73,2.39,1.51,0.495,0.0216,medium
873946d2affffff,0.01,0.0167,0.0524,0.336,0.753,0.953,2.93,3.26,4.43,2.85,0.947,0.0419,high
873946d2cffffff,0.00295,0.00492,0.0154,0.099,0.221,0.282,0.899,1.01,1.38,0.858,0.282,0.0123,medium
873946d2dffffff,0.0028,0.00467,0.0146,0.0945,0.212,0.269,0.855,0.954,1.33,0.83,0.27,0.0117,medium
873946d2effffff,0.00402,0.00671,0.021,0.134,0.297,0.382,1.22,1.37,1.82,1.13,0.38,0.0168,medium
873946d30ffffff,0.00398,0.00664,0.0208,0.133,0.301,0.384,1.22,1.37,1.81,1.16,0.38,0.0166,high
873946d31ffffff,0.00509,0.00849,0.0266,0.17,0.384,0.494,1.57,1.75,2.31,1.48,0.485,0.0212,high
873946d32ffffff,0.00325,0.00541,0.0169,0.108,0.245,0.309,0.986,1.11,1.46,0.939,0.309,0.0135,high
873946d33ffffff,0.0037,0.00616,0.0193,0.123,0.28,0.36,1.14,1.28,1.69,1.08,0.354,0.0154,high
873946d34ffffff,0.00386,0.00644,0.0201,0.128,0.281,0.358,1.16,1.3,1.67,1.06,0.36,0.0161,high
873946d35ffffff,0.00444,0.00741,0.0232,0.147,0.325,0.42,1.34,1.51,1.97,1.23,0.416,0.0185,high
873946d36ffffff,0.00362,0.00604,0.0189,0.121,0.273,0.343,1.09,1.23,1.61,1.04,0.344,0.0151,high
873946d82ffffff,8.06e-4,0.00134,0.0042,0.0274,0.0638,0.0789,0.245,0.272,0.376,0.252,0.0794,0.00336,low
873946d83ffffff,6.72e-4,0.00112,0.00351,0.023,0.0552,0.0693,0.203,0.23,0.324,0.218,0.0683,0.00281,low
873946d90ffffff,7.86e-4,0.00131,0.0041,0.0269,0.065,0.0814,0.236,0.27,0.378,0.257,0.0798,0.00329,low
873946d91ffffff,8.16e-4,0.00136,0.00426,0.028,0.0674,0.0843,0.245,0.28,0.391,0.266,0.0827,0.00341,low
873946d92ffffff,0.00376,0.00626,0.0196,0.128,0.308,0.384,1.08,1.23,1.69,1.17,0.374,0.0157,low
873946d93ffffff,0.00511,0.00851,0.0266,0.174,0.418,0.522,1.47,1.68,2.3,1.6,0.508,0.0214,low
873946d94ffffff,0.00136,0.00226,0.00708,0.0462,0.108,0.134,0.41,0.458,0.633,0.426,0.134,0.00566,low
873946d95ffffff,9.47e-4,0.00158,0.00494,0.0323,0.0753,0.0933,0.287,0.32,0.443,0.297,0.0935,0.00395,low
873946d96ffffff,9.47e-4,0.00158,0.00494,0.0325,0.0783,0.098,0.284,0.325,0.455,0.309,0.0961,0.00396,low
873946d98ffffff,7.49e-4,0.00125,0.00391,0.0257,0.0623,0.0786,0.226,0.258,0.364,0.246,0.0769,0.00314,low
873946d99ffffff,6.73e-4,0.00112,0.00351,0.0231,0.056,0.0706,0.203,0.231,0.327,0.221,0.0691,0.00282,low
873946d9affffff,8.49e-4,0.00141,0.00443,0.0291,0.0706,0.0889,0.255,0.291,0.411,0.279,0.087,0.00355,low
873946d9bffffff,7.57e-4,0.00126,0.00395,0.026,0.063,0.0793,0.228,0.26,0.367,0.249,0.0776,0.00317,low
873946d9cffffff,9.12e-4,0.00152,0.00476,0.0313,0.0755,0.0949,0.274,0.312,0.439,0.298,0.093,0.00381,low
873946d9dffffff,8.82e-4,0.00147,0.0046,0.0303,0.0733,0.0924,0.265,0.302,0.427,0.289,0.0904,0.00369,low
873946d9effffff,0.00266,0.00442,0.0138,0.0907,0.218,0.273,0.77,0.877,1.21,0.837,0.266,0.0111,low
873946da0ffffff,0.00205,0.00342,0.0107,0.0699,0.162,0.201,0.621,0.691,0.953,0.638,0.202,0.00857,medium
873946da2ffffff,0.00438,0.0073,0.0228,0.148,0.343,0.423,1.27,1.41,1.91,1.31,0.422,0.0183,medium
873946da4ffffff,0.00291,0.00484,0.0151,0.0974,0.221,0.277,0.876,0.985,1.3,0.848,0.278,0.0121,medium
873946da5ffffff,0.00369,0.00616,0.0192,0.123,0.279,0.35,1.11,1.26,1.65,1.06,0.351,0.0154,medium
873946da6ffffff,0.00238,0.00396,0.0124,0.0808,0.188,0.232,0.715,0.794,1.09,0.734,0.233,0.00991,low
873946db0ffffff,0.00304,0.00506,0.0158,0.103,0.239,0.295,0.899,0.998,1.37,0.924,0.296,0.0127,medium
873946db2ffffff,0.00251,0.00417,0.0131,0.085,0.197,0.244,0.745,0.826,1.13,0.765,0.244,0.0104,low
873946db3ffffff,9.99e-4,0.00166,0.00521,0.034,0.0791,0.0979,0.303,0.337,0.466,0.312,0.0984,0.00417,low
873946db4ffffff,0.00155,0.00258,0.00808,0.0527,0.123,0.152,0.47,0.522,0.721,0.482,0.152,0.00646,low
873946db5ffffff,0.00215,0.00358,0.0112,0.0731,0.17,0.21,0.647,0.718,0.989,0.664,0.211,0.00897,medium
873946db6ffffff,0.0017,0.00283,0.00887,0.0578,0.134,0.165,0.513,0.571,0.784,0.524,0.166,0.0071,low
873962000ffffff,0.00258,0.00431,0.0135,0.0821,0.17,0.19,0.597,0.71,0.858,0.597,0.231,0.0108,low
873962001ffffff,0.00354,0.00591,0.0184,0.112,0.232,0.259,0.803,0.951,1.14,0.803,0.313,0.0147,low
873962002ffffff,0.0037,0.00618,0.0193,0.117,0.243,0.271,0.842,0.996,1.2,0.841,0.328,0.0154,low
873962003ffffff,0.00248,0.00414,0.0129,0.079,0.164,0.183,0.575,0.683,0.825,0.574,0.222,0.0103,low
873962004ffffff,0.00393,0.00657,0.0205,0.125,0.259,0.289,0.905,1.07,1.3,0.904,0.351,0.0164,low
873962005ffffff,0.00302,0.00505,0.0158,0.0961,0.199,0.222,0.699,0.83,1,0.698,0.27,0.0126,low
873962006ffffff,0.0027,0.00451,0.0141,0.086,0.178,0.199,0.625,0.743,0.897,0.625,0.242,0.0113,low
873962008ffffff,0.00221,0.00369,0.0115,0.0703,0.146,0.166,0.521,0.619,0.74,0.512,0.198,0.00921,low
873962009ffffff,0.00346,0.00578,0.0181,0.11,0.228,0.258,0.802,0.95,1.13,0.788,0.307,0.0144,low
87396200affffff,0.00237,0.00396,0.0124,0.0754,0.157,0.178,0.559,0.664,0.793,0.548,0.212,0.00988,low
87396200bffffff,0.00204,0.00341,0.0107,0.0651,0.135,0.153,0.482,0.573,0.686,0.474,0.183,0.00852,low
87396200cffffff,0.00238,0.00398,0.0124,0.0758,0.157,0.178,0.559,0.665,0.796,0.551,0.213,0.00993,low
87396200dffffff,0.00249,0.00416,0.013,0.0793,0.165,0.187,0.587,0.697,0.833,0.576,0.223,0.0104,low
87396200effffff,0.00236,0.00393,0.0123,0.0749,0.155,0.175,0.549,0.652,0.785,0.545,0.211,0.00982,low
873962010ffffff,0.00281,0.00469,0.0147,0.0894,0.185,0.208,0.658,0.777,0.938,0.649,0.251,0.0117,low
873962011ffffff,0.0028,0.00467,0.0146,0.089,0.185,0.209,0.659,0.78,0.937,0.647,0.25,0.0117,low
873962012ffffff,0.00349,0.00582,0.0182,0.111,0.23,0.258,0.815,0.959,1.16,0.804,0.311,0.0145,low
873962013ffffff,0.00377,0.0063,0.0197,0.12,0.25,0.284,0.899,1.06,1.27,0.871,0.337,0.0157,low
873962014ffffff,0.00225,0.00376,0.0117,0.0716,0.148,0.162,0.511,0.607,0.742,0.52,0.201,0.00938,low
873962015ffffff,0.00231,0.00386,0.0121,0.0736,0.153,0.17,0.536,0.636,0.77,0.536,0.207,0.00965,low
873962016ffffff,0.00305,0.0051,0.0159,0.0971,0.201,0.223,0.706,0.832,1.01,0.705,0.273,0.0127,low
873962018ffffff,0.00248,0.00415,0.013,0.079,0.164,0.187,0.595,0.701,0.839,0.575,0.222,0.0104,low
873962019ffffff,0.0022,0.00368,0.0115,0.07,0.146,0.17,0.537,0.636,0.752,0.511,0.197,0.00918,low
87396201affffff,0.00301,0.00502,0.0157,0.0956,0.199,0.227,0.718,0.846,1.01,0.695,0.269,0.0125,low
87396201bffffff,0.00306,0.00511,0.016,0.0973,0.203,0.232,0.734,0.866,1.03,0.708,0.274,0.0128,low
87396201cffffff,0.00229,0.00383,0.012,0.073,0.151,0.17,0.537,0.636,0.767,0.531,0.205,0.00957,low
87396201dffffff,0.00231,0.00385,0.012,0.0734,0.152,0.17,0.536,0.636,0.768,0.534,0.206,0.00961,low
87396201effffff,0.00305,0.00509,0.0159,0.0969,0.201,0.23,0.727,0.857,1.03,0.704,0.272,0.0127,low
873962020ffffff,0.0023,0.00384,0.012,0.0732,0.152,0.17,0.533,0.634,0.765,0.533,0.206,0.0096,low
873962021ffffff,0.00272,0.00454,0.0142,0.0865,0.179,0.201,0.629,0.748,0.901,0.628,0.243,0.0113,low
873962022ffffff,0.00296,0.00494,0.0154,0.0942,0.195,0.218,0.685,0.813,0.982,0.684,0.265,0.0123,low
873962023ffffff,0.00309,0.00515,0.0161,0.0982,0.203,0.227,0.713,0.847,1.02,0.713,0.276,0.0129,low
873962024ffffff,0.00205,0.00342,0.0107,0.0652,0.135,0.151,0.475,0.565,0.68,0.475,0.184,0.00855,low
873962025ffffff,0.00283,0.00472,0.0147,0.0898,0.186,0.208,0.647,0.768,0.921,0.646,0.251,0.0118,low
873962026ffffff,0.00239,0.004,0.0125,0.0761,0.157,0.175,0.548,0.651,0.79,0.552,0.214,0.00998,low
873962028ffffff,0.0032,0.00535,0.0167,0.102,0.211,0.238,0.746,0.886,1.06,0.739,0.286,0.0134,low
873962029ffffff,0.00252,0.0042,0.0131,0.0801,0.166,0.189,0.593,0.704,0.842,0.582,0.225,0.0105,low
87396202affffff,0.00338,0.00565,0.0176,0.107,0.222,0.248,0.77,0.912,1.1,0.768,0.299,0.0141,low
87396202bffffff,0.00229,0.00382,0.0119,0.0728,0.151,0.171,0.539,0.641,0.766,0.53,0.205,0.00954,low
87396202cffffff,0.00246,0.0041,0.0128,0.0781,0.162,0.181,0.569,0.676,0.815,0.568,0.22,0.0102,low
87396202dffffff,0.00262,0.00437,0.0137,0.0833,0.173,0.196,0.614,0.729,0.872,0.606,0.234,0.0109,low
87396202effffff,0.00325,0.00542,0.0169,0.103,0.213,0.238,0.746,0.885,1.07,0.745,0.289,0.0135,low
873962030ffffff,0.00219,0.00366,0.0114,0.0697,0.144,0.158,0.498,0.591,0.722,0.506,0.196,0.00913,low
873962031ffffff,0.00301,0.00503,0.0157,0.0958,0.198,0.22,0.693,0.822,0.996,0.695,0.269,0.0126,low
873962032ffffff,0.00243,0.00405,0.0127,0.0772,0.159,0.175,0.551,0.655,0.8,0.561,0.217,0.0101,low
873962033ffffff,0.00247,0.00412,0.0129,0.0785,0.162,0.179,0.564,0.67,0.816,0.57,0.221,0.0103,low
873962034ffffff,0.00204,0.0034,0.0106,0.0649,0.134,0.147,0.464,0.551,0.673,0.471,0.182,0.0085,low
873962035ffffff,0.00232,0.00388,0.0121,0.074,0.153,0.168,0.529,0.628,0.768,0.538,0.208,0.00969,low
873962036ffffff,0.00193,0.00323,0.0101,0.0615,0.127,0.139,0.439,0.522,0.638,0.447,0.173,0.00805,low
873962040ffffff,0.00228,0.0038,0.0119,0.0724,0.15,0.167,0.525,0.624,0.754,0.526,0.204,0.00949,low
873962041ffffff,0.00191,0.00319,0.00997,0.0608,0.126,0.141,0.442,0.525,0.635,0.443,0.171,0.00797,low
873962042ffffff,0.00176,0.00293,0.00916,0.0559,0.116,0.129,0.406,0.483,0.584,0.407,0.157,0.00732,low
873962043ffffff,0.00205,0.00343,0.0107,0.0653,0.135,0.151,0.474,0.563,0.681,0.475,0.184,0.00856,low
873962044ffffff,0.00234,0.00391,0.0122,0.0744,0.154,0.172,0.54,0.641,0.776,0.541,0.209,0.00975,low
873962045ffffff,0.00243,0.00406,0.0127,0.0774,0.16,0.179,0.561,0.667,0.806,0.563,0.218,0.0101,low
873962046ffffff,0.00269,0.00449,0.014,0.0856,0.177,0.198,0.62,0.737,0.891,0.622,0.241,0.0112,low
873962048ffffff,0.00212,0.00353,0.011,0.0674,0.139,0.152,0.478,0.569,0.696,0.49,0.189,0.00883,low
873962049ffffff,0.00196,0.00327,0.0102,0.0623,0.129,0.141,0.443,0.527,0.645,0.453,0.175,0.00817,low
87396204affffff,0.00166,0.00277,0.00866,0.0529,0.109,0.12,0.377,0.449,0.548,0.385,0.149,0.00692,low
87396204bffffff,0.0018600000000000001,0.0031,0.00968,0.059,0.122,0.133,0.42,0.499,0.611,0.43,0.166,0.00774,low
87396204cffffff,0.00183,0.00306,0.00956,0.0583,0.121,0.133,0.418,0.498,0.606,0.425,0.164,0.00764,low
87396204dffffff,0.00171,0.00286,0.00894,0.0545,0.113,0.123,0.388,0.461,0.565,0.397,0.153,0.00714,low
87396204effffff,0.00204,0.00341,0.0106,0.0649,0.134,0.149,0.47,0.558,0.676,0.472,0.183,0.0085,low
873962050ffffff,0.00192,0.00321,0.01,0.0612,0.127,0.143,0.45,0.535,0.643,0.446,0.172,0.00802,low
873962051ffffff,0.00196,0.00326,0.0102,0.0622,0.129,0.144,0.452,0.537,0.65,0.453,0.175,0.00815,low
873962052ffffff,0.00208,0.00347,0.0108,0.066,0.138,0.16,0.505,0.599,0.708,0.482,0.186,0.00865,low
873962053ffffff,0.00177,0.00295,0.00921,0.0562,0.117,0.134,0.422,0.501,0.597,0.41,0.158,0.00736,low
873962054ffffff,0.00275,0.0046,0.0144,0.0875,0.181,0.206,0.644,0.764,0.912,0.633,0.245,0.0115,low
873962055ffffff,0.0025,0.00417,0.013,0.0795,0.165,0.185,0.58,0.689,0.83,0.578,0.224,0.0104,low
873962056ffffff,0.00248,0.00414,0.0129,0.0788,0.164,0.186,0.583,0.693,0.829,0.573,0.222,0.0103,low
873962058ffffff,0.00179,0.00299,0.00934,0.057,0.119,0.135,0.427,0.506,0.605,0.416,0.16,0.00747,low
873962059ffffff,0.00174,0.0029,0.00906,0.0553,0.114,0.128,0.402,0.478,0.578,0.403,0.156,0.00724,low
87396205affffff,0.00187,0.00313,0.00976,0.0596,0.125,0.146,0.461,0.546,0.642,0.435,0.168,0.0078,low
87396205bffffff,0.00185,0.00309,0.00965,0.0589,0.123,0.144,0.455,0.539,0.635,0.43,0.166,0.00771,low
87396205cffffff,0.00193,0.00322,0.0101,0.0614,0.127,0.142,0.446,0.53,0.641,0.447,0.173,0.00804,low
87396205dffffff,0.00204,0.00341,0.0107,0.065,0.135,0.15,0.472,0.56,0.678,0.473,0.183,0.00852,low
87396205effffff,0.0019,0.00317,0.00989,0.0603,0.126,0.144,0.453,0.537,0.641,0.44,0.17,0.0079,low
873962060ffffff,0.00244,0.00408,0.0127,0.0778,0.161,0.18,0.564,0.671,0.808,0.565,0.219,0.0102,low
873962061ffffff,0.00182,0.00304,0.0095,0.0579,0.12,0.134,0.421,0.501,0.604,0.422,0.163,0.00759,low
873962062ffffff,0.00221,0.00369,0.0115,0.0702,0.145,0.163,0.511,0.608,0.733,0.511,0.198,0.0092,low
873962063ffffff,0.00211,0.00352,0.011,0.0671,0.139,0.155,0.486,0.579,0.698,0.488,0.189,0.00879,low
873962064ffffff,0.00201,0.00336,0.0105,0.064,0.133,0.149,0.467,0.556,0.668,0.466,0.18,0.00839,low
873962065ffffff,0.00226,0.00377,0.0118,0.0718,0.149,0.166,0.521,0.62,0.746,0.522,0.202,0.00941,low
873962066ffffff,0.00207,0.00346,0.0108,0.066,0.137,0.155,0.485,0.576,0.689,0.48,0.186,0.00865,low
873962068ffffff,0.00181,0.00302,0.00943,0.0575,0.119,0.133,0.416,0.495,0.598,0.418,0.162,0.00754,low
873962069ffffff,0.00198,0.0033,0.0103,0.0629,0.13,0.144,0.452,0.538,0.652,0.457,0.177,0.00824,low
87396206affffff,0.00206,0.00343,0.0107,0.0654,0.135,0.151,0.475,0.564,0.683,0.476,0.184,0.00858,low
87396206bffffff,0.00181,0.00302,0.00944,0.0576,0.119,0.13,0.409,0.487,0.596,0.419,0.162,0.00754,low
87396206cffffff,0.00164,0.00273,0.00854,0.0521,0.108,0.121,0.378,0.451,0.543,0.379,0.147,0.00683,low
87396206dffffff,0.00183,0.00306,0.00957,0.0584,0.121,0.135,0.422,0.503,0.607,0.425,0.164,0.00765,low
87396206effffff,0.0024,0.00401,0.0125,0.0765,0.158,0.177,0.554,0.659,0.795,0.556,0.215,0.01,low
873962070ffffff,0.00248,0.00414,0.0129,0.0789,0.164,0.186,0.584,0.693,0.829,0.574,0.222,0.0103,low
873962071ffffff,0.00318,0.00531,0.0166,0.101,0.21,0.237,0.741,0.88,1.06,0.734,0.284,0.0133,low
873962072ffffff,0.00245,0.00409,0.0128,0.0779,0.162,0.183,0.576,0.685,0.819,0.566,0.219,0.0102,low
873962073ffffff,0.00276,0.00461,0.0144,0.0878,0.182,0.206,0.648,0.77,0.922,0.638,0.247,0.0115,low
873962074ffffff,0.00285,0.00476,0.0149,0.0907,0.188,0.214,0.67,0.796,0.952,0.659,0.255,0.0119,low
873962075ffffff,0.00244,0.00408,0.0127,0.0777,0.161,0.183,0.575,0.683,0.816,0.565,0.218,0.0102,low
873962076ffffff,0.00289,0.00483,0.0151,0.092,0.191,0.217,0.68,0.808,0.966,0.668,0.259,0.0121,low
873962080ffffff,0.00702,0.0117,0.0366,0.223,0.464,0.525,1.67,1.95,2.35,1.61,0.625,0.0293,low
873962081ffffff,0.00593,0.0099,0.0309,0.188,0.392,0.446,1.41,1.66,1.99,1.36,0.528,0.0247,low
873962082ffffff,0.00617,0.0103,0.0322,0.196,0.41,0.47,1.51,1.76,2.1,1.42,0.55,0.0257,low
873962083ffffff,0.00589,0.00983,0.0307,0.187,0.39,0.448,1.44,1.68,2,1.35,0.524,0.0245,low
873962084ffffff,0.00467,0.0078,0.0244,0.148,0.307,0.343,1.08,1.27,1.54,1.07,0.417,0.0195,low
873962085ffffff,0.00609,0.0102,0.0317,0.193,0.401,0.447,1.41,1.66,2.01,1.4,0.542,0.0254,low
873962086ffffff,0.00425,0.0071,0.0222,0.135,0.282,0.32,1.02,1.2,1.44,0.981,0.379,0.0177,low
873962088ffffff,0.00555,0.00927,0.029,0.176,0.368,0.422,1.35,1.58,1.89,1.28,0.494,0.0231,low
873962089ffffff,0.00379,0.00632,0.0197,0.12,0.251,0.288,0.926,1.09,1.3,0.875,0.338,0.0158,low
87396208affffff,0.00577,0.00964,0.0301,0.184,0.383,0.438,1.41,1.65,1.96,1.33,0.514,0.0241,low
87396208bffffff,0.00654,0.0109,0.0341,0.208,0.432,0.495,1.58,1.85,2.2,1.49,0.579,0.0272,low
87396208cffffff,0.00498,0.00831,0.026,0.158,0.329,0.376,1.19,1.4,1.67,1.15,0.444,0.0207,low
87396208dffffff,0.00433,0.00723,0.0226,0.137,0.284,0.324,1.01,1.19,1.41,0.977,0.382,0.018,low
87396208effffff,0.00636,0.0106,0.0332,0.202,0.419,0.48,1.52,1.77,2.1,1.44,0.56,0.0265,low
873962090ffffff,0.00711,0.0119,0.0371,0.225,0.467,0.535,1.68,1.95,2.32,1.59,0.622,0.0296,low
873962091ffffff,0.00488,0.00815,0.0255,0.155,0.324,0.372,1.19,1.4,1.67,1.13,0.435,0.0203,low
873962092ffffff,0.00666,0.0111,0.0348,0.212,0.442,0.507,1.62,1.9,2.26,1.53,0.592,0.0278,low
873962093ffffff,0.00685,0.0114,0.0357,0.218,0.454,0.521,1.67,1.95,2.33,1.57,0.609,0.0286,low
873962094ffffff,0.00431,0.0072,0.0225,0.137,0.286,0.329,1.06,1.24,1.48,0.996,0.385,0.018,low
873962095ffffff,0.00384,0.0064,0.02,0.122,0.255,0.293,0.942,1.1,1.32,0.888,0.343,0.016,low
873962096ffffff,0.00645,0.0108,0.0336,0.205,0.428,0.493,1.58,1.84,2.2,1.48,0.573,0.0269,low
873962098ffffff,0.00606,0.0101,0.0316,0.192,0.401,0.46,1.47,1.72,2.06,1.39,0.539,0.0252,low
873962099ffffff,0.00599,0.01,0.0313,0.19,0.397,0.455,1.46,1.71,2.03,1.38,0.533,0.025,low
87396209affffff,0.00532,0.00888,0.0277,0.169,0.353,0.405,1.3,1.52,1.82,1.23,0.474,0.0222,low
87396209bffffff,0.00706,0.0118,0.0368,0.224,0.467,0.535,1.71,2,2.38,1.61,0.627,0.0294,low
87396209cffffff,0.00702,0.0117,0.0366,0.223,0.466,0.534,1.71,2,2.38,1.61,0.624,0.0293,low
87396209dffffff,0.00843,0.0141,0.044,0.268,0.558,0.639,2.04,2.39,2.85,1.93,0.749,0.0351,low
87396209effffff,0.00636,0.0106,0.0332,0.202,0.422,0.484,1.55,1.81,2.17,1.46,0.566,0.0265,medium
8739620a0ffffff,0.00324,0.00541,0.0169,0.103,0.214,0.238,0.754,0.887,1.08,0.748,0.29,0.0135,low
8739620a1ffffff,0.00313,0.00522,0.0163,0.0995,0.206,0.23,0.728,0.856,1.04,0.722,0.279,0.013,low
8739620a2ffffff,0.0029,0.00484,0.0151,0.0922,0.191,0.213,0.676,0.795,0.965,0.67,0.259,0.0121,low
8739620a3ffffff,0.00457,0.00762,0.0238,0.145,0.301,0.335,1.06,1.24,1.51,1.05,0.407,0.019,low
8739620a4ffffff,0.00296,0.00493,0.0154,0.094,0.195,0.217,0.688,0.809,0.982,0.682,0.264,0.0123,low
8739620a5ffffff,0.00279,0.00465,0.0145,0.0886,0.184,0.205,0.649,0.763,0.927,0.643,0.249,0.0116,low
8739620a6ffffff,0.00265,0.00442,0.0138,0.0842,0.174,0.195,0.616,0.725,0.88,0.611,0.237,0.011,low
8739620a8ffffff,0.00451,0.00753,0.0235,0.143,0.298,0.34,1.07,1.26,1.51,1.04,0.403,0.0188,low
8739620a9ffffff,0.00292,0.00487,0.0152,0.0928,0.193,0.22,0.698,0.822,0.984,0.675,0.261,0.0122,low
8739620aaffffff,0.00452,0.00755,0.0236,0.144,0.299,0.341,1.08,1.27,1.51,1.04,0.403,0.0189,low
8739620abffffff,0.00296,0.00495,0.0155,0.0942,0.196,0.223,0.708,0.834,0.999,0.685,0.265,0.0124,low
8739620acffffff,0.00462,0.00771,0.0241,0.147,0.305,0.347,1.09,1.29,1.54,1.06,0.412,0.0193,low
8739620adffffff,0.00355,0.00593,0.0185,0.113,0.235,0.268,0.847,0.998,1.19,0.82,0.317,0.0148,low
8739620aeffffff,0.00437,0.0073,0.0228,0.139,0.288,0.325,1.03,1.21,1.46,1.01,0.39,0.0182,low
8739620b0ffffff,0.00393,0.00657,0.0205,0.125,0.259,0.288,0.911,1.07,1.3,0.906,0.351,0.0164,low
8739620b1ffffff,0.00377,0.0063,0.0197,0.12,0.248,0.276,0.87,1.02,1.24,0.863,0.335,0.0157,low
8739620b2ffffff,0.00477,0.00797,0.0249,0.152,0.318,0.366,1.17,1.37,1.64,1.1,0.425,0.0199,low
8739620b3ffffff,0.00382,0.00638,0.0199,0.122,0.254,0.29,0.929,1.09,1.3,0.884,0.341,0.0159,low
8739620b4ffffff,0.00297,0.00495,0.0155,0.0943,0.195,0.216,0.684,0.804,0.982,0.684,0.265,0.0124,low
8739620b5ffffff,0.00262,0.00438,0.0137,0.0834,0.173,0.193,0.612,0.72,0.874,0.607,0.235,0.0109,low
8739620b6ffffff,0.00476,0.00795,0.0248,0.151,0.313,0.347,1.1,1.29,1.57,1.09,0.424,0.0198,low
8739620c0ffffff,0.00236,0.00395,0.0123,0.0752,0.157,0.184,0.582,0.69,0.811,0.548,0.211,0.00985,low
8739620c1ffffff,0.00244,0.00407,0.0127,0.0776,0.162,0.19,0.6,0.711,0.837,0.566,0.218,0.0102,low
8739620c2ffffff,0.00288,0.0048,0.015,0.0915,0.191,0.224,0.714,0.843,0.995,0.667,0.257,0.012,low
8739620c3ffffff,0.00307,0.00513,0.016,0.0977,0.204,0.239,0.762,0.899,1.06,0.712,0.275,0.0128,low
8739620c4ffffff,0.0024,0.004,0.0125,0.0763,0.159,0.187,0.59,0.699,0.822,0.556,0.214,0.00999,low
8739620c5ffffff,0.00222,0.0037,0.0116,0.0706,0.148,0.173,0.547,0.648,0.762,0.515,0.199,0.00925,low
8739620c6ffffff,0.00234,0.00391,0.0122,0.0745,0.156,0.183,0.577,0.684,0.804,0.543,0.209,0.00976,low
8739620c8ffffff,0.00221,0.00369,0.0115,0.0703,0.147,0.173,0.55,0.65,0.765,0.513,0.198,0.0092,low
8739620c9ffffff,0.00232,0.00388,0.0121,0.074,0.155,0.182,0.576,0.681,0.801,0.54,0.208,0.00969,low
8739620caffffff,0.00233,0.00389,0.0121,0.0742,0.156,0.186,0.6,0.708,0.83,0.543,0.208,0.00971,low
8739620cbffffff,0.00239,0.00398,0.0124,0.076,0.16,0.19,0.615,0.725,0.85,0.557,0.214,0.00995,low
8739620ccffffff,0.00245,0.00409,0.0128,0.078,0.163,0.191,0.602,0.713,0.839,0.568,0.219,0.0102,low
8739620cdffffff,0.00229,0.00383,0.012,0.073,0.153,0.179,0.564,0.668,0.786,0.532,0.205,0.00956,low
8739620ceffffff,0.00229,0.00383,0.012,0.0731,0.153,0.181,0.576,0.681,0.8,0.534,0.205,0.00957,low
8739620d0ffffff,0.00326,0.00545,0.017,0.104,0.217,0.253,0.816,0.959,1.13,0.757,0.292,0.0136,low
8739620d1ffffff,0.0035,0.00585,0.0183,0.111,0.233,0.271,0.874,1.03,1.22,0.811,0.313,0.0146,low
8739620d2ffffff,0.00379,0.00634,0.0198,0.121,0.253,0.294,0.947,1.11,1.32,0.879,0.339,0.0158,low
8739620d3ffffff,0.00419,0.007,0.0219,0.133,0.279,0.325,1.04,1.23,1.45,0.97,0.374,0.0175,low
8739620d4ffffff,0.00304,0.00508,0.0159,0.0968,0.203,0.236,0.757,0.891,1.06,0.706,0.272,0.0127,low
8739620d5ffffff,0.00276,0.0046,0.0144,0.0877,0.184,0.214,0.687,0.809,0.956,0.64,0.247,0.0115,low
8739620d6ffffff,0.00326,0.00545,0.017,0.104,0.217,0.251,0.808,0.948,1.13,0.757,0.292,0.0136,low
8739620d8ffffff,0.00306,0.00512,0.016,0.0976,0.205,0.239,0.772,0.908,1.07,0.712,0.274,0.0128,low
8739620d9ffffff,0.0026,0.00435,0.0136,0.0829,0.175,0.208,0.67,0.79,0.926,0.607,0.233,0.0108,low
8739620daffffff,0.00346,0.00577,0.018,0.11,0.23,0.268,0.865,1.02,1.2,0.801,0.309,0.0144,low
8739620dbffffff,0.00298,0.00498,0.0156,0.095,0.2,0.238,0.767,0.904,1.06,0.694,0.267,0.0124,low
8739620dcffffff,0.00297,0.00496,0.0155,0.0945,0.198,0.23,0.743,0.873,1.03,0.689,0.266,0.0124,low
8739620ddffffff,0.00253,0.00423,0.0132,0.0807,0.17,0.201,0.648,0.764,0.898,0.59,0.227,0.0106,low
8739620deffffff,0.00517,0.00864,0.027,0.165,0.344,0.4,1.29,1.51,1.78,1.19,0.461,0.0216,low
8739620e0ffffff,0.00231,0.00385,0.012,0.0734,0.154,0.18,0.568,0.673,0.792,0.535,0.206,0.00962,low
8739620e1ffffff,0.00218,0.00364,0.0114,0.0695,0.145,0.17,0.538,0.637,0.749,0.507,0.195,0.0091,low
8739620e2ffffff,0.00238,0.00397,0.0124,0.0756,0.158,0.185,0.585,0.694,0.816,0.551,0.213,0.00991,low
8739620e3ffffff,0.00235,0.00393,0.0123,0.0748,0.156,0.183,0.579,0.686,0.807,0.545,0.21,0.0098,low
8739620e4ffffff,0.00249,0.00416,0.013,0.0793,0.166,0.194,0.612,0.725,0.853,0.577,0.223,0.0104,low
8739620e5ffffff,0.00203,0.00339,0.0106,0.0647,0.135,0.158,0.498,0.591,0.697,0.472,0.182,0.00848,low
8739620e6ffffff,0.0023,0.00383,0.012,0.0731,0.153,0.179,0.566,0.671,0.789,0.533,0.205,0.00957,low
8739620e8ffffff,0.00241,0.00403,0.0126,0.0768,0.161,0.188,0.593,0.702,0.826,0.56,0.216,0.0101,low
8739620e9ffffff,0.00206,0.00344,0.0107,0.0655,0.137,0.16,0.506,0.6,0.706,0.478,0.184,0.00859,low
8739620eaffffff,0.00219,0.00365,0.0114,0.0696,0.145,0.17,0.538,0.637,0.75,0.507,0.196,0.00912,low
8739620ebffffff,0.00246,0.0041,0.0128,0.0782,0.163,0.191,0.603,0.715,0.841,0.57,0.22,0.0102,low
8739620ecffffff,0.00201,0.00335,0.0105,0.0639,0.134,0.157,0.494,0.586,0.689,0.466,0.18,0.00837,low
8739620edffffff,0.00214,0.00358,0.0112,0.0682,0.143,0.167,0.527,0.624,0.734,0.497,0.192,0.00894,low
8739620eeffffff,0.00227,0.00379,0.0118,0.0722,0.151,0.177,0.558,0.662,0.778,0.526,0.203,0.00946,low
8739620f0ffffff,0.00263,0.00439,0.0137,0.0836,0.174,0.202,0.639,0.756,0.895,0.609,0.235,0.011,low
8739620f1ffffff,0.00234,0.00391,0.0122,0.0746,0.156,0.183,0.578,0.685,0.805,0.544,0.21,0.00977,low
8739620f2ffffff,0.00255,0.00425,0.0133,0.081,0.169,0.193,0.613,0.723,0.863,0.59,0.228,0.0106,low
8739620f3ffffff,0.00337,0.00562,0.0176,0.107,0.222,0.26,0.806,0.951,1.11,0.761,0.297,0.014,low
8739620f4ffffff,0.00231,0.00386,0.0121,0.0736,0.153,0.175,0.554,0.653,0.782,0.536,0.207,0.00964,low
8739620f5ffffff,0.00247,0.00413,0.0129,0.0787,0.164,0.192,0.606,0.717,0.846,0.573,0.221,0.0103,low
8739620f6ffffff,0.00266,0.00445,0.0139,0.0847,0.176,0.201,0.637,0.751,0.899,0.617,0.238,0.0111,low
873962100ffffff,0.00174,0.00291,0.0091,0.0555,0.115,0.128,0.4,0.477,0.577,0.404,0.156,0.00727,low
873962101ffffff,0.00157,0.00262,0.00819,0.05,0.103,0.115,0.36,0.43,0.52,0.364,0.141,0.00655,low
873962102ffffff,0.00167,0.00278,0.00869,0.053,0.11,0.122,0.382,0.456,0.552,0.386,0.149,0.00695,low
873962103ffffff,0.00188,0.00314,0.00981,0.0599,0.124,0.138,0.431,0.514,0.622,0.435,0.168,0.00785,low
873962104ffffff,0.00198,0.00331,0.0104,0.0631,0.131,0.145,0.454,0.542,0.656,0.459,0.178,0.00827,low
873962105ffffff,0.00178,0.00296,0.00926,0.0565,0.117,0.13,0.407,0.485,0.588,0.411,0.159,0.0074,low
873962106ffffff,0.00165,0.00276,0.00861,0.0525,0.109,0.121,0.378,0.451,0.547,0.382,0.148,0.00688,low
873962108ffffff,0.00191,0.00319,0.00998,0.0609,0.126,0.141,0.442,0.526,0.634,0.443,0.171,0.00798,low
873962109ffffff,0.00206,0.00345,0.0108,0.0657,0.136,0.153,0.478,0.569,0.685,0.478,0.185,0.00861,low
87396210affffff,0.00192,0.00321,0.01,0.0611,0.126,0.141,0.441,0.526,0.635,0.444,0.172,0.008,low
87396210bffffff,0.00201,0.00336,0.0105,0.064,0.133,0.149,0.466,0.555,0.668,0.466,0.18,0.00839,low
87396210cffffff,0.0017,0.00283,0.00884,0.054,0.112,0.124,0.389,0.464,0.561,0.393,0.152,0.00707,low
87396210dffffff,0.00233,0.00388,0.0121,0.074,0.153,0.172,0.538,0.641,0.771,0.538,0.208,0.0097,low
87396210effffff,0.00183,0.00305,0.00954,0.0582,0.12,0.134,0.419,0.5,0.605,0.423,0.164,0.00763,low
873962110ffffff,0.00147,0.00246,0.00768,0.0468,0.0968,0.107,0.337,0.402,0.488,0.341,0.132,0.00614,low
873962111ffffff,0.00211,0.00352,0.011,0.067,0.138,0.154,0.482,0.575,0.696,0.487,0.188,0.00878,low
873962112ffffff,0.00171,0.00285,0.0089,0.0543,0.112,0.124,0.389,0.464,0.564,0.395,0.153,0.00711,low
873962113ffffff,0.00176,0.00294,0.00917,0.056,0.116,0.128,0.401,0.479,0.581,0.407,0.157,0.00733,low
873962114ffffff,0.00163,0.00272,0.00851,0.0519,0.107,0.119,0.372,0.444,0.538,0.377,0.146,0.0068,low
873962115ffffff,0.00226,0.00377,0.0118,0.0717,0.148,0.164,0.514,0.614,0.744,0.521,0.202,0.0094,low
873962116ffffff,0.00174,0.0029,0.00907,0.0554,0.114,0.127,0.398,0.475,0.576,0.403,0.156,0.00725,low
873962118ffffff,0.00194,0.00324,0.0101,0.0618,0.128,0.142,0.445,0.531,0.642,0.449,0.174,0.0081,low
873962119ffffff,0.00178,0.00297,0.00927,0.0566,0.117,0.13,0.407,0.486,0.588,0.412,0.159,0.00741,low
87396211affffff,0.00202,0.00337,0.0105,0.0643,0.133,0.146,0.46,0.546,0.667,0.468,0.181,0.00843,low
87396211bffffff,0.00211,0.00353,0.011,0.0672,0.139,0.152,0.48,0.57,0.696,0.488,0.189,0.0088,low
87396211cffffff,0.00228,0.00381,0.0119,0.0726,0.15,0.167,0.522,0.623,0.754,0.528,0.204,0.00951,low
87396211dffffff,0.0017,0.00283,0.00885,0.054,0.112,0.124,0.389,0.464,0.562,0.393,0.152,0.00708,low
87396211effffff,0.00179,0.00299,0.00934,0.057,0.118,0.131,0.41,0.489,0.593,0.415,0.16,0.00746,low
873962120ffffff,0.00178,0.00298,0.0093,0.0567,0.118,0.135,0.418,0.503,0.593,0.413,0.16,0.00743,low
873962121ffffff,0.00182,0.00304,0.00951,0.058,0.12,0.138,0.428,0.514,0.607,0.422,0.163,0.0076,low
873962122ffffff,0.00172,0.00288,0.00899,0.0548,0.114,0.128,0.4,0.479,0.572,0.399,0.154,0.00719,low
873962123ffffff,0.00143,0.00238,0.0074400000000000004,0.0454,0.0941,0.107,0.332,0.398,0.474,0.331,0.128,0.00595,low
873962124ffffff,0.00145,0.00241,0.00754,0.046,0.0954,0.109,0.339,0.408,0.482,0.335,0.13,0.00603,low
873962125ffffff,0.00161,0.00269,0.00841,0.0513,0.106,0.122,0.379,0.455,0.537,0.374,0.144,0.00673,low
873962126ffffff,0.00148,0.00247,0.00771,0.0471,0.0976,0.112,0.347,0.418,0.493,0.343,0.132,0.00617,low
873962128ffffff,0.00162,0.00271,0.00846,0.0516,0.107,0.123,0.381,0.457,0.54,0.376,0.145,0.00676,low
873962129ffffff,0.00151,0.00252,0.00788,0.0481,0.0998,0.115,0.358,0.429,0.505,0.35,0.135,0.0063,low
87396212affffff,0.002,0.00334,0.0104,0.0636,0.131,0.146,0.458,0.547,0.661,0.463,0.179,0.00833,low
87396212bffffff,0.00192,0.00321,0.01,0.0611,0.126,0.141,0.442,0.528,0.636,0.444,0.172,0.00801,low
87396212cffffff,0.00181,0.00302,0.00943,0.0575,0.119,0.137,0.424,0.509,0.601,0.419,0.162,0.00754,low
87396212dffffff,0.00225,0.00376,0.0117,0.0716,0.148,0.17,0.528,0.634,0.748,0.521,0.202,0.00939,low
87396212effffff,0.00155,0.0026,0.00811,0.0495,0.103,0.117,0.364,0.437,0.517,0.36,0.139,0.00648,low
873962130ffffff,0.00188,0.00313,0.00979,0.0597,0.123,0.137,0.429,0.512,0.621,0.435,0.168,0.00782,low
873962131ffffff,0.00194,0.00323,0.0101,0.0616,0.127,0.141,0.442,0.528,0.64,0.448,0.173,0.00807,low
873962132ffffff,0.00202,0.00338,0.0106,0.0643,0.133,0.147,0.459,0.548,0.663,0.465,0.181,0.00844,low
873962133ffffff,0.00216,0.00361,0.0113,0.0687,0.142,0.157,0.493,0.588,0.713,0.499,0.193,0.00901,low
873962134ffffff,0.00148,0.00247,0.0077,0.047,0.0973,0.11,0.342,0.41,0.491,0.342,0.132,0.00616,low
873962135ffffff,0.00142,0.00237,0.00741,0.0452,0.0936,0.106,0.329,0.395,0.472,0.329,0.127,0.00592,low
873962136ffffff,0.00162,0.0027,0.00844,0.0515,0.106,0.118,0.37,0.442,0.536,0.375,0.145,0.00675,low
873962143ffffff,0.00271,0.00453,0.0142,0.0864,0.179,0.203,0.636,0.755,0.902,0.627,0.243,0.0113,low
87396214affffff,0.00184,0.00307,0.00959,0.0585,0.121,0.138,0.432,0.513,0.613,0.426,0.165,0.00767,low
87396214bffffff,0.00243,0.00406,0.0127,0.0773,0.16,0.179,0.56,0.667,0.803,0.562,0.217,0.0101,low
87396214effffff,0.00255,0.00425,0.0133,0.081,0.168,0.19,0.597,0.708,0.846,0.588,0.228,0.0106,low
873962150ffffff,0.00191,0.00318,0.00994,0.0607,0.126,0.141,0.442,0.526,0.633,0.441,0.171,0.00795,low
873962151ffffff,0.00225,0.00376,0.0118,0.0717,0.149,0.168,0.526,0.625,0.748,0.521,0.202,0.0094,low
873962152ffffff,0.00242,0.00404,0.0126,0.077,0.159,0.179,0.56,0.667,0.802,0.56,0.217,0.0101,low
873962153ffffff,0.00307,0.00512,0.016,0.0975,0.202,0.227,0.709,0.843,1.01,0.707,0.274,0.0128,low
873962154ffffff,0.00221,0.0037,0.0116,0.0705,0.146,0.164,0.513,0.611,0.734,0.512,0.198,0.00923,low
873962155ffffff,0.002,0.00333,0.0104,0.0635,0.131,0.148,0.463,0.551,0.662,0.462,0.179,0.00832,low
873962156ffffff,0.00249,0.00416,0.013,0.0793,0.164,0.184,0.577,0.686,0.825,0.576,0.223,0.0104,low
873962158ffffff,0.00243,0.00406,0.0127,0.0774,0.161,0.182,0.571,0.677,0.809,0.563,0.218,0.0101,low
873962159ffffff,0.00203,0.00339,0.0106,0.0646,0.134,0.152,0.477,0.567,0.677,0.47,0.182,0.00847,low
87396215affffff,0.00285,0.00475,0.0148,0.0906,0.188,0.213,0.667,0.792,0.945,0.658,0.255,0.0119,low
87396215bffffff,0.00243,0.00406,0.0127,0.0773,0.16,0.182,0.57,0.677,0.808,0.562,0.217,0.0101,low
87396215cffffff,0.00191,0.00319,0.00996,0.0607,0.126,0.143,0.448,0.532,0.635,0.442,0.171,0.00796,low
87396215dffffff,0.00201,0.00336,0.0105,0.064,0.133,0.151,0.472,0.561,0.67,0.466,0.18,0.00839,low
87396215effffff,0.00218,0.00365,0.0114,0.0695,0.144,0.163,0.512,0.608,0.726,0.505,0.195,0.0091,low
873962170ffffff,0.00174,0.00291,0.00908,0.0554,0.115,0.13,0.408,0.487,0.58,0.403,0.156,0.00726,low
873962171ffffff,0.00241,0.00402,0.0126,0.0766,0.159,0.181,0.564,0.673,0.8,0.557,0.216,0.01,low
873962172ffffff,0.00206,0.00345,0.0108,0.0657,0.136,0.153,0.478,0.569,0.685,0.478,0.185,0.00861,low
873962173ffffff,0.00205,0.00342,0.0107,0.0651,0.135,0.151,0.474,0.565,0.679,0.474,0.183,0.00853,low
873962174ffffff,0.00214,0.00357,0.0111,0.068,0.141,0.163,0.508,0.608,0.713,0.494,0.191,0.0089,low
873962175ffffff,0.00234,0.00391,0.0122,0.0745,0.155,0.179,0.557,0.666,0.781,0.542,0.21,0.00976,low
873962176ffffff,0.00176,0.00295,0.0092,0.0562,0.116,0.131,0.411,0.49,0.587,0.409,0.158,0.00736,low
873962180ffffff,0.00152,0.00253,0.00791,0.0483,0.0997,0.108,0.342,0.407,0.5,0.351,0.136,0.00633,low
873962181ffffff,0.00189,0.00315,0.00985,0.0601,0.124,0.135,0.425,0.506,0.622,0.437,0.169,0.00788,low
873962182ffffff,0.00192,0.00321,0.01,0.0611,0.126,0.138,0.436,0.517,0.634,0.445,0.172,0.00801,low
873962183ffffff,0.00163,0.00272,0.00851,0.0519,0.107,0.117,0.369,0.438,0.538,0.378,0.146,0.0068,low
873962184ffffff,0.00153,0.00256,0.008,0.0488,0.101,0.109,0.346,0.411,0.506,0.355,0.137,0.0064,low
873962185ffffff,0.00162,0.0027,0.00843,0.0514,0.106,0.115,0.364,0.433,0.532,0.374,0.145,0.00674,low
873962186ffffff,0.00149,0.00249,0.00778,0.0475,0.098,0.106,0.336,0.4,0.492,0.346,0.134,0.00622,low
873962188ffffff,0.00191,0.00319,0.00996,0.0607,0.126,0.138,0.434,0.516,0.63,0.442,0.171,0.00796,low
873962189ffffff,0.00267,0.00446,0.0139,0.0849,0.175,0.192,0.606,0.719,0.879,0.616,0.239,0.0111,low
87396218affffff,0.0025,0.00417,0.013,0.0795,0.165,0.183,0.581,0.684,0.831,0.577,0.223,0.0104,low
87396218bffffff,0.00255,0.00427,0.0133,0.0813,0.168,0.187,0.593,0.698,0.849,0.59,0.228,0.0107,low
87396218cffffff,0.00272,0.00454,0.0142,0.0865,0.179,0.196,0.618,0.733,0.896,0.628,0.243,0.0113,low
87396218dffffff,0.00255,0.00425,0.0133,0.081,0.167,0.184,0.579,0.687,0.84,0.589,0.228,0.0106,low
87396218effffff,0.00218,0.00364,0.0114,0.0693,0.143,0.156,0.494,0.586,0.718,0.504,0.195,0.00909,low
873962190ffffff,0.00226,0.00377,0.0118,0.0718,0.149,0.165,0.523,0.615,0.751,0.522,0.202,0.00941,low
873962191ffffff,0.00218,0.00363,0.0114,0.0692,0.143,0.159,0.503,0.592,0.723,0.503,0.195,0.00907,low
873962192ffffff,0.00364,0.00607,0.019,0.116,0.239,0.266,0.84,0.986,1.2,0.836,0.324,0.0152,low
873962193ffffff,0.00222,0.0037,0.0116,0.0706,0.146,0.162,0.512,0.603,0.737,0.513,0.199,0.00925,low
873962194ffffff,0.00189,0.00316,0.00987,0.0602,0.125,0.138,0.437,0.515,0.629,0.438,0.169,0.00789,low
873962195ffffff,0.00178,0.00297,0.00928,0.0566,0.117,0.128,0.406,0.481,0.589,0.412,0.159,0.00741,low
873962196ffffff,0.00251,0.0042,0.0131,0.08,0.166,0.186,0.589,0.691,0.839,0.582,0.225,0.0105,low
873962198ffffff,0.00183,0.00305,0.00954,0.0582,0.12,0.133,0.423,0.498,0.608,0.424,0.164,0.00763,low
873962199ffffff,0.00253,0.00422,0.0132,0.0805,0.167,0.186,0.589,0.692,0.842,0.584,0.226,0.0105,low
87396219affffff,0.00218,0.00364,0.0114,0.0693,0.144,0.159,0.503,0.592,0.724,0.504,0.195,0.00909,low
87396219bffffff,0.00289,0.00483,0.0151,0.092,0.19,0.211,0.669,0.787,0.959,0.668,0.258,0.0121,low
87396219cffffff,0.00233,0.00389,0.0121,0.0741,0.153,0.17,0.537,0.632,0.773,0.538,0.208,0.0097,low
87396219dffffff,0.00212,0.00354,0.0111,0.0675,0.14,0.155,0.491,0.577,0.705,0.491,0.19,0.00885,low
87396219effffff,0.00256,0.00428,0.0134,0.0816,0.169,0.187,0.592,0.696,0.85,0.593,0.229,0.0107,low
8739621a0ffffff,0.00193,0.00322,0.01,0.0613,0.127,0.137,0.434,0.516,0.634,0.446,0.172,0.00803,low
8739621a1ffffff,0.00174,0.0029,0.00906,0.0553,0.114,0.124,0.391,0.466,0.572,0.402,0.156,0.00725,low
8739621a2ffffff,0.0018600000000000001,0.00311,0.00972,0.0593,0.122,0.133,0.42,0.499,0.614,0.431,0.167,0.00777,low
8739621a3ffffff,0.00212,0.00354,0.0111,0.0675,0.139,0.151,0.477,0.568,0.697,0.49,0.19,0.00884,low
8739621a4ffffff,0.0017,0.00284,0.00888,0.0542,0.112,0.123,0.386,0.46,0.562,0.394,0.153,0.0071,low
8739621a5ffffff,0.0017,0.00284,0.00886,0.0541,0.112,0.123,0.386,0.459,0.561,0.393,0.152,0.00708,low
8739621a6ffffff,0.00153,0.00256,0.00799,0.0487,0.101,0.11,0.346,0.412,0.505,0.355,0.137,0.00639,low
8739621a8ffffff,0.00223,0.00373,0.0117,0.0711,0.147,0.161,0.507,0.602,0.737,0.517,0.2,0.00932,low
8739621a9ffffff,0.00241,0.00402,0.0126,0.0766,0.158,0.174,0.547,0.649,0.793,0.556,0.215,0.01,low
8739621aaffffff,0.00198,0.00331,0.0103,0.0631,0.13,0.142,0.448,0.532,0.653,0.458,0.177,0.00827,low
8739621abffffff,0.00221,0.00368,0.0115,0.0702,0.145,0.159,0.501,0.595,0.727,0.51,0.197,0.0092,low
8739621acffffff,0.00175,0.00293,0.00915,0.0558,0.115,0.125,0.396,0.471,0.578,0.406,0.157,0.00731,low
8739621adffffff,0.00165,0.00275,0.00859,0.0524,0.108,0.119,0.375,0.446,0.545,0.382,0.148,0.00687,low
8739621aeffffff,0.00246,0.0041,0.0128,0.0782,0.161,0.175,0.553,0.657,0.808,0.568,0.22,0.0102,low
8739621b0ffffff,0.00153,0.00255,0.00796,0.0486,0.1,0.11,0.347,0.412,0.504,0.353,0.137,0.00636,low
8739621b1ffffff,0.00197,0.00329,0.0103,0.0626,0.129,0.141,0.443,0.527,0.647,0.455,0.176,0.0082,low
8739621b2ffffff,0.00198,0.00331,0.0103,0.063,0.13,0.143,0.45,0.534,0.654,0.458,0.177,0.00826,low
8739621b3ffffff,0.00157,0.00261,0.00817,0.0498,0.103,0.112,0.354,0.421,0.517,0.363,0.14,0.00653,low
8739621b4ffffff,0.00132,0.0022,0.00687,0.0419,0.0866,0.0951,0.3,0.356,0.436,0.305,0.118,0.00549,low
8739621b5ffffff,0.00187,0.00312,0.00973,0.0594,0.123,0.134,0.423,0.503,0.616,0.432,0.167,0.00778,low
8739621b6ffffff,0.00181,0.00302,0.00942,0.0575,0.119,0.13,0.411,0.488,0.596,0.418,0.162,0.00753,low
873962219ffffff,0.00353,0.0059,0.0184,0.112,0.232,0.254,0.801,0.955,1.16,0.814,0.316,0.0147,low
87396221affffff,0.0034,0.00567,0.0177,0.108,0.225,0.255,0.809,0.961,1.15,0.785,0.303,0.0142,low
87396221bffffff,0.00394,0.00659,0.0206,0.125,0.26,0.288,0.91,1.08,1.31,0.909,0.352,0.0164,low
873962252ffffff,0.00474,0.00791,0.0247,0.151,0.311,0.342,1.08,1.28,1.55,1.09,0.422,0.0197,low
873962280ffffff,0.00257,0.00428,0.0134,0.0817,0.172,0.204,0.65,0.772,0.902,0.597,0.23,0.0107,low
873962281ffffff,0.00269,0.0045,0.014,0.0857,0.179,0.209,0.666,0.791,0.929,0.624,0.241,0.0112,low
873962282ffffff,0.00265,0.00442,0.0138,0.0844,0.178,0.212,0.676,0.802,0.936,0.616,0.237,0.011,low
873962283ffffff,0.00256,0.00428,0.0134,0.0815,0.171,0.2,0.635,0.754,0.884,0.593,0.229,0.0107,low
873962284ffffff,0.00241,0.00403,0.0126,0.0768,0.162,0.193,0.617,0.732,0.854,0.562,0.216,0.0101,low
873962285ffffff,0.00354,0.00591,0.0185,0.113,0.236,0.278,0.883,1.05,1.23,0.82,0.316,0.0148,low
873962286ffffff,0.00387,0.00646,0.0202,0.123,0.258,0.307,0.965,1.14,1.32,0.881,0.342,0.0161,low
873962288ffffff,0.00261,0.00435,0.0136,0.083,0.174,0.202,0.645,0.766,0.9,0.604,0.233,0.0109,low
873962289ffffff,0.00324,0.00541,0.0169,0.103,0.216,0.25,0.797,0.947,1.11,0.75,0.29,0.0135,low
87396228affffff,0.00266,0.00444,0.0139,0.0846,0.177,0.205,0.658,0.781,0.92,0.616,0.238,0.0111,low
87396228bffffff,0.00282,0.0047,0.0147,0.0896,0.188,0.218,0.696,0.827,0.972,0.653,0.252,0.0117,low
87396228cffffff,0.0025,0.00417,0.013,0.0796,0.167,0.194,0.619,0.735,0.864,0.58,0.224,0.0104,low
87396228dffffff,0.00271,0.00452,0.0141,0.0862,0.181,0.21,0.67,0.796,0.935,0.628,0.242,0.0113,low
87396228effffff,0.00265,0.00443,0.0138,0.0844,0.177,0.206,0.655,0.779,0.915,0.615,0.237,0.0111,low
873962290ffffff,0.00387,0.00647,0.0202,0.123,0.258,0.302,0.965,1.14,1.33,0.879,0.341,0.0161,low
873962291ffffff,0.003,0.00501,0.0156,0.0956,0.201,0.236,0.767,0.907,1.07,0.697,0.268,0.0125,low
873962292ffffff,0.00272,0.00454,0.0142,0.0866,0.182,0.214,0.697,0.824,0.969,0.633,0.243,0.0113,low
873962293ffffff,0.00272,0.00454,0.0142,0.0867,0.183,0.214,0.698,0.826,0.97,0.634,0.243,0.0113,low
873962294ffffff,0.00231,0.00385,0.012,0.0735,0.155,0.183,0.591,0.7,0.819,0.537,0.206,0.00961,low
873962295ffffff,0.00277,0.00463,0.0145,0.0883,0.186,0.221,0.707,0.837,0.978,0.643,0.248,0.0116,low
873962296ffffff,0.00308,0.00515,0.0161,0.0982,0.207,0.243,0.79,0.934,1.1,0.717,0.276,0.0129,low
873962298ffffff,0.00275,0.00459,0.0143,0.0874,0.183,0.211,0.681,0.807,0.953,0.637,0.246,0.0115,low
873962299ffffff,0.00292,0.00488,0.0152,0.093,0.194,0.224,0.723,0.857,1.01,0.677,0.261,0.0122,low
87396229affffff,0.00282,0.00471,0.0147,0.0898,0.188,0.218,0.705,0.835,0.985,0.655,0.252,0.0118,low
87396229bffffff,0.00306,0.00511,0.016,0.0974,0.204,0.235,0.758,0.898,1.06,0.709,0.274,0.0128,low
87396229cffffff,0.00364,0.00608,0.019,0.115,0.241,0.28,0.891,1.05,1.23,0.826,0.321,0.0152,low
87396229dffffff,0.00268,0.00447,0.014,0.0852,0.178,0.206,0.663,0.786,0.927,0.621,0.239,0.0112,low
87396229effffff,0.00263,0.00439,0.0137,0.0838,0.176,0.207,0.673,0.796,0.936,0.613,0.235,0.011,low
8739622a2ffffff,0.0028,0.00467,0.0146,0.0891,0.188,0.224,0.714,0.847,0.988,0.65,0.25,0.0117,low
8739622a3ffffff,0.00327,0.00546,0.017,0.104,0.219,0.261,0.833,0.988,1.15,0.759,0.292,0.0136,low
8739622a6ffffff,0.00328,0.00548,0.0171,0.104,0.22,0.262,0.836,0.991,1.16,0.762,0.293,0.0137,low
8739622a8ffffff,0.00317,0.00529,0.0165,0.101,0.211,0.246,0.782,0.929,1.09,0.734,0.283,0.0132,low
8739622a9ffffff,0.00283,0.00472,0.0147,0.09,0.188,0.219,0.699,0.83,0.975,0.655,0.253,0.0118,low
8739622aaffffff,0.00313,0.00523,0.0163,0.0997,0.209,0.243,0.773,0.919,1.08,0.725,0.28,0.0131,low
8739622abffffff,0.00341,0.0057,0.0178,0.109,0.227,0.265,0.842,1,1.17,0.789,0.305,0.0142,low
8739622acffffff,0.00292,0.00487,0.0152,0.0928,0.194,0.226,0.72,0.855,1,0.675,0.261,0.0122,low
8739622adffffff,0.00305,0.0051,0.0159,0.0971,0.203,0.232,0.736,0.875,1.04,0.706,0.273,0.0127,low
8739622aeffffff,0.00314,0.00525,0.0164,0.1,0.209,0.244,0.775,0.921,1.08,0.727,0.281,0.0131,low
8739622b0ffffff,0.00296,0.00494,0.0154,0.0942,0.199,0.237,0.754,0.895,1.04,0.687,0.264,0.0123,low
8739622b1ffffff,0.00275,0.0046,0.0144,0.0877,0.185,0.22,0.703,0.834,0.972,0.64,0.246,0.0115,low
8739622b2ffffff,0.0209,0.0348,0.108,0.647,1.34,1.57,4.5,5.21,5.91,4.17,1.71,0.0867,medium
8739622b3ffffff,0.00444,0.00741,0.0231,0.141,0.295,0.351,1.09,1.29,1.49,1,0.39,0.0185,low
8739622b4ffffff,0.00238,0.00397,0.0124,0.0757,0.16,0.191,0.614,0.727,0.848,0.554,0.213,0.00991,low
8739622b5ffffff,0.00223,0.0037200000000000002,0.0116,0.0709,0.149,0.178,0.57,0.676,0.789,0.519,0.199,0.00928,low
8739622b6ffffff,0.00201,0.00336,0.0105,0.0641,0.136,0.163,0.525,0.621,0.724,0.47,0.18,0.00839,low
8739622c0ffffff,0.0041,0.00685,0.0214,0.13,0.273,0.316,1,1.19,1.4,0.946,0.366,0.0171,low
8739622c1ffffff,0.00355,0.00592,0.0185,0.113,0.237,0.276,0.877,1.05,1.22,0.821,0.317,0.0148,low
8739622c2ffffff,0.00431,0.00719,0.0225,0.137,0.286,0.33,1.05,1.25,1.46,0.993,0.384,0.018,low
8739622c3ffffff,0.00422,0.00704,0.022,0.134,0.281,0.327,1.04,1.24,1.44,0.973,0.376,0.0176,low
8739622c4ffffff,0.00373,0.00622,0.0194,0.119,0.248,0.286,0.909,1.08,1.27,0.861,0.333,0.0155,low
8739622c5ffffff,0.00364,0.00609,0.019,0.116,0.243,0.281,0.895,1.07,1.25,0.843,0.326,0.0152,low
8739622c6ffffff,0.00335,0.00559,0.0175,0.106,0.222,0.257,0.817,0.972,1.14,0.774,0.299,0.014,low
8739622c8ffffff,0.00511,0.00854,0.0267,0.162,0.34,0.396,1.25,1.5,1.73,1.17,0.455,0.0213,low
8739622c9ffffff,0.00685,0.0114,0.0357,0.217,0.455,0.531,1.67,2,2.31,1.57,0.608,0.0285,low
8739622caffffff,0.00467,0.0078,0.0244,0.148,0.311,0.362,1.15,1.37,1.59,1.08,0.416,0.0195,low
8739622cbffffff,0.00709,0.0118,0.037,0.225,0.469,0.545,1.7,2.02,2.34,1.59,0.623,0.0295,low
8739622ccffffff,0.0046,0.00768,0.024,0.146,0.304,0.354,1.1,1.31,1.52,1.04,0.405,0.0192,low
8739622cdffffff,0.00355,0.00592,0.0185,0.113,0.236,0.276,0.877,1.05,1.22,0.821,0.317,0.0148,low
8739622ceffffff,0.0039,0.00651,0.0203,0.124,0.26,0.303,0.963,1.15,1.34,0.901,0.348,0.0163,low
8739622d0ffffff,0.00504,0.00842,0.0263,0.16,0.334,0.386,1.22,1.45,1.7,1.16,0.449,0.021,low
8739622d1ffffff,0.00475,0.00793,0.0248,0.151,0.315,0.364,1.16,1.37,1.61,1.09,0.424,0.0198,low
8739622d2ffffff,0.00362,0.00604,0.0189,0.115,0.24,0.276,0.885,1.05,1.24,0.836,0.323,0.0151,low
8739622d3ffffff,0.00523,0.00874,0.0273,0.166,0.345,0.396,1.24,1.47,1.72,1.18,0.46,0.0218,low
8739622d4ffffff,0.00481,0.00803,0.0251,0.153,0.319,0.369,1.17,1.39,1.63,1.11,0.429,0.02,low
8739622d5ffffff,0.0043,0.00719,0.0224,0.137,0.286,0.33,1.05,1.24,1.46,0.991,0.384,0.0179,low
8739622d6ffffff,0.00307,0.00513,0.016,0.0977,0.204,0.236,0.752,0.894,1.05,0.711,0.275,0.0128,low
8739622d8ffffff,0.00487,0.00812,0.0254,0.155,0.324,0.377,1.19,1.42,1.65,1.12,0.433,0.0203,medium
8739622d9ffffff,0.00486,0.00811,0.0253,0.154,0.323,0.377,1.19,1.42,1.65,1.12,0.433,0.0202,medium
8739622daffffff,0.00431,0.00719,0.0225,0.137,0.287,0.334,1.07,1.27,1.48,0.994,0.384,0.0179,medium
8739622dbffffff,0.00451,0.00754,0.0235,0.144,0.301,0.352,1.13,1.34,1.55,1.04,0.402,0.0188,medium
8739622dcffffff,0.00733,0.0122,0.0382,0.232,0.484,0.56,1.75,2.07,2.41,1.65,0.645,0.0305,low
8739622ddffffff,0.00791,0.0132,0.0412,0.25,0.52,0.604,1.85,2.19,2.53,1.74,0.687,0.0329,medium
8739622deffffff,0.0036,0.00601,0.0188,0.114,0.239,0.276,0.88,1.05,1.23,0.831,0.321,0.015,medium
8739622e0ffffff,0.00391,0.00652,0.0204,0.124,0.257,0.28,0.885,1.05,1.28,0.899,0.349,0.0163,low
8739622e1ffffff,0.00366,0.00611,0.0191,0.116,0.241,0.263,0.831,0.99,1.2,0.843,0.327,0.0153,low
8739622e2ffffff,0.00292,0.00488,0.0152,0.093,0.194,0.22,0.701,0.835,0.99,0.676,0.261,0.0122,low
8739622e3ffffff,0.00447,0.00746,0.0233,0.142,0.295,0.333,1.05,1.25,1.49,1.03,0.398,0.0186,low
8739622e4ffffff,0.00288,0.00481,0.015,0.0917,0.19,0.207,0.656,0.782,0.95,0.666,0.258,0.012,low
8739622e5ffffff,0.00453,0.00756,0.0236,0.144,0.297,0.324,1.02,1.22,1.48,1.04,0.404,0.0189,low
8739622e6ffffff,0.00323,0.00539,0.0169,0.103,0.212,0.232,0.735,0.876,1.06,0.745,0.289,0.0135,low
8739622e8ffffff,0.00399,0.00667,0.0208,0.127,0.263,0.291,0.919,1.1,1.32,0.92,0.357,0.0167,low
8739622e9ffffff,0.00396,0.00661,0.0207,0.126,0.261,0.287,0.906,1.08,1.3,0.912,0.354,0.0165,low
8739622eaffffff,0.00472,0.00788,0.0246,0.15,0.312,0.364,1.14,1.35,1.56,1.07,0.416,0.0197,low
8739622ebffffff,0.00405,0.00676,0.0211,0.129,0.269,0.312,0.991,1.18,1.38,0.935,0.361,0.0169,low
8739622ecffffff,0.0045,0.00752,0.0235,0.143,0.296,0.326,1.03,1.22,1.48,1.04,0.401,0.0188,low
8739622edffffff,0.0037,0.00618,0.0193,0.118,0.243,0.269,0.847,1.01,1.22,0.853,0.33,0.0154,low
8739622eeffffff,0.00344,0.00575,0.0179,0.109,0.227,0.255,0.808,0.964,1.15,0.795,0.307,0.0143,low
8739622f0ffffff,0.0034,0.00567,0.0177,0.108,0.226,0.261,0.828,0.985,1.16,0.784,0.303,0.0142,low
8739622f1ffffff,0.00348,0.00581,0.0181,0.111,0.231,0.267,0.849,1.01,1.19,0.804,0.311,0.0145,low
8739622f2ffffff,0.00344,0.00575,0.018,0.11,0.229,0.265,0.843,1,1.18,0.796,0.308,0.0144,low
8739622f3ffffff,0.00441,0.00736,0.023,0.14,0.293,0.338,1.07,1.28,1.5,1.02,0.393,0.0184,low
8739622f4ffffff,0.00262,0.00437,0.0137,0.0833,0.174,0.202,0.645,0.767,0.901,0.607,0.234,0.0109,low
8739622f5ffffff,0.00278,0.00464,0.0145,0.0885,0.185,0.214,0.681,0.81,0.952,0.644,0.249,0.0116,low
8739622f6ffffff,0.00328,0.00548,0.0171,0.104,0.219,0.254,0.809,0.961,1.13,0.759,0.293,0.0137,low
873962312ffffff,0.00256,0.00427,0.0134,0.0814,0.168,0.184,0.578,0.687,0.841,0.592,0.229,0.0107,low
873962314ffffff,0.00216,0.00361,0.0113,0.0688,0.142,0.155,0.488,0.581,0.711,0.5,0.193,0.00901,low
873962316ffffff,0.00215,0.00359,0.0112,0.0684,0.141,0.154,0.486,0.578,0.707,0.497,0.193,0.00897,low
873962332ffffff,0.00219,0.00365,0.0114,0.0696,0.144,0.157,0.494,0.588,0.719,0.506,0.196,0.00912,low
873962334ffffff,0.00202,0.00337,0.0105,0.0642,0.133,0.148,0.462,0.55,0.666,0.467,0.181,0.00841,low
873962336ffffff,0.00236,0.00395,0.0123,0.0752,0.155,0.169,0.533,0.634,0.776,0.546,0.211,0.00985,low
873962380ffffff,0.00297,0.00496,0.0155,0.0945,0.196,0.226,0.71,0.839,1,0.687,0.266,0.0124,low
873962382ffffff,0.00274,0.00457,0.0143,0.0871,0.181,0.208,0.655,0.774,0.922,0.633,0.245,0.0114,low
873962383ffffff,0.00213,0.00356,0.0111,0.0678,0.141,0.162,0.511,0.604,0.719,0.493,0.191,0.00888,low
873962384ffffff,0.00279,0.00466,0.0146,0.0888,0.185,0.212,0.668,0.789,0.94,0.646,0.25,0.0116,low
873962385ffffff,0.002,0.00335,0.0105,0.0638,0.133,0.152,0.481,0.568,0.677,0.464,0.179,0.00835,low
873962386ffffff,0.00277,0.00463,0.0145,0.0881,0.183,0.211,0.663,0.784,0.933,0.641,0.248,0.0116,low
873962390ffffff,0.00261,0.00435,0.0136,0.0831,0.175,0.21,0.673,0.795,0.929,0.608,0.233,0.0109,low
873962391ffffff,0.00255,0.00425,0.0133,0.0811,0.17,0.201,0.642,0.759,0.892,0.593,0.228,0.0106,low
873962392ffffff,0.00234,0.00391,0.0122,0.0746,0.158,0.19,0.611,0.722,0.842,0.547,0.21,0.00976,low
873962393ffffff,0.00237,0.00395,0.0123,0.0754,0.159,0.192,0.618,0.73,0.851,0.553,0.212,0.00986,low
873962394ffffff,0.00208,0.00348,0.0109,0.0663,0.138,0.16,0.506,0.599,0.71,0.483,0.187,0.00868,low
873962395ffffff,0.00261,0.00436,0.0136,0.083,0.173,0.198,0.625,0.738,0.88,0.604,0.233,0.0109,low
873962396ffffff,0.00216,0.00361,0.0113,0.0689,0.145,0.173,0.559,0.659,0.772,0.505,0.194,0.00901,low
873962398ffffff,0.00253,0.00422,0.0132,0.0806,0.17,0.205,0.659,0.779,0.907,0.59,0.226,0.0105,low
87396239affffff,0.00231,0.00385,0.012,0.0736,0.156,0.187,0.603,0.713,0.831,0.54,0.207,0.00963,low
87396239bffffff,0.00222,0.00371,0.0116,0.0709,0.149,0.178,0.57,0.677,0.789,0.518,0.199,0.00927,low
87396239cffffff,0.00271,0.00452,0.0141,0.0862,0.18,0.209,0.662,0.782,0.926,0.628,0.242,0.0113,low
87396239effffff,0.00252,0.00421,0.0132,0.0804,0.17,0.204,0.658,0.778,0.906,0.589,0.226,0.0105,low
8739623a0ffffff,0.0026,0.00434,0.0136,0.0827,0.172,0.196,0.616,0.729,0.872,0.601,0.233,0.0108,low
8739623a2ffffff,0.00229,0.00382,0.0119,0.0727,0.151,0.174,0.548,0.647,0.771,0.529,0.205,0.00953,low
8739623a3ffffff,0.00248,0.00415,0.013,0.0791,0.164,0.189,0.595,0.703,0.838,0.575,0.222,0.0104,low
8739623a4ffffff,0.0018600000000000001,0.00311,0.0097,0.0592,0.122,0.133,0.421,0.501,0.613,0.431,0.167,0.00775,low
8739623a5ffffff,0.00213,0.00356,0.0111,0.0678,0.14,0.153,0.481,0.572,0.701,0.493,0.191,0.00888,low
8739623a6ffffff,0.00189,0.00315,0.00983,0.06,0.125,0.143,0.452,0.534,0.637,0.437,0.169,0.00786,low
8739623aaffffff,0.00206,0.00344,0.0107,0.0655,0.136,0.153,0.483,0.572,0.688,0.477,0.184,0.00858,low
8739623aeffffff,0.0018600000000000001,0.00311,0.00973,0.0593,0.123,0.141,0.446,0.527,0.63,0.432,0.167,0.00778,low
8739623b0ffffff,0.00241,0.00403,0.0126,0.0768,0.16,0.187,0.59,0.699,0.824,0.559,0.216,0.0101,low
8739623b1ffffff,0.00257,0.00429,0.0134,0.0817,0.17,0.195,0.615,0.727,0.866,0.594,0.23,0.0107,low
8739623b2ffffff,0.00269,0.0045,0.014,0.0857,0.179,0.21,0.661,0.782,0.92,0.624,0.241,0.0112,low
8739623b3ffffff,0.0024,0.004,0.0125,0.0763,0.159,0.183,0.576,0.681,0.81,0.555,0.214,0.00999,low
8739623b4ffffff,0.00225,0.00375,0.0117,0.0715,0.149,0.175,0.552,0.654,0.769,0.521,0.201,0.00936,low
8739623b5ffffff,0.00235,0.00393,0.0123,0.0748,0.156,0.18,0.567,0.671,0.796,0.544,0.21,0.0098,low
8739623b6ffffff,0.00272,0.00454,0.0142,0.0865,0.181,0.212,0.667,0.79,0.929,0.63,0.243,0.0113,low
873962400ffffff,0.00784,0.0131,0.0409,0.251,0.534,0.627,2.02,2.35,2.87,1.84,0.696,0.0327,low
873962401ffffff,0.00786,0.0131,0.041,0.252,0.535,0.628,2.02,2.35,2.87,1.84,0.697,0.0328,low
873962402ffffff,0.00648,0.0108,0.0338,0.208,0.441,0.516,1.67,1.95,2.38,1.52,0.576,0.027,low
873962403ffffff,0.00764,0.0128,0.0398,0.245,0.521,0.611,1.97,2.3,2.8,1.79,0.678,0.0318,low
873962405ffffff,0.0053,0.00886,0.0277,0.17,0.362,0.425,1.38,1.61,1.97,1.25,0.473,0.0221,low
873962408ffffff,0.00674,0.0112,0.0351,0.216,0.46,0.54,1.75,2.04,2.49,1.59,0.6,0.0281,medium
873962409ffffff,0.0077,0.0129,0.0402,0.247,0.526,0.619,2.02,2.35,2.87,1.81,0.685,0.0321,medium
87396240affffff,0.00633,0.0106,0.033,0.204,0.433,0.508,1.66,1.94,2.36,1.5,0.564,0.0264,low
87396240bffffff,0.00869,0.0145,0.0453,0.279,0.593,0.696,2.27,2.63,3.21,2.04,0.772,0.0362,medium
87396240cffffff,0.00737,0.0123,0.0384,0.237,0.503,0.59,1.91,2.22,2.71,1.73,0.655,0.0307,low
87396240dffffff,0.00624,0.0104,0.0326,0.201,0.426,0.501,1.63,1.9,2.32,1.47,0.556,0.026,medium
87396240effffff,0.00765,0.0128,0.0399,0.245,0.521,0.612,1.98,2.3,2.81,1.8,0.68,0.0319,low
873962411ffffff,0.00692,0.0116,0.0361,0.223,0.472,0.55,1.81,2.11,2.56,1.64,0.616,0.0289,low
873962413ffffff,0.00779,0.013,0.0406,0.251,0.531,0.618,2.04,2.38,2.88,1.84,0.693,0.0324,low
873962418ffffff,0.0103,0.0172,0.0538,0.334,0.708,0.826,2.73,3.17,3.84,2.44,0.915,0.043,low
873962419ffffff,0.00778,0.013,0.0406,0.252,0.535,0.624,2.08,2.42,2.94,1.86,0.693,0.0324,low
87396241affffff,0.0109,0.0182,0.0568,0.352,0.747,0.871,2.88,3.34,4.05,2.57,0.965,0.0454,low
87396241bffffff,0.01,0.0168,0.0524,0.325,0.69,0.805,2.67,3.09,3.75,2.38,0.892,0.0419,low
87396241cffffff,0.00666,0.0111,0.0347,0.215,0.457,0.534,1.76,2.05,2.5,1.58,0.594,0.0277,low
87396241dffffff,0.00712,0.0119,0.0371,0.229,0.488,0.571,1.88,2.18,2.65,1.69,0.634,0.0297,low
87396241effffff,0.0078,0.013,0.0407,0.252,0.536,0.626,2.09,2.42,2.95,1.86,0.695,0.0325,low
873962421ffffff,0.00362,0.00605,0.0189,0.116,0.247,0.29,0.945,1.1,1.35,0.858,0.324,0.0151,low
873962423ffffff,0.0037200000000000002,0.00621,0.0194,0.119,0.254,0.298,0.97,1.13,1.39,0.881,0.332,0.0155,low
873962425ffffff,0.0036,0.00601,0.0188,0.115,0.241,0.283,0.909,1.06,1.27,0.839,0.322,0.015,low
873962428ffffff,0.00599,0.01,0.0313,0.192,0.409,0.48,1.56,1.82,2.22,1.41,0.534,0.025,low
873962429ffffff,0.00834,0.0139,0.0435,0.266,0.562,0.658,2.07,2.4,2.91,1.89,0.727,0.0347,low
87396242affffff,0.00561,0.00936,0.0292,0.18,0.383,0.449,1.46,1.7,2.08,1.32,0.5,0.0234,low
87396242bffffff,0.00517,0.00864,0.027,0.166,0.354,0.415,1.35,1.57,1.92,1.22,0.462,0.0216,low
87396242cffffff,0.00399,0.00665,0.0208,0.128,0.27,0.316,1.02,1.2,1.45,0.937,0.356,0.0166,low
87396242dffffff,0.00552,0.00921,0.0288,0.176,0.372,0.435,1.4,1.63,1.97,1.29,0.491,0.023,low
87396242effffff,0.00513,0.00856,0.0267,0.165,0.35,0.411,1.34,1.56,1.9,1.21,0.457,0.0214,low
873962440ffffff,0.00796,0.0133,0.0415,0.254,0.538,0.628,2.05,2.38,2.89,1.85,0.708,0.0332,low
873962441ffffff,0.0151,0.0253,0.0789,0.482,1.02,1.18,3.79,4.39,5.3,3.45,1.33,0.0631,medium
873962442ffffff,0.00908,0.0152,0.0474,0.291,0.617,0.722,2.35,2.73,3.32,2.12,0.806,0.0379,medium
873962443ffffff,0.011,0.0184,0.0575,0.351,0.741,0.863,2.79,3.24,3.91,2.53,0.974,0.0459,medium
873962444ffffff,0.00857,0.0143,0.0447,0.275,0.583,0.684,2.22,2.58,3.14,2,0.759,0.0357,low
873962445ffffff,0.00995,0.0166,0.0519,0.317,0.67,0.78,2.53,2.95,3.57,2.3,0.882,0.0415,medium
873962446ffffff,0.00986,0.0165,0.0514,0.316,0.67,0.787,2.54,2.94,3.58,2.28,0.869,0.0411,low
873962448ffffff,0.0121,0.0202,0.0629,0.385,0.811,0.944,3.05,3.54,4.28,2.77,1.07,0.0503,medium
873962449ffffff,0.0127,0.0213,0.0664,0.405,0.848,0.98,3.16,3.68,4.42,2.9,1.12,0.053,medium
87396244affffff,0.00942,0.0157,0.0491,0.301,0.635,0.739,2.4,2.79,3.39,2.18,0.836,0.0393,medium
87396244bffffff,0.0109,0.0182,0.0568,0.347,0.731,0.849,2.74,3.19,3.85,2.5,0.964,0.0454,medium
87396244cffffff,0.0135,0.0225,0.0703,0.43,0.905,1.05,3.39,3.93,4.75,3.08,1.19,0.0562,medium
87396244dffffff,0.0111,0.0185,0.0577,0.352,0.742,0.863,2.79,3.24,3.91,2.54,0.977,0.0461,high
87396244effffff,0.0106,0.0177,0.0552,0.337,0.712,0.829,2.68,3.11,3.77,2.43,0.936,0.0441,medium
873962450ffffff,0.0134,0.0223,0.0696,0.427,0.905,1.06,3.41,3.94,4.79,3.07,1.17,0.0556,medium
873962451ffffff,0.0138,0.023,0.0717,0.441,0.935,1.1,3.53,4.09,4.98,3.18,1.21,0.0573,medium
873962452ffffff,0.0128,0.0214,0.0667,0.414,0.878,1.03,3.4,3.92,4.76,3.02,1.13,0.0533,medium
873962453ffffff,0.0152,0.0254,0.0792,0.491,1.04,1.22,4,4.61,5.6,3.56,1.34,0.0633,medium
873962454ffffff,0.00936,0.0156,0.0488,0.3,0.638,0.75,2.44,2.83,3.45,2.19,0.83,0.039,medium
873962455ffffff,0.00875,0.0146,0.0456,0.281,0.597,0.702,2.29,2.65,3.24,2.06,0.777,0.0365,medium
873962456ffffff,0.0119,0.0198,0.0618,0.38,0.807,0.949,3.07,3.55,4.33,2.76,1.05,0.0494,medium
873962458ffffff,0.0383,0.0639,0.199,1.2,2.5,2.9,8.77,10,11.8,7.98,3.19,0.159,high
873962459ffffff,0.0144,0.0241,0.0752,0.461,0.973,1.13,3.69,4.28,5.16,3.32,1.27,0.0601,medium
87396245affffff,0.0344,0.0573,0.179,1.08,2.26,2.62,8.05,9.18,10.8,7.24,2.87,0.143,high
87396245bffffff,0.017,0.0284,0.0885,0.545,1.15,1.34,4.41,5.1,6.13,3.92,1.49,0.0707,high
87396245cffffff,0.0111,0.0186,0.0579,0.354,0.748,0.871,2.82,3.28,3.97,2.56,0.983,0.0463,medium
87396245dffffff,0.01,0.0167,0.0523,0.32,0.675,0.786,2.55,2.96,3.59,2.32,0.888,0.0418,medium
87396245effffff,0.0836,0.139,0.423,2.26,4.28,4.8,11.3,12.5,14.2,10.5,4.92,0.337,high
873962460ffffff,0.00578,0.00964,0.0301,0.184,0.385,0.446,1.43,1.67,1.99,1.33,0.514,0.0241,low
873962461ffffff,0.0058,0.00968,0.0302,0.184,0.385,0.442,1.42,1.66,1.98,1.34,0.516,0.0242,low
873962462ffffff,0.00667,0.0111,0.0348,0.214,0.455,0.535,1.75,2.03,2.48,1.57,0.594,0.0278,low
873962463ffffff,0.0111,0.0185,0.0578,0.351,0.736,0.855,2.67,3.08,3.69,2.44,0.956,0.0462,low
873962464ffffff,0.00587,0.0098,0.0306,0.187,0.391,0.452,1.45,1.69,2.02,1.35,0.522,0.0245,low
873962465ffffff,0.00581,0.00971,0.0303,0.185,0.387,0.448,1.43,1.68,2,1.34,0.517,0.0242,low
873962466ffffff,0.00596,0.00995,0.0311,0.19,0.397,0.46,1.48,1.72,2.06,1.38,0.531,0.0248,low
873962468ffffff,0.00837,0.014,0.0437,0.267,0.559,0.646,2.08,2.43,2.92,1.93,0.743,0.0349,medium
873962469ffffff,0.00789,0.0132,0.0411,0.251,0.526,0.607,1.95,2.28,2.74,1.82,0.701,0.0329,medium
87396246affffff,0.0109,0.0182,0.0568,0.347,0.733,0.853,2.76,3.2,3.87,2.5,0.963,0.0454,medium
87396246bffffff,0.0106,0.0176,0.0551,0.337,0.711,0.827,2.68,3.11,3.77,2.43,0.935,0.044,medium
87396246cffffff,0.00716,0.012,0.0373,0.227,0.474,0.544,1.74,2.03,2.42,1.64,0.636,0.0298,low
87396246dffffff,0.0083,0.0139,0.0433,0.263,0.55,0.63,2.01,2.35,2.8,1.9,0.736,0.0346,medium
87396246effffff,0.00786,0.0131,0.041,0.25,0.527,0.612,1.98,2.3,2.78,1.81,0.696,0.0328,low
873962470ffffff,0.00706,0.0118,0.0368,0.227,0.482,0.568,1.85,2.15,2.63,1.67,0.629,0.0294,low
873962471ffffff,0.00739,0.0123,0.0386,0.237,0.505,0.594,1.94,2.25,2.75,1.74,0.658,0.0308,low
873962472ffffff,0.00674,0.0113,0.0352,0.217,0.461,0.542,1.77,2.06,2.52,1.59,0.601,0.0281,medium
873962473ffffff,0.00796,0.0133,0.0415,0.256,0.543,0.639,2.09,2.42,2.96,1.87,0.708,0.0332,medium
873962474ffffff,0.00547,0.00913,0.0285,0.176,0.374,0.44,1.44,1.68,2.05,1.29,0.488,0.0228,low
873962475ffffff,0.00593,0.00989,0.0309,0.19,0.405,0.476,1.56,1.81,2.22,1.4,0.529,0.0247,low
873962476ffffff,0.00619,0.0103,0.0323,0.199,0.423,0.497,1.62,1.89,2.31,1.46,0.551,0.0258,low
873962481ffffff,0.00699,0.0117,0.0365,0.226,0.478,0.558,1.87,2.18,2.62,1.67,0.624,0.0291,low
873962483ffffff,0.00728,0.0122,0.0381,0.236,0.499,0.584,1.96,2.28,2.74,1.74,0.65,0.0304,low
873962488ffffff,0.00798,0.0133,0.0417,0.258,0.547,0.64,2.16,2.5,2.99,1.9,0.71,0.0332,low
873962489ffffff,0.00735,0.0123,0.0384,0.238,0.504,0.59,2,2.32,2.77,1.75,0.655,0.0306,low
87396248affffff,0.00752,0.0126,0.0393,0.244,0.515,0.603,2.04,2.36,2.83,1.79,0.67,0.0313,low
87396248bffffff,0.00655,0.0109,0.0342,0.212,0.449,0.526,1.78,2.07,2.48,1.57,0.585,0.0273,low
87396248cffffff,0.00865,0.0144,0.0451,0.279,0.591,0.69,2.3,2.67,3.22,2.05,0.769,0.036,low
87396248dffffff,0.00849,0.0142,0.0443,0.275,0.583,0.681,2.28,2.64,3.19,2.02,0.755,0.0354,low
87396248effffff,0.00767,0.0128,0.0401,0.248,0.525,0.614,2.06,2.4,2.87,1.83,0.683,0.032,low
873962498ffffff,0.00651,0.0109,0.034,0.211,0.446,0.522,1.75,2.04,2.44,1.55,0.581,0.0271,low
873962499ffffff,0.0062,0.0104,0.0324,0.201,0.425,0.498,1.68,1.96,2.34,1.49,0.554,0.0258,low
87396249affffff,0.00618,0.0103,0.0323,0.2,0.423,0.496,1.67,1.94,2.33,1.48,0.552,0.0258,low
87396249bffffff,0.00647,0.0108,0.0338,0.21,0.443,0.519,1.75,2.03,2.44,1.55,0.578,0.0269,low
87396249cffffff,0.00637,0.0106,0.0333,0.206,0.436,0.511,1.72,2,2.4,1.52,0.569,0.0265,low
87396249dffffff,0.00623,0.0104,0.0325,0.202,0.427,0.5,1.68,1.96,2.35,1.49,0.557,0.026,low
87396249effffff,0.00563,0.0094,0.0294,0.182,0.386,0.452,1.52,1.77,2.13,1.35,0.503,0.0235,low
8739624a8ffffff,0.00892,0.0149,0.0465,0.288,0.608,0.709,2.34,2.72,3.3,2.11,0.793,0.0372,low
8739624a9ffffff,0.00993,0.0166,0.0518,0.321,0.682,0.796,2.64,3.06,3.72,2.36,0.882,0.0414,low
8739624aaffffff,0.00821,0.0137,0.0428,0.265,0.56,0.652,2.15,2.51,3.04,1.94,0.731,0.0342,low
8739624abffffff,0.00906,0.0151,0.0473,0.293,0.622,0.726,2.41,2.8,3.4,2.16,0.806,0.0378,low
8739624acffffff,0.008,0.0134,0.0417,0.258,0.545,0.635,2.1,2.44,2.96,1.89,0.712,0.0333,low
8739624adffffff,0.00989,0.0165,0.0516,0.319,0.676,0.788,2.6,3.02,3.66,2.33,0.877,0.0412,low
8739624aeffffff,0.00763,0.0127,0.0398,0.246,0.52,0.606,2,2.33,2.82,1.8,0.679,0.0318,low
8739624c0ffffff,0.0386,0.0643,0.199,1.18,2.39,2.74,7.59,8.5,9.9,6.92,2.89,0.159,high
8739624c1ffffff,0.0365,0.0608,0.189,1.15,2.4,2.78,8.4,9.51,11.2,7.57,3,0.151,high
8739624c2ffffff,0.00901,0.015,0.047,0.292,0.617,0.724,2.47,2.86,3.42,2.15,0.803,0.0375,low
8739624c3ffffff,0.0246,0.0411,0.127,0.752,1.53,1.76,5,5.63,6.56,4.5,1.86,0.102,medium
8739624c4ffffff,0.0105,0.0176,0.0549,0.342,0.726,0.849,2.84,3.28,3.99,2.51,0.936,0.0439,medium
8739624c5ffffff,0.0137,0.0229,0.0716,0.444,0.941,1.1,3.62,4.17,5.05,3.21,1.21,0.0572,medium
8739624c6ffffff,0.0108,0.0181,0.0565,0.351,0.745,0.871,2.9,3.35,4.06,2.57,0.961,0.0452,medium
8739624c8ffffff,0.0094,0.0157,0.049,0.303,0.641,0.749,2.53,2.92,3.51,2.22,0.835,0.0392,medium
8739624c9ffffff,0.01,0.0168,0.0524,0.323,0.681,0.795,2.65,3.06,3.67,2.34,0.886,0.0418,high
8739624caffffff,0.00841,0.014,0.0439,0.272,0.575,0.674,2.31,2.66,3.18,2,0.749,0.0351,medium
8739624cbffffff,0.0112,0.0187,0.0585,0.361,0.759,0.886,2.97,3.42,4.05,2.6,0.984,0.0467,medium
8739624ccffffff,0.0113,0.0189,0.059,0.366,0.776,0.907,3.02,3.49,4.23,2.68,1,0.0471,medium
8739624cdffffff,0.013,0.0217,0.0677,0.417,0.882,1.03,3.41,3.95,4.76,3.03,1.15,0.0541,high
8739624ceffffff,0.0145,0.0242,0.0756,0.467,0.982,1.15,3.74,4.29,5.12,3.3,1.26,0.0604,medium
8739624d0ffffff,0.00693,0.0116,0.0362,0.225,0.476,0.558,1.89,2.2,2.63,1.66,0.619,0.0289,low
8739624d1ffffff,0.00778,0.013,0.0406,0.252,0.533,0.626,2.14,2.48,2.96,1.86,0.694,0.0324,low
8739624d2ffffff,0.00681,0.0114,0.0356,0.221,0.467,0.548,1.86,2.15,2.58,1.63,0.608,0.0284,low
8739624d3ffffff,0.00592,0.00989,0.0309,0.192,0.406,0.477,1.64,1.9,2.27,1.42,0.53,0.0247,low
8739624d4ffffff,0.00803,0.0134,0.0419,0.26,0.55,0.645,2.18,2.52,3.02,1.91,0.715,0.0335,low
8739624d5ffffff,0.00874,0.0146,0.0457,0.283,0.599,0.703,2.39,2.77,3.31,2.09,0.779,0.0364,medium
8739624d6ffffff,0.00712,0.0119,0.0372,0.231,0.488,0.572,1.93,2.24,2.68,1.7,0.634,0.0297,low
8739624d8ffffff,0.00675,0.0113,0.0352,0.219,0.462,0.543,1.86,2.16,2.58,1.62,0.603,0.0281,medium
8739624d9ffffff,0.00699,0.0117,0.0365,0.227,0.479,0.563,1.93,2.24,2.67,1.68,0.625,0.0292,medium
8739624daffffff,0.00588,0.00982,0.0307,0.191,0.403,0.474,1.63,1.89,2.25,1.41,0.526,0.0245,low
8739624dbffffff,0.00712,0.0119,0.0372,0.231,0.488,0.573,1.97,2.27,2.72,1.71,0.636,0.0297,low
8739624dcffffff,0.00983,0.0164,0.0513,0.318,0.671,0.788,2.67,3.09,3.68,2.33,0.872,0.041,medium
8739624ddffffff,0.00788,0.0131,0.0411,0.255,0.539,0.634,2.17,2.51,3,1.89,0.703,0.0328,medium
8739624deffffff,0.0081,0.0135,0.0423,0.262,0.553,0.649,2.21,2.55,3.04,1.92,0.719,0.0337,low
8739624e0ffffff,0.00909,0.0152,0.0474,0.295,0.625,0.731,2.44,2.82,3.43,2.16,0.807,0.0379,low
8739624e1ffffff,0.0116,0.0194,0.0605,0.376,0.798,0.932,3.11,3.58,4.36,2.75,1.03,0.0483,medium
8739624e2ffffff,0.00846,0.0141,0.0441,0.274,0.582,0.68,2.27,2.63,3.19,2.01,0.752,0.0352,low
8739624e3ffffff,0.0125,0.0208,0.065,0.403,0.853,0.995,3.26,3.75,4.53,2.9,1.09,0.052,low
8739624e4ffffff,0.00847,0.0141,0.0442,0.274,0.583,0.681,2.27,2.63,3.2,2.02,0.754,0.0353,medium
8739624e5ffffff,0.00999,0.0167,0.0521,0.324,0.688,0.805,2.69,3.1,3.78,2.38,0.888,0.0416,medium
8739624e6ffffff,0.0102,0.017,0.0532,0.33,0.7,0.817,2.71,3.13,3.8,2.41,0.905,0.0425,medium
8739624e8ffffff,0.0201,0.0336,0.105,0.647,1.36,1.59,5.11,5.85,7.03,4.55,1.74,0.0838,medium
8739624e9ffffff,0.0332,0.0554,0.173,1.05,2.19,2.53,7.74,8.8,10.4,6.97,2.76,0.138,low
8739624eaffffff,0.0178,0.0298,0.0929,0.576,1.22,1.42,4.64,5.33,6.43,4.12,1.56,0.0743,low
8739624ebffffff,0.0157,0.0261,0.0816,0.504,1.07,1.24,4.11,4.74,5.72,3.65,1.38,0.0652,medium
8739624ecffffff,0.014,0.0234,0.073,0.453,0.961,1.12,3.73,4.29,5.21,3.3,1.24,0.0583,medium
8739624edffffff,0.0198,0.033,0.103,0.637,1.35,1.57,5.11,5.87,7.08,4.55,1.73,0.0824,medium
8739624eeffffff,0.0136,0.0226,0.0707,0.439,0.932,1.09,3.62,4.17,5.07,3.21,1.2,0.0565,medium
8739624f0ffffff,0.00956,0.016,0.0498,0.309,0.656,0.766,2.54,2.95,3.58,2.27,0.849,0.0398,low
8739624f1ffffff,0.00892,0.0149,0.0465,0.289,0.613,0.716,2.38,2.77,3.36,2.12,0.794,0.0372,medium
8739624f2ffffff,0.00819,0.0137,0.0427,0.265,0.563,0.658,2.2,2.55,3.09,1.95,0.73,0.0341,low
8739624f3ffffff,0.00869,0.0145,0.0453,0.281,0.597,0.698,2.33,2.7,3.27,2.07,0.774,0.0362,medium
8739624f4ffffff,0.011,0.0184,0.0575,0.357,0.757,0.883,2.93,3.39,4.11,2.61,0.978,0.0459,low
8739624f5ffffff,0.00937,0.0157,0.0489,0.303,0.644,0.752,2.5,2.9,3.52,2.23,0.834,0.0391,medium
8739624f6ffffff,0.00988,0.0165,0.0515,0.32,0.678,0.792,2.63,3.05,3.7,2.35,0.878,0.0412,low
873962509ffffff,0.00337,0.00562,0.0176,0.107,0.226,0.266,0.854,0.998,1.19,0.784,0.301,0.014,low
873962529ffffff,0.00292,0.00488,0.0152,0.0929,0.193,0.221,0.703,0.822,0.988,0.676,0.261,0.0122,low
87396252dffffff,0.00261,0.00436,0.0136,0.083,0.173,0.197,0.625,0.732,0.881,0.604,0.233,0.0109,low
873962540ffffff,0.00307,0.00513,0.016,0.0978,0.205,0.24,0.77,0.899,1.08,0.715,0.275,0.0128,low
873962541ffffff,0.0038,0.00635,0.0198,0.121,0.254,0.294,0.945,1.1,1.32,0.881,0.339,0.0158,low
873962542ffffff,0.00352,0.00588,0.0184,0.112,0.236,0.275,0.883,1.03,1.23,0.819,0.315,0.0147,low
873962543ffffff,0.00399,0.00667,0.0208,0.127,0.267,0.31,0.995,1.16,1.39,0.926,0.356,0.0166,low
873962544ffffff,0.00411,0.00687,0.0215,0.131,0.273,0.312,0.992,1.16,1.4,0.951,0.367,0.0172,low
873962545ffffff,0.00322,0.00538,0.0168,0.103,0.214,0.244,0.778,0.911,1.1,0.746,0.288,0.0134,low
873962546ffffff,0.00302,0.00504,0.0158,0.0962,0.202,0.236,0.757,0.884,1.06,0.703,0.27,0.0126,low
873962548ffffff,0.00356,0.00595,0.0186,0.113,0.238,0.275,0.887,1.04,1.24,0.827,0.318,0.0149,low
873962549ffffff,0.00548,0.00915,0.0286,0.174,0.365,0.423,1.36,1.58,1.89,1.27,0.488,0.0229,low
87396254affffff,0.00434,0.00725,0.0226,0.138,0.289,0.335,1.08,1.26,1.51,1.01,0.387,0.0181,low
87396254bffffff,0.00543,0.00907,0.0283,0.173,0.362,0.419,1.34,1.57,1.87,1.25,0.484,0.0226,low
87396254cffffff,0.00364,0.00609,0.019,0.116,0.243,0.282,0.907,1.06,1.27,0.845,0.325,0.0152,low
87396254dffffff,0.00422,0.00704,0.022,0.134,0.281,0.326,1.05,1.22,1.46,0.976,0.376,0.0176,low
87396254effffff,0.00365,0.0061,0.019,0.116,0.244,0.282,0.909,1.06,1.27,0.847,0.326,0.0152,low
873962550ffffff,0.00356,0.00594,0.0186,0.113,0.238,0.278,0.892,1.04,1.25,0.828,0.318,0.0148,low
873962551ffffff,0.00376,0.00627,0.0196,0.12,0.251,0.293,0.94,1.1,1.31,0.873,0.335,0.0157,low
873962552ffffff,0.00336,0.00561,0.0175,0.107,0.225,0.263,0.843,0.984,1.18,0.782,0.3,0.014,low
873962553ffffff,0.00459,0.00767,0.024,0.146,0.307,0.358,1.15,1.34,1.6,1.07,0.41,0.0192,low
873962554ffffff,0.00309,0.00515,0.0161,0.0983,0.206,0.241,0.774,0.904,1.08,0.719,0.276,0.0129,low
873962555ffffff,0.00377,0.00629,0.0196,0.12,0.252,0.294,0.942,1.1,1.32,0.875,0.336,0.0157,low
873962556ffffff,0.00371,0.0062,0.0194,0.118,0.248,0.29,0.932,1.09,1.3,0.863,0.332,0.0155,low
873962558ffffff,0.00488,0.00815,0.0254,0.155,0.325,0.377,1.21,1.42,1.69,1.13,0.435,0.0203,low
873962559ffffff,0.00501,0.00837,0.0261,0.159,0.334,0.387,1.24,1.45,1.73,1.16,0.447,0.0209,low
87396255affffff,0.00536,0.00895,0.028,0.171,0.36,0.419,1.35,1.57,1.89,1.25,0.478,0.0224,low
87396255bffffff,0.00798,0.0133,0.0416,0.252,0.526,0.608,1.9,2.21,2.62,1.77,0.695,0.0332,low
87396255cffffff,0.0053,0.00885,0.0277,0.169,0.354,0.412,1.32,1.54,1.84,1.23,0.472,0.0221,low
87396255dffffff,0.00447,0.00747,0.0233,0.142,0.298,0.345,1.11,1.3,1.55,1.04,0.399,0.0187,low
87396255effffff,0.00464,0.00775,0.0242,0.148,0.31,0.362,1.16,1.35,1.62,1.08,0.414,0.0194,low
873962560ffffff,0.00308,0.00514,0.0161,0.0979,0.203,0.227,0.72,0.844,1.03,0.711,0.275,0.0128,low
873962561ffffff,0.00362,0.00604,0.0189,0.115,0.239,0.267,0.845,0.992,1.2,0.835,0.323,0.0151,low
873962562ffffff,0.00281,0.00469,0.0146,0.0893,0.185,0.208,0.657,0.771,0.936,0.649,0.251,0.0117,low
873962563ffffff,0.00305,0.00509,0.0159,0.097,0.201,0.225,0.713,0.836,1.02,0.704,0.273,0.0127,low
873962564ffffff,0.00257,0.00429,0.0134,0.0818,0.17,0.19,0.602,0.707,0.858,0.595,0.23,0.0107,low
873962565ffffff,0.00238,0.00398,0.0124,0.0758,0.157,0.176,0.558,0.655,0.795,0.551,0.213,0.00993,low
873962566ffffff,0.00248,0.00415,0.013,0.079,0.164,0.184,0.582,0.683,0.83,0.575,0.222,0.0104,low
873962568ffffff,0.00362,0.00605,0.0189,0.115,0.238,0.264,0.833,0.98,1.2,0.835,0.323,0.0151,low
873962569ffffff,0.00339,0.00566,0.0177,0.108,0.223,0.246,0.78,0.917,1.12,0.781,0.303,0.0141,low
87396256affffff,0.00277,0.00462,0.0144,0.0881,0.183,0.206,0.656,0.77,0.933,0.641,0.247,0.0115,low
87396256bffffff,0.00431,0.00719,0.0225,0.137,0.284,0.315,0.999,1.17,1.43,0.992,0.384,0.0179,low
87396256cffffff,0.00338,0.00565,0.0176,0.108,0.222,0.246,0.779,0.916,1.12,0.78,0.302,0.0141,low
87396256dffffff,0.00255,0.00426,0.0133,0.0812,0.168,0.186,0.589,0.693,0.847,0.59,0.228,0.0106,low
87396256effffff,0.00378,0.00631,0.0197,0.12,0.249,0.276,0.872,1.03,1.25,0.871,0.337,0.0157,low
873962570ffffff,0.00362,0.00604,0.0189,0.115,0.241,0.278,0.885,1.03,1.24,0.838,0.323,0.0151,low
873962571ffffff,0.00332,0.00555,0.0173,0.106,0.221,0.255,0.816,0.953,1.15,0.771,0.297,0.0139,low
873962572ffffff,0.00337,0.00563,0.0176,0.108,0.226,0.265,0.852,0.995,1.19,0.786,0.302,0.0141,low
873962573ffffff,0.00293,0.0049,0.0153,0.0934,0.196,0.229,0.736,0.86,1.03,0.683,0.262,0.0122,low
873962574ffffff,0.00243,0.00406,0.0127,0.0775,0.161,0.183,0.581,0.681,0.821,0.564,0.218,0.0101,low
873962575ffffff,0.00293,0.00489,0.0153,0.0932,0.193,0.217,0.686,0.805,0.977,0.678,0.262,0.0122,low
873962576ffffff,0.00305,0.0051,0.0159,0.0973,0.205,0.241,0.777,0.91,1.08,0.713,0.273,0.0127,low
873962600ffffff,0.00537,0.00897,0.028,0.171,0.36,0.419,1.39,1.63,1.93,1.24,0.478,0.0224,medium
873962601ffffff,0.00444,0.00742,0.0232,0.142,0.298,0.347,1.16,1.36,1.61,1.04,0.397,0.0185,low
873962602ffffff,0.00467,0.0078,0.0244,0.149,0.314,0.365,1.21,1.42,1.69,1.09,0.417,0.0195,medium
873962603ffffff,0.00408,0.00681,0.0213,0.13,0.274,0.318,1.06,1.25,1.48,0.95,0.364,0.017,medium
873962604ffffff,0.00457,0.00763,0.0238,0.146,0.307,0.356,1.18,1.39,1.65,1.06,0.408,0.0191,medium
873962605ffffff,0.00445,0.0074400000000000004,0.0232,0.142,0.299,0.348,1.16,1.36,1.62,1.04,0.398,0.0186,medium
873962606ffffff,0.00608,0.0102,0.0317,0.194,0.407,0.471,1.56,1.82,2.17,1.41,0.541,0.0254,medium
873962608ffffff,0.00426,0.00711,0.0222,0.136,0.286,0.332,1.1,1.3,1.54,0.99,0.38,0.0177,medium
873962609ffffff,0.00374,0.00624,0.0195,0.119,0.251,0.291,0.965,1.14,1.34,0.87,0.334,0.0156,medium
87396260affffff,0.00445,0.00743,0.0232,0.142,0.299,0.348,1.16,1.36,1.61,1.04,0.397,0.0186,medium
87396260bffffff,0.00544,0.00908,0.0283,0.173,0.364,0.423,1.4,1.64,1.94,1.26,0.484,0.0227,medium
87396260cffffff,0.00786,0.0131,0.041,0.249,0.52,0.603,1.93,2.25,2.65,1.74,0.683,0.0327,low
87396260dffffff,0.00435,0.00727,0.0227,0.139,0.292,0.339,1.12,1.32,1.56,1.01,0.388,0.0181,medium
87396260effffff,0.0048,0.00802,0.025,0.153,0.322,0.375,1.25,1.46,1.73,1.12,0.428,0.02,low
873962610ffffff,0.00583,0.00974,0.0304,0.186,0.392,0.455,1.52,1.78,2.11,1.36,0.52,0.0243,medium
873962611ffffff,0.00584,0.00975,0.0305,0.186,0.393,0.457,1.52,1.78,2.12,1.36,0.52,0.0243,medium
873962612ffffff,0.0075,0.0125,0.0391,0.241,0.509,0.601,2.05,2.37,2.79,1.76,0.667,0.0312,medium
873962613ffffff,0.00722,0.0121,0.0377,0.232,0.491,0.58,1.98,2.3,2.7,1.7,0.643,0.0301,medium
873962614ffffff,0.0055,0.00919,0.0287,0.175,0.368,0.425,1.41,1.65,1.97,1.28,0.491,0.0229,medium
873962615ffffff,0.00543,0.00907,0.0283,0.173,0.364,0.42,1.39,1.63,1.95,1.26,0.484,0.0226,medium
873962616ffffff,0.00777,0.013,0.0405,0.248,0.522,0.607,2.03,2.36,2.8,1.8,0.69,0.0324,medium
873962618ffffff,0.00547,0.00914,0.0286,0.176,0.373,0.44,1.5,1.76,2.06,1.29,0.489,0.0228,medium
873962619ffffff,0.00528,0.00881,0.0275,0.169,0.358,0.419,1.42,1.66,1.95,1.24,0.471,0.022,medium
87396261affffff,0.00613,0.0102,0.032,0.197,0.42,0.498,1.72,2,2.33,1.46,0.547,0.0256,medium
87396261bffffff,0.00628,0.0105,0.0328,0.202,0.43,0.51,1.76,2.05,2.39,1.49,0.561,0.0262,medium
87396261cffffff,0.00545,0.0091,0.0284,0.174,0.366,0.425,1.41,1.66,1.97,1.27,0.486,0.0227,medium
87396261dffffff,0.00523,0.00873,0.0273,0.167,0.35,0.407,1.35,1.58,1.87,1.21,0.465,0.0218,medium
87396261effffff,0.00629,0.0105,0.0328,0.202,0.431,0.51,1.75,2.04,2.39,1.49,0.562,0.0262,medium
873962620ffffff,0.00416,0.00694,0.0217,0.132,0.277,0.321,1.05,1.23,1.47,0.965,0.371,0.0173,medium
873962621ffffff,0.0048,0.00802,0.0251,0.153,0.321,0.374,1.22,1.44,1.71,1.11,0.428,0.02,medium
873962622ffffff,0.00483,0.00806,0.0252,0.154,0.323,0.373,1.24,1.45,1.73,1.12,0.43,0.0201,medium
873962623ffffff,0.00366,0.00611,0.0191,0.117,0.246,0.286,0.953,1.12,1.33,0.853,0.327,0.0152,medium
873962624ffffff,0.00579,0.00967,0.0302,0.184,0.385,0.442,1.43,1.68,2.01,1.33,0.516,0.0241,medium
873962625ffffff,0.00449,0.00749,0.0234,0.143,0.3,0.348,1.14,1.34,1.59,1.04,0.4,0.0187,medium
873962626ffffff,0.00459,0.00766,0.0239,0.146,0.306,0.352,1.16,1.36,1.63,1.06,0.409,0.0191,medium
873962628ffffff,0.004,0.00668,0.0209,0.128,0.269,0.312,1.04,1.22,1.45,0.933,0.358,0.0167,medium
873962629ffffff,0.00333,0.00555,0.0173,0.106,0.223,0.261,0.859,1.01,1.2,0.775,0.297,0.0139,medium
87396262affffff,0.00385,0.00642,0.0201,0.123,0.258,0.3,0.996,1.17,1.39,0.893,0.343,0.016,low
87396262bffffff,0.00331,0.00552,0.0173,0.106,0.222,0.258,0.862,1.01,1.2,0.772,0.296,0.0138,low
87396262cffffff,0.00409,0.00683,0.0213,0.13,0.274,0.318,1.04,1.23,1.46,0.95,0.365,0.0171,medium
87396262dffffff,0.00355,0.00593,0.0185,0.113,0.238,0.277,0.905,1.07,1.27,0.826,0.317,0.0148,medium
87396262effffff,0.00351,0.00586,0.0183,0.112,0.236,0.274,0.911,1.07,1.27,0.819,0.314,0.0146,medium
873962630ffffff,0.00561,0.00937,0.0293,0.179,0.376,0.434,1.44,1.69,2.01,1.3,0.5,0.0234,medium
873962631ffffff,0.00536,0.00895,0.028,0.171,0.359,0.415,1.38,1.61,1.92,1.25,0.478,0.0224,medium
873962632ffffff,0.00874,0.0146,0.0456,0.278,0.584,0.674,2.22,2.59,3.09,2.01,0.775,0.0364,medium
873962633ffffff,0.00681,0.0114,0.0355,0.217,0.455,0.525,1.73,2.03,2.42,1.57,0.605,0.0284,medium
873962634ffffff,0.00644,0.0108,0.0336,0.205,0.431,0.498,1.65,1.93,2.3,1.49,0.573,0.0269,medium
873962635ffffff,0.00552,0.00921,0.0288,0.176,0.369,0.426,1.41,1.65,1.97,1.28,0.491,0.023,medium
873962636ffffff,0.00674,0.0112,0.0351,0.215,0.45,0.52,1.72,2.01,2.4,1.56,0.599,0.0281,medium
873962640ffffff,0.00431,0.0072,0.0225,0.137,0.288,0.331,1.08,1.28,1.52,0.998,0.385,0.018,medium
873962641ffffff,0.00413,0.0069,0.0215,0.131,0.276,0.316,1.04,1.22,1.45,0.956,0.369,0.0172,medium
873962642ffffff,0.00411,0.00686,0.0214,0.131,0.274,0.315,1.04,1.22,1.45,0.952,0.367,0.0171,medium
873962643ffffff,0.00377,0.00629,0.0197,0.12,0.252,0.289,0.949,1.12,1.33,0.874,0.337,0.0157,medium
873962644ffffff,0.0034,0.00568,0.0177,0.108,0.228,0.265,0.869,1.02,1.21,0.79,0.304,0.0142,low
873962645ffffff,0.00374,0.00625,0.0195,0.119,0.25,0.291,0.949,1.12,1.32,0.868,0.334,0.0156,medium
873962646ffffff,0.00371,0.00619,0.0193,0.118,0.249,0.289,0.955,1.12,1.33,0.863,0.331,0.0155,medium
873962648ffffff,0.0043,0.00718,0.0224,0.137,0.286,0.326,1.07,1.26,1.5,0.994,0.384,0.0179,medium
873962649ffffff,0.0046,0.00769,0.024,0.146,0.305,0.344,1.12,1.32,1.58,1.06,0.411,0.0192,medium
87396264affffff,0.00421,0.00704,0.022,0.134,0.281,0.323,1.06,1.25,1.48,0.976,0.376,0.0176,medium
87396264bffffff,0.00407,0.00679,0.0212,0.129,0.27,0.304,0.991,1.17,1.4,0.939,0.363,0.017,medium
87396264cffffff,0.00403,0.00672,0.021,0.128,0.269,0.31,1.01,1.19,1.42,0.933,0.359,0.0168,medium
87396264dffffff,0.00345,0.00576,0.018,0.11,0.23,0.264,0.859,1.01,1.2,0.799,0.308,0.0144,medium
87396264effffff,0.00342,0.00572,0.0179,0.109,0.229,0.263,0.863,1.02,1.21,0.795,0.306,0.0143,medium
873962650ffffff,0.00358,0.00598,0.0187,0.114,0.241,0.279,0.926,1.09,1.29,0.834,0.32,0.0149,medium
873962651ffffff,0.00406,0.00677,0.0212,0.129,0.272,0.314,1.04,1.22,1.45,0.942,0.362,0.0169,medium
873962652ffffff,0.00487,0.00813,0.0254,0.155,0.327,0.379,1.25,1.47,1.74,1.13,0.434,0.0203,medium
873962653ffffff,0.00436,0.00727,0.0227,0.139,0.292,0.34,1.12,1.32,1.56,1.01,0.389,0.0182,medium
873962654ffffff,0.00401,0.0067,0.0209,0.128,0.269,0.313,1.03,1.22,1.44,0.933,0.358,0.0167,medium
873962655ffffff,0.00373,0.00624,0.0195,0.119,0.251,0.291,0.965,1.14,1.35,0.87,0.334,0.0156,medium
873962656ffffff,0.00497,0.0083,0.0259,0.158,0.333,0.387,1.28,1.5,1.77,1.15,0.443,0.0207,medium
873962658ffffff,0.00522,0.00871,0.0272,0.166,0.348,0.399,1.31,1.54,1.83,1.2,0.465,0.0217,medium
873962659ffffff,0.00682,0.0114,0.0356,0.217,0.454,0.521,1.7,2,2.37,1.57,0.606,0.0284,medium
87396265affffff,0.00487,0.00813,0.0254,0.155,0.325,0.374,1.23,1.45,1.72,1.13,0.434,0.0203,medium
87396265bffffff,0.00574,0.00959,0.03,0.183,0.383,0.44,1.44,1.69,2.01,1.32,0.511,0.0239,medium
87396265cffffff,0.00418,0.00698,0.0218,0.133,0.279,0.32,1.05,1.24,1.47,0.968,0.373,0.0174,medium
87396265dffffff,0.00401,0.00669,0.0209,0.128,0.268,0.307,1.01,1.19,1.41,0.929,0.358,0.0167,medium
87396265effffff,0.0047,0.00786,0.0245,0.15,0.314,0.36,1.18,1.39,1.65,1.09,0.42,0.0196,medium
873962660ffffff,0.00274,0.00457,0.0143,0.0873,0.184,0.217,0.709,0.837,0.987,0.639,0.245,0.0114,medium
873962661ffffff,0.00299,0.00499,0.0156,0.0953,0.201,0.236,0.767,0.907,1.07,0.696,0.267,0.0125,low
873962662ffffff,0.00321,0.00536,0.0167,0.102,0.216,0.255,0.832,0.982,1.16,0.748,0.287,0.0134,medium
873962663ffffff,0.00296,0.00494,0.0154,0.0943,0.199,0.233,0.759,0.898,1.06,0.689,0.265,0.0123,medium
873962664ffffff,0.00291,0.00487,0.0152,0.0929,0.196,0.231,0.757,0.893,1.05,0.68,0.261,0.0121,medium
873962665ffffff,0.00265,0.00442,0.0138,0.0844,0.178,0.209,0.682,0.806,0.948,0.617,0.237,0.011,low
873962666ffffff,0.00291,0.00486,0.0152,0.0927,0.196,0.231,0.756,0.891,1.05,0.679,0.26,0.0121,low
873962668ffffff,0.00342,0.00571,0.0178,0.109,0.229,0.269,0.875,1.03,1.21,0.794,0.305,0.0143,medium
873962669ffffff,0.00376,0.00627,0.0196,0.12,0.251,0.293,0.948,1.12,1.32,0.871,0.335,0.0157,low
87396266affffff,0.00398,0.00665,0.0208,0.127,0.267,0.312,1.01,1.2,1.41,0.923,0.355,0.0166,medium
87396266bffffff,0.00387,0.00646,0.0202,0.123,0.259,0.305,0.988,1.17,1.37,0.897,0.345,0.0161,low
87396266cffffff,0.00307,0.00513,0.016,0.0979,0.206,0.242,0.787,0.931,1.09,0.715,0.275,0.0128,medium
87396266dffffff,0.00277,0.00463,0.0145,0.0884,0.186,0.219,0.712,0.842,0.989,0.646,0.248,0.0116,low
87396266effffff,0.00509,0.00849,0.0265,0.161,0.338,0.397,1.26,1.49,1.74,1.15,0.448,0.0212,medium
873962670ffffff,0.00351,0.00586,0.0183,0.112,0.235,0.273,0.904,1.06,1.26,0.815,0.313,0.0146,low
873962671ffffff,0.00346,0.00578,0.018,0.11,0.232,0.27,0.893,1.05,1.24,0.805,0.309,0.0144,medium
873962672ffffff,0.00411,0.00687,0.0215,0.131,0.276,0.321,1.06,1.25,1.48,0.957,0.367,0.0172,medium
873962673ffffff,0.00354,0.00591,0.0185,0.113,0.238,0.276,0.914,1.08,1.27,0.824,0.316,0.0148,medium
873962674ffffff,0.00357,0.00596,0.0186,0.114,0.24,0.282,0.924,1.09,1.29,0.831,0.319,0.0149,medium
873962675ffffff,0.00355,0.00593,0.0185,0.113,0.239,0.282,0.921,1.09,1.28,0.827,0.317,0.0148,medium
873962676ffffff,0.0035,0.00584,0.0182,0.112,0.235,0.273,0.902,1.06,1.26,0.813,0.312,0.0146,low
873962680ffffff,0.00642,0.0107,0.0335,0.207,0.438,0.517,1.78,2.06,2.43,1.53,0.574,0.0268,medium
873962681ffffff,0.00611,0.0102,0.0319,0.196,0.416,0.491,1.68,1.95,2.3,1.45,0.546,0.0255,medium
873962682ffffff,0.00615,0.0103,0.0321,0.201,0.428,0.507,1.77,2.06,2.43,1.51,0.552,0.0256,medium
873962683ffffff,0.00571,0.00954,0.0299,0.187,0.398,0.471,1.65,1.91,2.26,1.4,0.513,0.0238,medium
873962684ffffff,0.0064,0.0107,0.0334,0.206,0.435,0.513,1.76,2.04,2.4,1.51,0.571,0.0267,medium
873962685ffffff,0.00609,0.0102,0.0318,0.196,0.414,0.489,1.68,1.94,2.29,1.44,0.544,0.0254,low
873962686ffffff,0.00598,0.00999,0.0312,0.193,0.409,0.483,1.66,1.93,2.27,1.43,0.535,0.0249,medium
873962688ffffff,0.00675,0.0113,0.0353,0.22,0.472,0.558,1.95,2.26,2.67,1.65,0.605,0.0281,low
873962689ffffff,0.0105,0.0175,0.0546,0.338,0.72,0.851,2.9,3.36,3.93,2.47,0.926,0.0436,medium
87396268affffff,0.00749,0.0125,0.0392,0.246,0.528,0.624,2.19,2.54,3,1.85,0.673,0.0312,medium
87396268bffffff,0.00625,0.0104,0.0327,0.205,0.44,0.521,1.84,2.13,2.52,1.55,0.562,0.026,medium
87396268cffffff,0.0111,0.0186,0.0579,0.353,0.742,0.874,2.83,3.26,3.77,2.45,0.95,0.0462,low
87396268dffffff,0.00827,0.0138,0.0431,0.266,0.566,0.671,2.3,2.67,3.11,1.95,0.736,0.0345,low
87396268effffff,0.00784,0.0131,0.041,0.256,0.546,0.645,2.25,2.61,3.07,1.91,0.702,0.0327,low
873962690ffffff,0.00554,0.00925,0.029,0.181,0.385,0.455,1.59,1.84,2.18,1.35,0.497,0.0231,medium
873962691ffffff,0.00645,0.0108,0.0337,0.211,0.449,0.531,1.85,2.15,2.53,1.58,0.578,0.0269,medium
873962692ffffff,0.00527,0.0088,0.0276,0.172,0.365,0.431,1.51,1.75,2.07,1.29,0.473,0.022,medium
873962693ffffff,0.00607,0.0101,0.0318,0.199,0.423,0.501,1.75,2.03,2.39,1.49,0.545,0.0253,medium
873962694ffffff,0.00452,0.00755,0.0236,0.148,0.312,0.368,1.29,1.5,1.77,1.1,0.406,0.0188,medium
873962695ffffff,0.00642,0.0107,0.0336,0.21,0.447,0.529,1.85,2.15,2.53,1.57,0.577,0.0268,medium
873962696ffffff,0.00446,0.00745,0.0233,0.146,0.308,0.364,1.27,1.48,1.75,1.09,0.401,0.0186,medium
873962698ffffff,0.00581,0.0097,0.0304,0.19,0.405,0.479,1.68,1.95,2.3,1.43,0.522,0.0242,medium
873962699ffffff,0.00598,0.00999,0.0313,0.196,0.42,0.497,1.75,2.03,2.4,1.48,0.538,0.0249,medium
87396269affffff,0.00527,0.00881,0.0276,0.173,0.368,0.435,1.53,1.77,2.09,1.3,0.474,0.022,medium
87396269bffffff,0.00554,0.00925,0.0289,0.182,0.387,0.458,1.61,1.87,2.2,1.36,0.498,0.0231,low
87396269cffffff,0.00601,0.01,0.0314,0.197,0.419,0.496,1.74,2.02,2.38,1.48,0.54,0.0251,medium
87396269dffffff,0.00732,0.0122,0.0383,0.24,0.51,0.603,2.1,2.44,2.87,1.79,0.656,0.0305,medium
87396269effffff,0.0064,0.0107,0.0335,0.21,0.446,0.527,1.84,2.14,2.52,1.57,0.574,0.0267,medium
8739626a0ffffff,0.00624,0.0104,0.0326,0.201,0.424,0.501,1.71,1.99,2.34,1.48,0.557,0.026,medium
8739626a1ffffff,0.0064,0.0107,0.0334,0.206,0.435,0.513,1.75,2.03,2.39,1.51,0.571,0.0267,medium
8739626a2ffffff,0.00642,0.0107,0.0335,0.206,0.437,0.515,1.76,2.04,2.41,1.52,0.573,0.0268,medium
8739626a3ffffff,0.00579,0.00967,0.0302,0.186,0.394,0.465,1.59,1.85,2.17,1.37,0.517,0.0241,medium
8739626a4ffffff,0.00642,0.0107,0.0335,0.207,0.437,0.515,1.76,2.04,2.41,1.52,0.573,0.0268,medium
8739626a5ffffff,0.00703,0.0117,0.0367,0.226,0.478,0.564,1.93,2.23,2.63,1.66,0.627,0.0293,medium
8739626a6ffffff,0.00649,0.0108,0.0338,0.209,0.441,0.52,1.78,2.06,2.44,1.54,0.579,0.027,medium
8739626a8ffffff,0.00671,0.0112,0.035,0.216,0.458,0.541,1.86,2.16,2.53,1.59,0.599,0.028,low
8739626a9ffffff,0.0069,0.0115,0.036,0.222,0.472,0.56,1.92,2.24,2.61,1.64,0.615,0.0287,low
8739626aaffffff,0.00692,0.0116,0.0361,0.222,0.47,0.555,1.9,2.2,2.59,1.63,0.617,0.0288,low
8739626abffffff,0.0074400000000000004,0.0124,0.0388,0.239,0.509,0.604,2.07,2.41,2.82,1.76,0.663,0.031,low
8739626acffffff,0.00676,0.0113,0.0353,0.217,0.459,0.542,1.85,2.15,2.53,1.6,0.603,0.0282,medium
8739626adffffff,0.00652,0.0109,0.034,0.21,0.446,0.528,1.82,2.12,2.47,1.55,0.582,0.0272,medium
8739626aeffffff,0.00586,0.00979,0.0306,0.188,0.398,0.47,1.61,1.87,2.2,1.39,0.523,0.0244,low
8739626b0ffffff,0.00545,0.0091,0.0285,0.176,0.371,0.436,1.5,1.73,2.05,1.29,0.487,0.0227,medium
8739626b1ffffff,0.00617,0.0103,0.0322,0.199,0.42,0.495,1.7,1.97,2.32,1.46,0.551,0.0257,medium
8739626b2ffffff,0.00466,0.00778,0.0243,0.151,0.319,0.376,1.3,1.51,1.79,1.12,0.417,0.0194,medium
8739626b3ffffff,0.0051,0.00851,0.0266,0.165,0.349,0.412,1.43,1.66,1.96,1.23,0.457,0.0212,medium
8739626b4ffffff,0.00817,0.0136,0.0426,0.263,0.554,0.651,2.21,2.56,3.02,1.92,0.725,0.0341,medium
8739626b5ffffff,0.00676,0.0113,0.0353,0.218,0.459,0.54,1.85,2.14,2.53,1.6,0.603,0.0282,medium
8739626b6ffffff,0.00674,0.0112,0.0351,0.217,0.457,0.538,1.84,2.13,2.52,1.59,0.6,0.0281,medium
8739626c0ffffff,0.00624,0.0104,0.0325,0.2,0.426,0.505,1.72,2.02,2.34,1.47,0.557,0.026,medium
8739626c1ffffff,0.00619,0.0103,0.0323,0.199,0.422,0.501,1.7,1.99,2.32,1.46,0.552,0.0258,medium
8739626c2ffffff,0.00781,0.013,0.0407,0.25,0.531,0.628,2.11,2.47,2.86,1.81,0.691,0.0325,medium
8739626c3ffffff,0.00629,0.0105,0.0328,0.202,0.429,0.509,1.73,2.03,2.36,1.48,0.561,0.0262,medium
8739626c4ffffff,0.00565,0.00944,0.0295,0.181,0.386,0.458,1.56,1.83,2.13,1.34,0.505,0.0236,medium
8739626c5ffffff,0.00523,0.00874,0.0273,0.168,0.358,0.424,1.45,1.7,1.97,1.24,0.468,0.0218,medium
8739626c6ffffff,0.00629,0.0105,0.0328,0.202,0.429,0.509,1.73,2.03,2.36,1.48,0.561,0.0262,medium
8739626c8ffffff,0.00516,0.00862,0.0269,0.165,0.35,0.411,1.39,1.64,1.9,1.21,0.461,0.0215,low
8739626c9ffffff,0.00541,0.00903,0.0282,0.173,0.366,0.431,1.45,1.71,1.99,1.27,0.483,0.0225,medium
8739626caffffff,0.00597,0.00997,0.0311,0.191,0.405,0.476,1.61,1.89,2.2,1.4,0.532,0.0249,medium
8739626cbffffff,0.00576,0.00962,0.03,0.184,0.39,0.458,1.55,1.82,2.12,1.35,0.514,0.024,medium
8739626ccffffff,0.00504,0.00842,0.0263,0.161,0.343,0.404,1.37,1.61,1.88,1.19,0.451,0.021,medium
8739626cdffffff,0.0057,0.00952,0.0297,0.182,0.386,0.453,1.52,1.8,2.09,1.33,0.508,0.0238,medium
8739626ceffffff,0.00532,0.00889,0.0278,0.171,0.363,0.43,1.46,1.72,2,1.26,0.476,0.0222,medium
8739626d0ffffff,0.00646,0.0108,0.0338,0.212,0.454,0.539,1.88,2.2,2.58,1.59,0.581,0.0269,medium
8739626d1ffffff,0.00626,0.0105,0.0327,0.204,0.437,0.52,1.8,2.11,2.45,1.53,0.562,0.0261,medium
8739626d2ffffff,0.00552,0.00921,0.0288,0.181,0.389,0.46,1.62,1.88,2.23,1.37,0.497,0.023,medium
8739626d3ffffff,0.00621,0.0104,0.0324,0.203,0.436,0.519,1.8,2.11,2.45,1.52,0.557,0.0259,medium
8739626d4ffffff,0.0118,0.0197,0.0615,0.379,0.805,0.952,3.22,3.73,4.34,2.75,1.04,0.0491,medium
8739626d5ffffff,0.00642,0.0107,0.0335,0.206,0.438,0.519,1.77,2.07,2.4,1.51,0.572,0.0267,medium
8739626d6ffffff,0.00727,0.0121,0.038,0.239,0.512,0.605,2.13,2.46,2.91,1.79,0.653,0.0303,medium
8739626d8ffffff,0.00666,0.0111,0.0348,0.218,0.467,0.557,1.93,2.26,2.63,1.63,0.598,0.0278,medium
8739626d9ffffff,0.00578,0.00965,0.0302,0.188,0.405,0.482,1.67,1.96,2.27,1.41,0.519,0.0241,medium
8739626daffffff,0.00542,0.00905,0.0283,0.177,0.381,0.453,1.57,1.85,2.15,1.33,0.487,0.0226,medium
8739626dbffffff,0.0052,0.00868,0.0272,0.17,0.365,0.435,1.51,1.78,2.06,1.28,0.467,0.0217,medium
8739626dcffffff,0.00613,0.0102,0.032,0.198,0.424,0.503,1.73,2.03,2.36,1.47,0.549,0.0256,medium
8739626ddffffff,0.00576,0.00961,0.03,0.185,0.395,0.469,1.6,1.88,2.19,1.37,0.515,0.024,medium
8739626deffffff,0.00569,0.0095,0.0297,0.186,0.399,0.476,1.65,1.94,2.25,1.4,0.511,0.0237,medium
8739626e0ffffff,0.00555,0.00927,0.029,0.178,0.379,0.449,1.52,1.79,2.08,1.31,0.496,0.0231,medium
8739626e1ffffff,0.00464,0.00774,0.0242,0.149,0.315,0.372,1.26,1.48,1.73,1.09,0.414,0.0193,medium
8739626e2ffffff,0.0058,0.00969,0.0303,0.186,0.396,0.47,1.6,1.88,2.18,1.37,0.518,0.0242,medium
8739626e3ffffff,0.00491,0.00821,0.0256,0.158,0.336,0.398,1.36,1.59,1.85,1.16,0.439,0.0205,medium
8739626e4ffffff,0.00513,0.00856,0.0267,0.164,0.345,0.402,1.34,1.57,1.86,1.19,0.458,0.0214,medium
8739626e5ffffff,0.00516,0.00862,0.0269,0.165,0.346,0.402,1.33,1.56,1.85,1.2,0.461,0.0215,medium
8739626e6ffffff,0.00735,0.0123,0.0383,0.236,0.503,0.596,2.04,2.38,2.77,1.74,0.655,0.0306,medium
8739626e8ffffff,0.00444,0.00742,0.0232,0.142,0.303,0.358,1.22,1.43,1.67,1.05,0.397,0.0185,medium
8739626e9ffffff,0.00491,0.0082,0.0256,0.157,0.333,0.391,1.32,1.56,1.81,1.15,0.439,0.0205,medium
8739626eaffffff,0.00429,0.00716,0.0224,0.138,0.293,0.348,1.19,1.4,1.62,1.02,0.384,0.0179,medium
8739626ebffffff,0.00433,0.00723,0.0226,0.138,0.294,0.345,1.17,1.38,1.6,1.02,0.387,0.0181,medium
8739626ecffffff,0.0053,0.00884,0.0276,0.169,0.358,0.419,1.4,1.65,1.94,1.24,0.473,0.0221,medium
8739626edffffff,0.00529,0.00884,0.0276,0.169,0.355,0.411,1.36,1.6,1.89,1.23,0.472,0.0221,medium
8739626eeffffff,0.00441,0.00736,0.023,0.141,0.301,0.357,1.22,1.43,1.67,1.04,0.394,0.0184,medium
8739626f0ffffff,0.00902,0.0151,0.047,0.29,0.617,0.731,2.5,2.91,3.39,2.13,0.802,0.0376,medium
8739626f1ffffff,0.00635,0.0106,0.0331,0.204,0.434,0.515,1.76,2.06,2.4,1.5,0.567,0.0265,medium
8739626f2ffffff,0.055,0.0917,0.284,1.64,3.28,3.79,10.1,11.3,12.5,9.01,3.93,0.226,high
8739626f3ffffff,0.00965,0.0161,0.0504,0.31,0.66,0.782,2.67,3.11,3.62,2.27,0.858,0.0402,medium
8739626f4ffffff,0.00811,0.0135,0.0423,0.261,0.555,0.658,2.25,2.62,3.06,1.92,0.722,0.0338,low
8739626f5ffffff,0.00734,0.0123,0.0383,0.236,0.503,0.596,2.05,2.38,2.78,1.74,0.655,0.0306,medium
8739626f6ffffff,0.00982,0.0164,0.0512,0.316,0.671,0.795,2.71,3.15,3.67,2.31,0.872,0.0409,low
873962700ffffff,0.00897,0.015,0.0468,0.285,0.596,0.685,2.21,2.59,3.1,2.05,0.795,0.0374,medium
873962701ffffff,0.00626,0.0105,0.0326,0.199,0.416,0.477,1.55,1.82,2.17,1.44,0.557,0.0261,medium
873962702ffffff,0.00699,0.0117,0.0364,0.222,0.466,0.537,1.74,2.04,2.45,1.61,0.621,0.0291,medium
873962703ffffff,0.00772,0.0129,0.0402,0.245,0.512,0.587,1.9,2.22,2.66,1.77,0.685,0.0322,medium
873962704ffffff,0.00669,0.0112,0.0349,0.213,0.447,0.515,1.68,1.96,2.36,1.55,0.596,0.0279,medium
873962705ffffff,0.0055,0.00918,0.0287,0.175,0.366,0.421,1.36,1.6,1.92,1.27,0.49,0.0229,low
873962706ffffff,0.00846,0.0141,0.0441,0.269,0.564,0.65,2.11,2.47,2.96,1.95,0.751,0.0353,medium
873962708ffffff,0.00543,0.00906,0.0283,0.173,0.361,0.414,1.34,1.58,1.89,1.25,0.483,0.0226,medium
873962709ffffff,0.00442,0.00738,0.0231,0.141,0.295,0.341,1.11,1.31,1.56,1.02,0.395,0.0184,medium
87396270affffff,0.00577,0.00964,0.0301,0.184,0.383,0.44,1.43,1.68,2.01,1.33,0.514,0.0241,medium
87396270bffffff,0.00499,0.00833,0.026,0.159,0.332,0.381,1.24,1.46,1.74,1.15,0.445,0.0208,medium
87396270cffffff,0.00429,0.00717,0.0224,0.137,0.286,0.328,1.07,1.26,1.5,0.995,0.383,0.0179,medium
87396270dffffff,0.00502,0.00838,0.0262,0.16,0.334,0.383,1.24,1.46,1.75,1.16,0.447,0.0209,medium
87396270effffff,0.00662,0.0111,0.0345,0.211,0.44,0.505,1.63,1.92,2.29,1.52,0.589,0.0276,medium
873962710ffffff,0.0113,0.0189,0.0589,0.359,0.752,0.866,2.79,3.26,3.91,2.58,0.999,0.0471,medium
873962711ffffff,0.00908,0.0152,0.0473,0.289,0.605,0.697,2.26,2.64,3.17,2.08,0.804,0.0378,medium
873962712ffffff,0.00647,0.0108,0.0337,0.206,0.432,0.498,1.62,1.9,2.28,1.5,0.576,0.027,medium
873962713ffffff,0.00815,0.0136,0.0425,0.259,0.543,0.627,2.03,2.37,2.85,1.87,0.724,0.034,medium
873962714ffffff,0.0121,0.0201,0.0628,0.383,0.802,0.924,2.98,3.47,4.17,2.75,1.07,0.0502,medium
873962715ffffff,0.00907,0.0151,0.0473,0.289,0.604,0.697,2.26,2.63,3.17,2.08,0.804,0.0378,medium
873962716ffffff,0.00937,0.0156,0.0488,0.298,0.624,0.719,2.32,2.71,3.26,2.14,0.829,0.039,medium
873962718ffffff,0.00589,0.00984,0.0307,0.187,0.392,0.45,1.46,1.71,2.05,1.36,0.525,0.0246,medium
873962719ffffff,0.00663,0.0111,0.0346,0.211,0.44,0.505,1.64,1.92,2.3,1.52,0.589,0.0276,medium
87396271affffff,0.00645,0.0108,0.0337,0.206,0.43,0.496,1.63,1.91,2.28,1.49,0.574,0.0269,medium
87396271bffffff,0.00627,0.0105,0.0327,0.2,0.418,0.482,1.58,1.85,2.21,1.45,0.558,0.0261,medium
87396271cffffff,0.00597,0.00997,0.0311,0.19,0.397,0.456,1.48,1.74,2.08,1.38,0.532,0.0249,medium
87396271dffffff,0.00737,0.0123,0.0384,0.234,0.489,0.561,1.81,2.13,2.54,1.69,0.654,0.0307,medium
87396271effffff,0.00883,0.0147,0.046,0.281,0.587,0.675,2.18,2.55,3.06,2.02,0.783,0.0368,medium
873962720ffffff,0.00606,0.0101,0.0316,0.192,0.4,0.458,1.46,1.71,2.03,1.38,0.537,0.0252,low
873962721ffffff,0.00421,0.00702,0.0219,0.134,0.28,0.324,1.04,1.22,1.45,0.973,0.375,0.0175,low
873962722ffffff,0.00534,0.00891,0.0278,0.17,0.354,0.406,1.3,1.53,1.82,1.23,0.476,0.0222,medium
873962723ffffff,0.00588,0.00981,0.0306,0.187,0.389,0.448,1.44,1.68,2,1.35,0.523,0.0245,low
873962724ffffff,0.00443,0.0074,0.0231,0.141,0.294,0.337,1.08,1.27,1.51,1.02,0.395,0.0185,low
873962725ffffff,0.00411,0.00686,0.0214,0.131,0.272,0.312,1,1.17,1.4,0.947,0.366,0.0171,low
873962726ffffff,0.00418,0.00697,0.0218,0.133,0.277,0.317,1.02,1.19,1.42,0.962,0.372,0.0174,low
873962728ffffff,0.00473,0.00789,0.0247,0.15,0.315,0.366,1.18,1.38,1.63,1.09,0.422,0.0197,low
873962729ffffff,0.00384,0.00642,0.02,0.122,0.256,0.298,0.958,1.13,1.33,0.89,0.343,0.016,low
87396272affffff,0.0044,0.00735,0.023,0.14,0.293,0.338,1.1,1.29,1.54,1.02,0.393,0.0183,low
87396272bffffff,0.00448,0.00748,0.0234,0.143,0.298,0.345,1.11,1.31,1.56,1.04,0.4,0.0187,medium
87396272cffffff,0.00375,0.00626,0.0196,0.119,0.25,0.291,0.937,1.1,1.3,0.87,0.335,0.0156,low
87396272dffffff,0.004,0.00668,0.0209,0.127,0.266,0.31,0.998,1.17,1.39,0.926,0.357,0.0167,low
87396272effffff,0.00471,0.00786,0.0245,0.15,0.313,0.365,1.17,1.38,1.63,1.09,0.42,0.0196,low
873962730ffffff,0.00842,0.0141,0.0439,0.268,0.561,0.647,2.1,2.45,2.95,1.94,0.748,0.0351,medium
873962731ffffff,0.00765,0.0128,0.0399,0.243,0.51,0.588,1.91,2.23,2.68,1.76,0.679,0.0319,medium
873962732ffffff,0.0364,0.0607,0.189,1.12,2.3,2.63,7.6,8.68,10.1,7.12,2.94,0.151,high
873962733ffffff,0.0096,0.016,0.0501,0.306,0.64,0.738,2.39,2.79,3.35,2.2,0.852,0.04,medium
873962734ffffff,0.00725,0.0121,0.0378,0.23,0.481,0.552,1.77,2.07,2.47,1.66,0.644,0.0302,medium
873962735ffffff,0.00752,0.0125,0.0392,0.238,0.497,0.569,1.81,2.12,2.52,1.71,0.665,0.0313,low
873962736ffffff,0.00931,0.0155,0.0485,0.296,0.623,0.721,2.34,2.73,3.29,2.14,0.825,0.0388,medium
873962740ffffff,0.00329,0.0055,0.0172,0.105,0.221,0.259,0.845,0.996,1.18,0.767,0.294,0.0137,low
873962741ffffff,0.00298,0.00498,0.0155,0.095,0.201,0.239,0.776,0.915,1.07,0.695,0.267,0.0124,low
873962742ffffff,0.00306,0.00511,0.016,0.0975,0.205,0.238,0.78,0.919,1.09,0.712,0.273,0.0128,low
873962743ffffff,0.00318,0.00532,0.0166,0.101,0.214,0.252,0.825,0.972,1.15,0.741,0.284,0.0133,low
873962744ffffff,0.00276,0.00461,0.0144,0.0879,0.185,0.22,0.711,0.838,0.983,0.644,0.247,0.0115,low
873962745ffffff,0.00356,0.00594,0.0185,0.113,0.238,0.285,0.901,1.06,1.23,0.81,0.314,0.0148,low
873962746ffffff,0.00298,0.00498,0.0156,0.0951,0.2,0.233,0.762,0.897,1.07,0.695,0.267,0.0124,low
873962748ffffff,0.00641,0.0107,0.0334,0.202,0.424,0.498,1.56,1.82,2.12,1.41,0.554,0.0267,medium
873962749ffffff,0.00675,0.0113,0.0352,0.213,0.447,0.526,1.65,1.93,2.25,1.5,0.588,0.0281,medium
87396274affffff,0.00295,0.00492,0.0154,0.0941,0.199,0.234,0.766,0.904,1.07,0.689,0.264,0.0123,medium
87396274bffffff,0.00349,0.00583,0.0182,0.111,0.235,0.277,0.905,1.07,1.26,0.814,0.312,0.0146,medium
87396274cffffff,0.0035,0.00584,0.0182,0.111,0.235,0.281,0.902,1.06,1.24,0.809,0.311,0.0146,low
87396274dffffff,0.0042,0.00702,0.0219,0.134,0.283,0.339,1.09,1.28,1.49,0.974,0.374,0.0175,low
87396274effffff,0.00297,0.00496,0.0155,0.0947,0.2,0.236,0.77,0.908,1.07,0.692,0.265,0.0124,low
873962750ffffff,0.00302,0.00505,0.0158,0.0964,0.202,0.236,0.772,0.909,1.08,0.704,0.27,0.0126,low
873962751ffffff,0.00338,0.00564,0.0176,0.108,0.226,0.263,0.861,1.01,1.21,0.786,0.302,0.0141,medium
873962752ffffff,0.00436,0.00728,0.0227,0.139,0.291,0.339,1.11,1.31,1.55,1.01,0.389,0.0182,medium
873962753ffffff,0.00403,0.00673,0.021,0.128,0.269,0.314,1.02,1.21,1.44,0.936,0.36,0.0168,medium
873962754ffffff,0.00386,0.00645,0.0201,0.123,0.258,0.3,0.981,1.16,1.37,0.896,0.345,0.0161,medium
873962755ffffff,0.00363,0.00605,0.0189,0.116,0.242,0.282,0.923,1.09,1.29,0.843,0.324,0.0151,low
873962756ffffff,0.00391,0.00653,0.0204,0.125,0.262,0.305,0.996,1.17,1.39,0.909,0.349,0.0163,medium
873962758ffffff,0.0032,0.00534,0.0167,0.102,0.215,0.254,0.83,0.979,1.16,0.746,0.286,0.0133,medium
873962759ffffff,0.00292,0.00487,0.0152,0.0931,0.196,0.232,0.759,0.895,1.06,0.681,0.261,0.0122,medium
87396275affffff,0.00388,0.00647,0.0202,0.123,0.26,0.307,1,1.18,1.39,0.899,0.345,0.0162,medium
87396275bffffff,0.00488,0.00815,0.0254,0.155,0.326,0.383,1.23,1.44,1.69,1.11,0.43,0.0203,low
87396275cffffff,0.00316,0.00527,0.0165,0.101,0.212,0.248,0.812,0.957,1.13,0.736,0.282,0.0132,medium
87396275dffffff,0.00436,0.00727,0.0227,0.138,0.291,0.342,1.09,1.28,1.5,0.986,0.383,0.0181,medium
87396275effffff,0.00314,0.00524,0.0164,0.1,0.21,0.245,0.804,0.947,1.12,0.731,0.281,0.0131,medium
873962760ffffff,0.00233,0.00389,0.0121,0.0742,0.156,0.186,0.601,0.708,0.83,0.544,0.209,0.00971,low
873962761ffffff,0.00209,0.00349,0.0109,0.0667,0.141,0.168,0.543,0.642,0.75,0.489,0.187,0.00872,low
873962762ffffff,0.00265,0.00443,0.0138,0.0845,0.178,0.212,0.683,0.806,0.944,0.618,0.237,0.0111,low
873962763ffffff,0.00261,0.00435,0.0136,0.0831,0.175,0.208,0.672,0.792,0.928,0.608,0.233,0.0109,low
873962764ffffff,0.00235,0.00393,0.0123,0.0749,0.158,0.188,0.606,0.715,0.838,0.549,0.21,0.0098,low
873962765ffffff,0.00243,0.00407,0.0127,0.0776,0.163,0.194,0.628,0.74,0.868,0.568,0.218,0.0102,low
873962766ffffff,0.00281,0.00469,0.0146,0.0894,0.188,0.224,0.722,0.851,0.998,0.654,0.251,0.0117,low
873962768ffffff,0.00228,0.0038,0.0119,0.0726,0.154,0.185,0.595,0.703,0.819,0.532,0.204,0.0095,low
873962769ffffff,0.00237,0.00395,0.0123,0.0754,0.159,0.192,0.618,0.73,0.851,0.553,0.212,0.00986,low
87396276affffff,0.00253,0.00423,0.0132,0.0807,0.171,0.205,0.661,0.781,0.909,0.591,0.226,0.0106,low
87396276bffffff,0.003,0.00501,0.0157,0.0956,0.202,0.243,0.78,0.921,1.07,0.698,0.268,0.0125,low
87396276cffffff,0.00258,0.0043,0.0134,0.0821,0.174,0.209,0.672,0.795,0.926,0.601,0.23,0.0107,low
87396276dffffff,0.00242,0.00405,0.0126,0.0773,0.163,0.197,0.633,0.749,0.872,0.566,0.217,0.0101,low
87396276effffff,0.00245,0.00409,0.0128,0.078,0.165,0.198,0.639,0.755,0.879,0.572,0.219,0.0102,low
873962770ffffff,0.00314,0.00524,0.0164,0.0999,0.21,0.249,0.805,0.949,1.12,0.73,0.28,0.0131,low
873962771ffffff,0.00303,0.00507,0.0158,0.0966,0.203,0.241,0.78,0.919,1.08,0.707,0.271,0.0126,low
873962772ffffff,0.00378,0.00632,0.0197,0.121,0.253,0.295,0.963,1.13,1.35,0.879,0.338,0.0158,low
873962773ffffff,0.00366,0.00612,0.0191,0.117,0.245,0.285,0.933,1.1,1.31,0.851,0.327,0.0153,low
873962774ffffff,0.00295,0.00492,0.0154,0.0939,0.197,0.234,0.754,0.888,1.04,0.686,0.264,0.0123,low
873962775ffffff,0.00267,0.00446,0.0139,0.0851,0.179,0.213,0.688,0.811,0.951,0.623,0.239,0.0111,low
873962776ffffff,0.00432,0.00721,0.0225,0.137,0.288,0.335,1.08,1.27,1.51,0.999,0.385,0.018,low
873962780ffffff,0.00977,0.0163,0.0509,0.312,0.657,0.762,2.52,2.93,3.52,2.26,0.865,0.0407,low
873962781ffffff,0.00668,0.0112,0.0348,0.214,0.45,0.522,1.74,2.03,2.44,1.56,0.595,0.0278,low
873962782ffffff,0.00721,0.012,0.0376,0.231,0.486,0.564,1.88,2.19,2.64,1.68,0.642,0.0301,low
873962783ffffff,0.0115,0.0193,0.0601,0.364,0.761,0.879,2.79,3.21,3.82,2.51,0.988,0.048,low
873962784ffffff,0.0102,0.017,0.053,0.325,0.683,0.793,2.63,3.05,3.66,2.35,0.901,0.0424,medium
873962785ffffff,0.00854,0.0143,0.0445,0.273,0.575,0.667,2.22,2.58,3.1,1.98,0.759,0.0356,medium
873962786ffffff,0.00935,0.0156,0.0487,0.299,0.631,0.734,2.44,2.83,3.41,2.18,0.829,0.0389,medium
873962788ffffff,0.00742,0.0124,0.0387,0.237,0.498,0.576,1.91,2.22,2.66,1.72,0.659,0.0309,low
873962789ffffff,0.0069,0.0115,0.036,0.22,0.461,0.533,1.76,2.06,2.46,1.59,0.614,0.0288,low
87396278affffff,0.0082,0.0137,0.0428,0.263,0.554,0.647,2.18,2.53,3.01,1.92,0.728,0.0342,low
87396278bffffff,0.00676,0.0113,0.0353,0.216,0.455,0.53,1.77,2.07,2.45,1.57,0.602,0.0282,low
87396278cffffff,0.00895,0.0149,0.0467,0.286,0.602,0.698,2.32,2.69,3.23,2.07,0.794,0.0373,low
87396278dffffff,0.00686,0.0115,0.0358,0.219,0.459,0.53,1.75,2.05,2.45,1.59,0.61,0.0286,low
87396278effffff,0.00643,0.0107,0.0335,0.206,0.433,0.503,1.68,1.95,2.35,1.5,0.573,0.0268,low
873962790ffffff,0.00672,0.0112,0.0351,0.218,0.459,0.537,1.85,2.14,2.55,1.61,0.601,0.028,medium
873962791ffffff,0.00717,0.012,0.0374,0.231,0.487,0.572,1.96,2.27,2.69,1.7,0.639,0.0299,low
873962792ffffff,0.00839,0.014,0.0438,0.271,0.571,0.667,2.27,2.62,3.11,1.98,0.744,0.035,medium
873962793ffffff,0.0142,0.0237,0.0739,0.45,0.936,1.09,3.44,3.91,4.57,3.04,1.19,0.059,high
873962794ffffff,0.0079,0.0132,0.0412,0.254,0.538,0.628,2.11,2.45,2.95,1.86,0.702,0.0329,medium
873962795ffffff,0.00802,0.0134,0.0418,0.258,0.546,0.637,2.14,2.48,2.99,1.89,0.714,0.0334,medium
873962796ffffff,0.0136,0.0228,0.071,0.435,0.909,1.06,3.43,3.92,4.62,3.02,1.17,0.0567,medium
873962798ffffff,0.00751,0.0125,0.0392,0.242,0.511,0.6,2.05,2.38,2.81,1.78,0.669,0.0313,medium
873962799ffffff,0.00714,0.0119,0.0373,0.23,0.486,0.571,1.96,2.27,2.69,1.69,0.637,0.0298,medium
87396279affffff,0.00621,0.0104,0.0324,0.2,0.423,0.497,1.71,1.98,2.34,1.47,0.555,0.0259,medium
87396279bffffff,0.00841,0.014,0.0439,0.271,0.571,0.671,2.29,2.65,3.13,1.98,0.748,0.035,medium
87396279cffffff,0.00748,0.0125,0.039,0.241,0.507,0.596,2.03,2.35,2.79,1.76,0.665,0.0312,low
87396279dffffff,0.00687,0.0115,0.0358,0.221,0.466,0.545,1.85,2.14,2.56,1.62,0.613,0.0286,low
87396279effffff,0.0068,0.0114,0.0355,0.219,0.462,0.544,1.86,2.16,2.56,1.61,0.607,0.0283,medium
8739627a0ffffff,0.00911,0.0152,0.0475,0.291,0.615,0.714,2.38,2.76,3.32,2.12,0.809,0.038,medium
8739627a1ffffff,0.008,0.0134,0.0417,0.256,0.538,0.624,2.08,2.41,2.91,1.86,0.712,0.0333,medium
8739627a2ffffff,0.0107,0.0179,0.056,0.344,0.728,0.848,2.82,3.27,3.95,2.51,0.952,0.0447,medium
8739627a3ffffff,0.00901,0.015,0.047,0.288,0.606,0.704,2.34,2.72,3.27,2.09,0.8,0.0375,medium
8739627a4ffffff,0.0113,0.0189,0.059,0.362,0.763,0.889,2.9,3.36,4.07,2.62,1,0.0472,medium
8739627a5ffffff,0.00812,0.0136,0.0423,0.258,0.542,0.625,2.03,2.38,2.86,1.87,0.721,0.0338,medium
8739627a6ffffff,0.0119,0.0198,0.0618,0.381,0.806,0.94,3.13,3.62,4.37,2.77,1.05,0.0494,medium
8739627a8ffffff,0.00676,0.0113,0.0352,0.216,0.456,0.529,1.77,2.05,2.47,1.58,0.602,0.0282,medium
8739627a9ffffff,0.00769,0.0128,0.0401,0.245,0.515,0.596,1.97,2.3,2.75,1.78,0.683,0.0321,medium
8739627aaffffff,0.00716,0.012,0.0373,0.229,0.482,0.56,1.87,2.17,2.61,1.67,0.637,0.0298,low
8739627abffffff,0.00785,0.0131,0.0409,0.25,0.527,0.61,2.03,2.36,2.83,1.82,0.697,0.0327,low
8739627acffffff,0.00738,0.0123,0.0385,0.236,0.497,0.576,1.91,2.22,2.67,1.72,0.657,0.0308,medium
8739627adffffff,0.00636,0.0106,0.0332,0.203,0.428,0.496,1.64,1.91,2.31,1.48,0.567,0.0265,medium
8739627aeffffff,0.0081,0.0135,0.0422,0.259,0.545,0.633,2.11,2.44,2.94,1.88,0.72,0.0338,medium
8739627b0ffffff,0.015,0.025,0.0782,0.481,1.02,1.19,3.92,4.53,5.45,3.48,1.32,0.0625,medium
8739627b1ffffff,0.0109,0.0181,0.0566,0.349,0.738,0.862,2.87,3.32,4.01,2.54,0.963,0.0453,medium
8739627b2ffffff,0.0108,0.0181,0.0564,0.348,0.735,0.858,2.86,3.32,4,2.54,0.959,0.0451,high
8739627b3ffffff,0.00963,0.0161,0.0502,0.31,0.655,0.765,2.56,2.97,3.58,2.27,0.856,0.0401,medium
8739627b4ffffff,0.0173,0.0289,0.0904,0.555,1.17,1.37,4.47,5.15,6.19,3.97,1.52,0.0722,high
8739627b5ffffff,0.0145,0.0241,0.0754,0.464,0.98,1.14,3.78,4.37,5.26,3.35,1.27,0.0602,medium
8739627b6ffffff,0.0157,0.0263,0.0821,0.505,1.07,1.24,4.1,4.74,5.7,3.64,1.39,0.0656,medium
873962882ffffff,0.00116,0.00193,0.00604,0.0368,0.0766,0.0893,0.277,0.333,0.389,0.269,0.104,0.00483,low
873962890ffffff,9.52e-4,0.00159,0.00497,0.0303,0.0631,0.074,0.23,0.276,0.321,0.221,0.0854,0.00397,low
873962891ffffff,0.00119,0.00198,0.0062,0.0378,0.0788,0.0924,0.286,0.345,0.401,0.276,0.107,0.00495,low
873962892ffffff,0.00111,0.0018600000000000001,0.00581,0.0355,0.0739,0.0867,0.269,0.323,0.376,0.259,0.0999,0.00465,low
873962893ffffff,0.00126,0.00211,0.00659,0.0402,0.0838,0.0982,0.304,0.366,0.426,0.293,0.113,0.00527,low
873962894ffffff,9.05e-4,0.00151,0.00472,0.0288,0.06,0.0704,0.218,0.263,0.306,0.21,0.0811,0.00377,low
873962895ffffff,9.92e-4,0.00166,0.00517,0.0316,0.0658,0.0772,0.239,0.288,0.335,0.231,0.0889,0.00414,low
873962896ffffff,0.00112,0.0018600000000000001,0.00582,0.0355,0.074,0.0868,0.269,0.324,0.377,0.259,0.1,0.00466,low
873962898ffffff,0.00144,0.00241,0.00752,0.0459,0.0951,0.109,0.338,0.407,0.48,0.334,0.129,0.00601,low
873962899ffffff,0.00141,0.00235,0.00733,0.0447,0.0927,0.106,0.33,0.397,0.469,0.326,0.126,0.00586,low
87396289affffff,0.00123,0.00206,0.00642,0.0392,0.0813,0.0932,0.289,0.348,0.411,0.286,0.11,0.00513,low
87396289bffffff,0.00135,0.00226,0.00704,0.043,0.0891,0.102,0.317,0.382,0.451,0.313,0.121,0.00563,low
87396289cffffff,0.00136,0.00227,0.00708,0.0432,0.0896,0.103,0.319,0.384,0.453,0.315,0.122,0.00566,low
87396289dffffff,0.00153,0.00256,0.008,0.0488,0.101,0.116,0.36,0.433,0.511,0.355,0.137,0.00639,low
87396289effffff,0.00125,0.00209,0.00654,0.0399,0.0829,0.0959,0.297,0.358,0.42,0.291,0.112,0.00522,low
8739628b2ffffff,0.00104,0.00174,0.00543,0.0331,0.069,0.0809,0.251,0.302,0.351,0.242,0.0933,0.00434,low
8739628b3ffffff,0.00105,0.00175,0.00547,0.0334,0.0695,0.0815,0.253,0.304,0.354,0.243,0.094,0.00437,low
873962a90ffffff,0.00205,0.00342,0.0107,0.0651,0.135,0.151,0.472,0.562,0.677,0.473,0.183,0.00853,low
873962a91ffffff,0.00199,0.00333,0.0104,0.0634,0.131,0.147,0.46,0.547,0.659,0.461,0.178,0.00831,low
873962a92ffffff,0.00209,0.00348,0.0109,0.0664,0.137,0.154,0.482,0.573,0.691,0.483,0.187,0.0087,low
873962a93ffffff,0.0018,0.003,0.00937,0.0572,0.118,0.133,0.415,0.494,0.595,0.416,0.161,0.00749,low
873962a96ffffff,0.00179,0.00299,0.00933,0.0569,0.118,0.132,0.413,0.491,0.592,0.414,0.16,0.00746,low
873962a9affffff,0.00175,0.00292,0.00911,0.0556,0.115,0.128,0.401,0.477,0.577,0.404,0.156,0.00728,low
873962a9effffff,0.00256,0.00428,0.0134,0.0816,0.169,0.188,0.588,0.7,0.845,0.592,0.229,0.0107,low
873962c09ffffff,0.0016,0.00267,0.00835,0.0509,0.106,0.12,0.376,0.448,0.535,0.371,0.143,0.00667,low
873962c0dffffff,0.00146,0.00244,0.00761,0.0464,0.0962,0.11,0.342,0.408,0.487,0.338,0.131,0.00608,low
873962c40ffffff,0.00264,0.00441,0.0138,0.0839,0.174,0.196,0.606,0.72,0.862,0.603,0.235,0.011,low
873962c41ffffff,0.00243,0.00405,0.0126,0.0771,0.159,0.18,0.559,0.665,0.797,0.557,0.216,0.0101,low
873962c42ffffff,0.00173,0.0029,0.00905,0.0552,0.114,0.129,0.404,0.481,0.578,0.402,0.155,0.00723,low
873962c43ffffff,0.0014,0.00234,0.0073,0.0445,0.0923,0.104,0.326,0.388,0.467,0.324,0.125,0.00584,low
873962c44ffffff,0.00136,0.00227,0.00711,0.0434,0.0898,0.101,0.317,0.378,0.454,0.316,0.122,0.00568,low
873962c45ffffff,0.00225,0.00375,0.0117,0.0714,0.148,0.167,0.518,0.617,0.739,0.516,0.2,0.00937,low
873962c46ffffff,0.00187,0.00312,0.00974,0.0595,0.123,0.139,0.436,0.519,0.622,0.433,0.167,0.00779,low
873962c48ffffff,0.00125,0.00209,0.00653,0.0398,0.0824,0.0916,0.287,0.343,0.415,0.29,0.112,0.00522,low
873962c49ffffff,0.00126,0.00211,0.00659,0.0402,0.0831,0.0922,0.289,0.345,0.419,0.293,0.113,0.00527,low
873962c4affffff,0.0015,0.0025,0.00781,0.0477,0.0987,0.111,0.346,0.413,0.498,0.347,0.134,0.00625,low
873962c4bffffff,0.00138,0.0023,0.00718,0.0438,0.0906,0.1,0.315,0.376,0.456,0.319,0.123,0.00574,low
873962c4cffffff,0.00155,0.00259,0.0081,0.0494,0.102,0.115,0.36,0.428,0.515,0.359,0.139,0.00647,low
873962c4dffffff,0.00166,0.00277,0.00866,0.0528,0.109,0.121,0.379,0.452,0.548,0.384,0.149,0.00692,low
873962c4effffff,0.00143,0.00239,0.00747,0.0456,0.0944,0.107,0.333,0.397,0.477,0.332,0.128,0.00597,low
873962c50ffffff,0.00172,0.00287,0.00897,0.0547,0.113,0.128,0.401,0.477,0.573,0.398,0.154,0.00717,low
873962c51ffffff,0.00128,0.00213,0.00667,0.0407,0.0843,0.095,0.298,0.354,0.426,0.296,0.115,0.00533,low
873962c52ffffff,0.00139,0.00232,0.00725,0.0442,0.0914,0.101,0.318,0.377,0.46,0.322,0.124,0.00579,low
873962c53ffffff,0.00163,0.00272,0.00848,0.0517,0.107,0.118,0.371,0.44,0.538,0.377,0.146,0.00678,low
873962c54ffffff,0.00169,0.00281,0.00879,0.0536,0.111,0.127,0.396,0.471,0.563,0.391,0.151,0.00703,low
873962c55ffffff,0.00191,0.00319,0.00998,0.0609,0.126,0.143,0.448,0.533,0.638,0.443,0.171,0.00798,low
873962c56ffffff,0.00135,0.00225,0.00702,0.0429,0.0888,0.1,0.314,0.374,0.449,0.312,0.121,0.00562,low
873962c58ffffff,0.0018,0.003,0.00938,0.0572,0.118,0.13,0.41,0.488,0.595,0.416,0.161,0.0075,low
873962c59ffffff,0.00176,0.00294,0.00917,0.056,0.116,0.128,0.402,0.478,0.582,0.407,0.158,0.00733,low
873962c5affffff,0.00157,0.00263,0.00821,0.0501,0.104,0.114,0.358,0.425,0.52,0.365,0.141,0.00656,low
873962c5bffffff,0.00168,0.0028,0.00875,0.0534,0.11,0.121,0.381,0.453,0.554,0.388,0.15,0.00699,low
873962c5cffffff,0.00156,0.0026,0.00811,0.0495,0.103,0.116,0.362,0.431,0.518,0.36,0.139,0.00649,low
873962c5dffffff,0.00198,0.00331,0.0104,0.0632,0.131,0.148,0.462,0.55,0.66,0.459,0.178,0.00827,low
873962c5effffff,0.00179,0.00298,0.00932,0.0569,0.118,0.129,0.407,0.483,0.591,0.414,0.16,0.00745,low
873962c60ffffff,0.00113,0.00189,0.00591,0.0361,0.0751,0.0874,0.271,0.326,0.382,0.263,0.102,0.00472,low
873962c61ffffff,0.00127,0.00213,0.00664,0.0405,0.0843,0.0982,0.305,0.366,0.428,0.295,0.114,0.00531,low
873962c62ffffff,0.00145,0.00242,0.00755,0.046,0.0953,0.108,0.336,0.4,0.478,0.333,0.129,0.00603,low
873962c63ffffff,0.00125,0.00208,0.00651,0.0397,0.0823,0.0929,0.291,0.346,0.416,0.289,0.112,0.0052,low
873962c64ffffff,0.00122,0.00204,0.00637,0.0389,0.0812,0.0961,0.298,0.359,0.414,0.284,0.109,0.00509,low
873962c65ffffff,0.00164,0.00274,0.00856,0.0522,0.109,0.128,0.395,0.476,0.553,0.381,0.147,0.00684,low
873962c66ffffff,0.00118,0.00198,0.00617,0.0377,0.0785,0.0918,0.286,0.342,0.4,0.275,0.106,0.00493,low
873962c68ffffff,0.0016,0.00267,0.00833,0.0508,0.105,0.12,0.374,0.447,0.533,0.37,0.143,0.00666,low
873962c69ffffff,0.00167,0.0028,0.00873,0.0533,0.11,0.124,0.386,0.462,0.555,0.388,0.15,0.00698,low
873962c6affffff,0.00129,0.00216,0.00675,0.0412,0.0853,0.0963,0.301,0.359,0.432,0.3,0.116,0.0054,low
873962c6bffffff,0.0014,0.00234,0.0073,0.0445,0.0921,0.103,0.323,0.386,0.465,0.324,0.125,0.00583,low
873962c6cffffff,0.00134,0.00224,0.007,0.0427,0.089,0.104,0.323,0.389,0.452,0.311,0.12,0.00559,low
873962c6dffffff,0.00151,0.00252,0.00787,0.048,0.1,0.117,0.362,0.436,0.508,0.35,0.135,0.00629,low
873962c6effffff,0.0013,0.00218,0.0068,0.0415,0.086,0.097,0.304,0.362,0.435,0.302,0.117,0.00544,low
873962c70ffffff,0.0012,0.002,0.00624,0.0381,0.079,0.0899,0.281,0.335,0.4,0.278,0.107,0.00499,low
873962c71ffffff,0.00133,0.00223,0.00696,0.0424,0.088,0.1,0.313,0.373,0.446,0.309,0.12,0.00556,low
873962c72ffffff,0.00138,0.0023,0.00718,0.0438,0.0909,0.103,0.323,0.385,0.46,0.319,0.123,0.00574,low
873962c73ffffff,0.00132,0.0022,0.00687,0.0419,0.087,0.099,0.31,0.369,0.441,0.306,0.118,0.00549,low
873962c74ffffff,0.00119,0.00198,0.00619,0.0378,0.0784,0.0892,0.279,0.333,0.397,0.276,0.106,0.00495,low
873962c75ffffff,0.00156,0.00261,0.00815,0.0497,0.103,0.117,0.365,0.434,0.518,0.36,0.14,0.00651,low
873962c76ffffff,0.00151,0.00251,0.00785,0.0479,0.0993,0.113,0.353,0.421,0.503,0.349,0.135,0.00628,low
873962cc8ffffff,0.00253,0.00422,0.0132,0.0804,0.167,0.186,0.589,0.693,0.842,0.585,0.226,0.0105,low
873962cc9ffffff,0.00242,0.00403,0.0126,0.0769,0.159,0.178,0.562,0.661,0.804,0.559,0.216,0.0101,low
873962ccaffffff,0.00332,0.00554,0.0173,0.105,0.219,0.245,0.775,0.91,1.1,0.766,0.296,0.0138,low
873962ccbffffff,0.00274,0.00458,0.0143,0.0872,0.181,0.203,0.642,0.753,0.915,0.634,0.245,0.0114,low
873962cccffffff,0.00185,0.0031,0.00967,0.059,0.122,0.134,0.422,0.501,0.613,0.429,0.166,0.00773,low
873962ccdffffff,0.00206,0.00345,0.0108,0.0657,0.136,0.149,0.469,0.557,0.681,0.477,0.185,0.00861,low
873962cceffffff,0.00196,0.00328,0.0102,0.0624,0.129,0.145,0.461,0.542,0.657,0.455,0.176,0.00818,low
873962cd8ffffff,0.00216,0.0036,0.0113,0.0687,0.143,0.163,0.517,0.605,0.729,0.5,0.193,0.009,low
873962cd9ffffff,0.00283,0.00473,0.0148,0.0901,0.187,0.209,0.663,0.778,0.944,0.655,0.253,0.0118,low
873962cdaffffff,0.00284,0.00474,0.0148,0.0903,0.188,0.214,0.679,0.794,0.955,0.656,0.254,0.0118,low
873962cdbffffff,0.00269,0.00449,0.014,0.0855,0.177,0.2,0.633,0.742,0.899,0.621,0.24,0.0112,low
873962cddffffff,0.00209,0.00349,0.0109,0.0666,0.138,0.157,0.498,0.583,0.705,0.485,0.187,0.00872,low
873962ce9ffffff,0.00176,0.00293,0.00917,0.0559,0.116,0.127,0.4,0.475,0.581,0.407,0.157,0.00733,low
873962cebffffff,0.00142,0.00237,0.00742,0.0453,0.0935,0.103,0.324,0.385,0.471,0.33,0.127,0.00593,low
873962cecffffff,0.00114,0.00191,0.00595,0.0363,0.0751,0.0827,0.261,0.31,0.378,0.265,0.102,0.00476,low
873962cedffffff,0.00172,0.00288,0.009,0.0549,0.113,0.125,0.392,0.466,0.57,0.399,0.154,0.00719,low
873962d41ffffff,9.52e-4,0.00159,0.00497,0.0303,0.0634,0.0753,0.234,0.281,0.324,0.222,0.0854,0.00397,low
873962d43ffffff,9.45e-4,0.00158,0.00493,0.0301,0.0629,0.0747,0.232,0.279,0.322,0.22,0.0847,0.00394,low
873962d45ffffff,0.00103,0.00172,0.00539,0.0329,0.0687,0.0818,0.254,0.305,0.352,0.24,0.0926,0.0043,low
873962d48ffffff,9.19e-4,0.00153,0.00479,0.0293,0.0612,0.0727,0.226,0.271,0.313,0.214,0.0824,0.00383,low
873962d49ffffff,0.00103,0.00173,0.00539,0.0329,0.0686,0.0805,0.25,0.301,0.349,0.24,0.0927,0.00431,low
873962d4affffff,9.59e-4,0.0016,0.005,0.0305,0.0638,0.0758,0.235,0.283,0.327,0.223,0.086,0.004,low
873962d4bffffff,9.23e-4,0.00154,0.00482,0.0294,0.0613,0.0724,0.225,0.27,0.313,0.215,0.0828,0.00385,low
873962d4cffffff,0.00104,0.00174,0.00544,0.0332,0.0694,0.0824,0.256,0.307,0.355,0.242,0.0934,0.00435,low
873962d4dffffff,9.88e-4,0.00165,0.00515,0.0314,0.0657,0.0778,0.242,0.291,0.336,0.23,0.0886,0.00412,low
873962d4effffff,0.0014,0.00233,0.00729,0.0445,0.0929,0.11,0.342,0.411,0.474,0.324,0.125,0.00583,low
873962d58ffffff,9.85e-4,0.00164,0.00514,0.0314,0.0656,0.0779,0.242,0.291,0.335,0.229,0.0883,0.00411,low
873962d59ffffff,9.92e-4,0.00166,0.00518,0.0316,0.066,0.0785,0.244,0.293,0.338,0.231,0.089,0.00414,low
873962d5affffff,0.0011,0.00184,0.00576,0.0352,0.0732,0.0847,0.264,0.316,0.372,0.257,0.0991,0.00461,low
873962d5bffffff,0.0012,0.00201,0.00628,0.0383,0.0798,0.0929,0.289,0.346,0.406,0.28,0.108,0.00502,low
873962d5cffffff,8.81e-4,0.00147,0.0046,0.0281,0.0587,0.0697,0.216,0.26,0.3,0.205,0.079,0.00367,low
873962d5dffffff,0.00153,0.00255,0.00797,0.0486,0.101,0.121,0.372,0.447,0.515,0.353,0.136,0.00637,low
873962d5effffff,9.4e-4,0.00157,0.0049,0.0299,0.0626,0.0743,0.231,0.278,0.32,0.219,0.0843,0.00392,low
873962d6affffff,9.76e-4,0.00163,0.00509,0.0311,0.0651,0.0782,0.242,0.291,0.334,0.228,0.0875,0.00407,low
873962d6bffffff,8.66e-4,0.00145,0.00452,0.0276,0.0578,0.0694,0.215,0.259,0.297,0.202,0.0777,0.00361,low
873963418ffffff,0.00628,0.0105,0.0328,0.199,0.414,0.473,1.46,1.75,2.08,1.44,0.558,0.0262,low
87396341affffff,0.00921,0.0154,0.048,0.292,0.605,0.691,2.13,2.54,3,2.09,0.815,0.0384,low
87396341bffffff,0.00903,0.0151,0.0471,0.286,0.593,0.678,2.08,2.49,2.95,2.05,0.799,0.0376,low
873963480ffffff,0.007,0.0117,0.0365,0.222,0.465,0.552,1.73,2.06,2.36,1.6,0.621,0.0292,low
873963481ffffff,0.00653,0.0109,0.0341,0.208,0.435,0.516,1.62,1.94,2.23,1.5,0.582,0.0272,low
873963482ffffff,0.00756,0.0126,0.0394,0.24,0.504,0.6,1.89,2.26,2.58,1.73,0.671,0.0315,low
873963483ffffff,0.00821,0.0137,0.0428,0.261,0.546,0.648,2.03,2.42,2.78,1.88,0.729,0.0342,low
873963484ffffff,0.00855,0.0143,0.0446,0.271,0.569,0.672,2.11,2.52,2.89,1.95,0.758,0.0356,low
873963485ffffff,0.00902,0.0151,0.047,0.286,0.596,0.689,2.14,2.55,2.98,2.05,0.799,0.0376,low
873963486ffffff,0.00666,0.0111,0.0348,0.212,0.446,0.534,1.7,2.04,2.3,1.53,0.593,0.0278,low
873963488ffffff,0.0105,0.0175,0.0546,0.33,0.687,0.811,2.46,2.91,3.32,2.28,0.905,0.0437,low
873963489ffffff,0.00832,0.0139,0.0434,0.264,0.554,0.663,2.06,2.46,2.81,1.9,0.738,0.0347,low
87396348affffff,0.00941,0.0157,0.049,0.298,0.625,0.74,2.31,2.76,3.16,2.14,0.833,0.0392,low
87396348bffffff,0.0122,0.0203,0.0633,0.383,0.799,0.952,2.88,3.42,3.88,2.67,1.05,0.0506,low
87396348cffffff,0.00791,0.0132,0.0413,0.251,0.526,0.624,1.95,2.33,2.67,1.81,0.702,0.033,low
87396348dffffff,0.0069,0.0115,0.036,0.219,0.459,0.543,1.7,2.03,2.34,1.58,0.613,0.0287,low
87396348effffff,0.00914,0.0153,0.0477,0.29,0.607,0.72,2.25,2.68,3.07,2.08,0.809,0.0381,low
873963490ffffff,0.0133,0.0222,0.069,0.415,0.864,1.03,3.09,3.65,4.08,2.81,1.12,0.0552,low
873963491ffffff,0.0109,0.0182,0.0567,0.345,0.725,0.866,2.73,3.26,3.69,2.47,0.961,0.0453,low
873963492ffffff,0.00735,0.0123,0.0383,0.234,0.492,0.589,1.88,2.24,2.54,1.69,0.654,0.0306,low
873963493ffffff,0.0071,0.0119,0.037,0.226,0.475,0.569,1.82,2.17,2.46,1.63,0.632,0.0296,low
873963494ffffff,0.0125,0.0209,0.0652,0.397,0.834,0.997,3.15,3.75,4.24,2.84,1.1,0.0521,low
873963495ffffff,0.0118,0.0197,0.0615,0.374,0.787,0.941,2.97,3.54,4,2.68,1.04,0.0491,low
873963496ffffff,0.00763,0.0127,0.0398,0.243,0.511,0.611,1.95,2.33,2.63,1.75,0.678,0.0318,low
873963498ffffff,0.00992,0.0166,0.0517,0.315,0.658,0.78,2.44,2.9,3.33,2.25,0.878,0.0413,low
873963499ffffff,0.00799,0.0133,0.0417,0.254,0.532,0.63,1.98,2.36,2.71,1.83,0.71,0.0333,low
87396349affffff,0.00826,0.0138,0.0431,0.262,0.55,0.655,2.06,2.46,2.81,1.89,0.733,0.0344,medium
87396349bffffff,0.00872,0.0146,0.0455,0.277,0.58,0.688,2.16,2.57,2.95,1.99,0.774,0.0364,medium
87396349cffffff,0.0115,0.0192,0.0599,0.365,0.763,0.904,2.81,3.35,3.84,2.6,1.02,0.0479,low
87396349dffffff,0.00714,0.0119,0.0372,0.227,0.475,0.564,1.77,2.12,2.43,1.64,0.635,0.0298,low
87396349effffff,0.0086,0.0144,0.0448,0.273,0.572,0.679,2.13,2.54,2.91,1.96,0.763,0.0358,medium
8739634a8ffffff,0.0104,0.0174,0.0543,0.33,0.685,0.78,2.41,2.87,3.39,2.36,0.921,0.0434,low
8739634a9ffffff,0.00893,0.0149,0.0466,0.283,0.588,0.67,2.07,2.47,2.92,2.03,0.791,0.0372,low
8739634aaffffff,0.0103,0.0172,0.053900000000000003,0.328,0.681,0.783,2.43,2.89,3.39,2.34,0.914,0.043,low
8739634abffffff,0.0081,0.0135,0.0422,0.257,0.534,0.611,1.9,2.26,2.67,1.84,0.718,0.0338,low
8739634adffffff,0.0097,0.0162,0.0506,0.308,0.638,0.728,2.25,2.68,3.17,2.2,0.859,0.0404,low
8739634b0ffffff,0.0068,0.0114,0.0355,0.216,0.455,0.545,1.74,2.08,2.35,1.56,0.605,0.0283,low
8739634b1ffffff,0.00803,0.0134,0.0419,0.255,0.537,0.642,2.04,2.44,2.76,1.84,0.712,0.0335,low
8739634b2ffffff,0.0105,0.0175,0.0546,0.333,0.7,0.837,2.65,3.16,3.57,2.39,0.928,0.0437,low
8739634b3ffffff,0.00745,0.0124,0.0388,0.237,0.498,0.596,1.9,2.26,2.56,1.71,0.661,0.031,low
8739634b4ffffff,0.00647,0.0108,0.0337,0.206,0.431,0.51,1.61,1.92,2.2,1.49,0.576,0.027,low
8739634b6ffffff,0.00749,0.0125,0.0391,0.238,0.501,0.599,1.9,2.27,2.57,1.72,0.665,0.0312,low
8739634c0ffffff,0.0101,0.0168,0.0526,0.32,0.665,0.775,2.38,2.84,3.33,2.29,0.892,0.042,low
8739634c1ffffff,0.0102,0.017,0.053,0.322,0.67,0.78,2.38,2.84,3.33,2.29,0.897,0.0424,low
8739634c2ffffff,0.00927,0.0155,0.0484,0.294,0.619,0.746,2.32,2.77,3.15,2.12,0.822,0.0387,low
8739634c3ffffff,0.0113,0.0189,0.0591,0.36,0.756,0.915,2.84,3.38,3.83,2.58,1,0.0472,low
8739634c4ffffff,0.0125,0.0209,0.0654,0.397,0.824,0.946,2.89,3.46,4.08,2.83,1.11,0.0523,low
8739634c5ffffff,0.00923,0.0154,0.0481,0.293,0.609,0.709,2.18,2.6,3.05,2.1,0.818,0.0385,low
8739634c6ffffff,0.0118,0.0198,0.0617,0.375,0.777,0.89,2.72,3.26,3.84,2.67,1.04,0.0493,low
8739634c8ffffff,0.0112,0.0187,0.0584,0.355,0.741,0.874,2.69,3.21,3.71,2.54,0.991,0.0467,low
8739634c9ffffff,0.011,0.0183,0.0571,0.348,0.728,0.874,2.7,3.22,3.7,2.49,0.97,0.0457,low
8739634caffffff,0.0103,0.0172,0.0538,0.328,0.692,0.849,2.65,3.16,3.53,2.35,0.913,0.043,low
8739634cbffffff,0.0114,0.019,0.0594,0.362,0.771,0.965,3.03,3.6,3.97,2.61,1.01,0.0475,low
8739634ccffffff,0.0118,0.0198,0.0617,0.375,0.779,0.907,2.78,3.31,3.88,2.67,1.04,0.0493,low
8739634cdffffff,0.0101,0.0168,0.0526,0.32,0.666,0.782,2.41,2.87,3.35,2.29,0.893,0.042,low
8739634ceffffff,0.00953,0.0159,0.0497,0.302,0.633,0.754,2.34,2.79,3.2,2.17,0.844,0.0397,low
8739634d0ffffff,0.00821,0.0137,0.0428,0.261,0.547,0.655,2.04,2.44,2.78,1.88,0.729,0.0342,low
8739634d1ffffff,0.00971,0.0162,0.0506,0.308,0.647,0.778,2.41,2.88,3.27,2.21,0.86,0.0405,low
8739634d2ffffff,0.0113,0.0189,0.059,0.359,0.751,0.898,2.77,3.31,3.77,2.56,0.999,0.0471,low
8739634d3ffffff,0.013,0.0217,0.0679,0.413,0.864,1.03,3.18,3.8,4.32,2.94,1.15,0.0542,low
8739634d4ffffff,0.00796,0.0133,0.0415,0.253,0.53,0.634,1.98,2.37,2.7,1.82,0.707,0.0332,low
8739634d5ffffff,0.0121,0.0202,0.063,0.383,0.803,0.96,2.96,3.54,4.03,2.74,1.07,0.0504,low
8739634d6ffffff,0.0101,0.0168,0.0525,0.319,0.669,0.8,2.48,2.96,3.37,2.29,0.891,0.0419,low
8739634d8ffffff,0.0111,0.0185,0.0579,0.353,0.744,0.912,2.84,3.39,3.79,2.53,0.982,0.0463,low
8739634d9ffffff,0.0154,0.0258,0.0804,0.485,1.02,1.24,3.72,4.4,4.88,3.33,1.32,0.0642,low
8739634daffffff,0.0176,0.0293,0.0916,0.556,1.17,1.44,4.43,5.27,5.87,3.95,1.54,0.0732,low
8739634dbffffff,0.0179,0.0298,0.093,0.565,1.19,1.46,4.5,5.35,5.97,4.01,1.57,0.0743,low
8739634dcffffff,0.0114,0.019,0.0593,0.361,0.761,0.934,2.91,3.47,3.88,2.59,1,0.0474,low
8739634ddffffff,0.0111,0.0186,0.0581,0.354,0.747,0.916,2.85,3.4,3.8,2.54,0.986,0.0465,low
8739634deffffff,0.0118,0.0197,0.0616,0.375,0.79,0.965,3,3.57,4,2.68,1.04,0.0493,low
8739634e0ffffff,0.0116,0.0194,0.0607,0.369,0.764,0.875,2.68,3.2,3.78,2.63,1.03,0.0485,low
8739634e1ffffff,0.00893,0.0149,0.0465,0.283,0.589,0.685,2.1,2.51,2.94,2.02,0.79,0.0372,low
8739634e2ffffff,0.0104,0.0174,0.0545,0.331,0.686,0.784,2.4,2.87,3.4,2.36,0.923,0.0435,low
8739634e3ffffff,0.0083,0.0139,0.0433,0.263,0.548,0.635,1.95,2.33,2.74,1.89,0.736,0.0346,low
8739634e6ffffff,0.0122,0.0204,0.0636,0.386,0.801,0.915,2.8,3.35,3.96,2.75,1.08,0.0508,low
8739634e8ffffff,0.00732,0.0122,0.0382,0.233,0.484,0.564,1.74,2.08,2.45,1.68,0.651,0.0305,low
8739634e9ffffff,0.0135,0.0225,0.0703,0.427,0.887,1.03,3.15,3.76,4.4,3.04,1.19,0.0562,low
8739634eaffffff,0.00862,0.0144,0.0449,0.274,0.569,0.663,2.04,2.44,2.86,1.96,0.765,0.0359,low
8739634ebffffff,0.0101,0.0169,0.0527,0.32,0.666,0.776,2.38,2.84,3.33,2.29,0.894,0.0421,low
8739634eeffffff,0.00676,0.0113,0.0352,0.215,0.447,0.521,1.61,1.93,2.26,1.55,0.602,0.0282,low
8739634f0ffffff,0.00707,0.0118,0.0369,0.224,0.466,0.532,1.64,1.97,2.33,1.62,0.628,0.0295,low
8739634f1ffffff,0.00875,0.0146,0.0456,0.278,0.576,0.658,2.02,2.42,2.86,1.99,0.775,0.0365,low
8739634f2ffffff,0.0107,0.0179,0.0559,0.338,0.701,0.815,2.46,2.93,3.39,2.36,0.932,0.0447,low
8739634f3ffffff,0.00851,0.0142,0.0444,0.27,0.561,0.647,1.99,2.39,2.81,1.94,0.755,0.0355,low
8739634f4ffffff,0.00966,0.0161,0.0504,0.306,0.635,0.726,2.23,2.67,3.15,2.19,0.855,0.0402,low
8739634f5ffffff,0.00955,0.0159,0.0498,0.303,0.627,0.717,2.2,2.63,3.11,2.16,0.845,0.0398,low
8739634f6ffffff,0.00795,0.0133,0.0414,0.252,0.523,0.598,1.84,2.21,2.61,1.81,0.705,0.0331,low
873963580ffffff,0.0165,0.0275,0.0859,0.518,1.08,1.26,3.77,4.45,5.07,3.54,1.41,0.0686,low
873963582ffffff,0.0126,0.0211,0.0657,0.398,0.828,0.971,2.95,3.5,4,2.76,1.09,0.0525,low
873963586ffffff,0.00866,0.0145,0.0451,0.274,0.574,0.675,2.1,2.5,2.87,1.96,0.763,0.0361,low
87396358cffffff,0.0122,0.0204,0.0636,0.383,0.788,0.895,2.66,3.14,3.65,2.6,1.04,0.0508,medium
873963590ffffff,0.00596,0.00994,0.031,0.189,0.396,0.465,1.45,1.73,1.99,1.35,0.527,0.0248,low
873963591ffffff,0.00908,0.0152,0.0473,0.286,0.597,0.7,2.14,2.54,2.9,2,0.788,0.0378,low
873963592ffffff,0.00775,0.0129,0.0404,0.245,0.511,0.6,1.84,2.19,2.51,1.72,0.677,0.0323,low
873963593ffffff,0.0056,0.00935,0.0292,0.178,0.373,0.438,1.38,1.65,1.89,1.28,0.497,0.0233,low
873963594ffffff,0.0114,0.0191,0.0596,0.36,0.748,0.877,2.64,3.13,3.57,2.48,0.984,0.0476,low
873963595ffffff,0.014,0.0233,0.0728,0.441,0.919,1.08,3.29,3.9,4.46,3.07,1.21,0.0581,low
873963596ffffff,0.00601,0.01,0.0313,0.191,0.4,0.469,1.47,1.76,2.02,1.37,0.533,0.025,low
87396359affffff,0.00637,0.0106,0.0332,0.202,0.424,0.498,1.56,1.86,2.15,1.46,0.567,0.0266,low
87396359cffffff,0.00614,0.0103,0.032,0.195,0.409,0.481,1.51,1.81,2.08,1.41,0.546,0.0256,low
87396359effffff,0.00508,0.00848,0.0265,0.162,0.339,0.399,1.26,1.51,1.73,1.17,0.453,0.0212,low
8739635a8ffffff,0.00782,0.0131,0.0408,0.248,0.515,0.585,1.81,2.16,2.56,1.78,0.694,0.0326,medium
8739635aaffffff,0.0133,0.0223,0.0695,0.421,0.87,0.986,3,3.56,4.18,2.95,1.16,0.0555,high
8739635b0ffffff,0.00496,0.00828,0.0259,0.158,0.329,0.379,1.19,1.43,1.67,1.14,0.442,0.0207,low
8739635b2ffffff,0.00675,0.0113,0.0352,0.214,0.447,0.523,1.63,1.94,2.23,1.52,0.594,0.0281,low
8739635b3ffffff,0.00694,0.0116,0.0362,0.22,0.462,0.543,1.7,2.04,2.34,1.59,0.616,0.0289,low
8739635b4ffffff,0.00324,0.00541,0.0169,0.103,0.213,0.236,0.745,0.889,1.07,0.748,0.29,0.0135,low
8739635b6ffffff,0.00379,0.00632,0.0198,0.12,0.252,0.289,0.916,1.09,1.28,0.875,0.338,0.0158,low
873963608ffffff,0.00846,0.0141,0.0441,0.272,0.583,0.737,2.35,2.79,3.25,2.01,0.76,0.0353,low
87396360affffff,0.00737,0.0123,0.0384,0.237,0.508,0.642,2.05,2.43,2.83,1.75,0.662,0.0307,low
87396360bffffff,0.00794,0.0132,0.0414,0.257,0.552,0.692,2.2,2.6,3.13,1.91,0.715,0.0331,low
87396360effffff,0.00749,0.0125,0.039,0.241,0.516,0.653,2.08,2.47,2.88,1.78,0.674,0.0312,low
873963618ffffff,0.00786,0.0131,0.041,0.253,0.542,0.684,2.18,2.59,3.01,1.87,0.706,0.0328,low
873963619ffffff,0.00778,0.013,0.0406,0.25,0.536,0.677,2.15,2.56,2.98,1.85,0.698,0.0324,low
87396361bffffff,0.00794,0.0132,0.0414,0.256,0.551,0.696,2.24,2.65,3.09,1.9,0.714,0.0331,low
87396361dffffff,0.00728,0.0121,0.0379,0.234,0.501,0.634,2.02,2.4,2.79,1.73,0.654,0.0303,low
873963642ffffff,0.00509,0.00849,0.0265,0.166,0.359,0.447,1.42,1.69,2.11,1.26,0.465,0.0212,low
873963643ffffff,0.00526,0.00877,0.0274,0.173,0.373,0.462,1.46,1.73,2.21,1.31,0.483,0.0219,low
873963648ffffff,0.00728,0.0121,0.0379,0.239,0.514,0.637,1.99,2.36,3.01,1.8,0.667,0.0304,low
873963649ffffff,0.00695,0.0116,0.0362,0.228,0.494,0.611,1.89,2.26,2.93,1.75,0.637,0.029,low
87396364affffff,0.00639,0.0106,0.0333,0.21,0.452,0.559,1.75,2.07,2.65,1.58,0.583,0.0266,low
87396364bffffff,0.00577,0.00961,0.03,0.19,0.412,0.505,1.6,1.9,2.51,1.46,0.53,0.0241,low
87396364dffffff,0.00945,0.0158,0.0492,0.31,0.667,0.827,2.54,3.02,3.86,2.33,0.863,0.0394,low
87396364effffff,0.00614,0.0102,0.0319,0.201,0.434,0.537,1.68,1.99,2.54,1.52,0.561,0.0256,low
873963650ffffff,0.00966,0.0161,0.0502,0.309,0.659,0.819,2.48,2.89,3.48,2.18,0.838,0.0402,low
873963651ffffff,0.00538,0.00897,0.028,0.175,0.377,0.471,1.51,1.79,2.2,1.32,0.489,0.0224,low
873963652ffffff,0.00651,0.0109,0.0339,0.212,0.456,0.57,1.82,2.16,2.63,1.59,0.59,0.0272,low
873963653ffffff,0.01,0.0167,0.0522,0.321,0.685,0.85,2.56,2.99,3.59,2.26,0.87,0.0418,low
873963655ffffff,0.00654,0.0109,0.0341,0.212,0.458,0.572,1.83,2.17,2.65,1.6,0.593,0.0273,low
873963656ffffff,0.00699,0.0117,0.0364,0.227,0.489,0.61,1.95,2.3,2.81,1.7,0.632,0.0291,low
873963658ffffff,0.0111,0.0185,0.0577,0.362,0.779,0.961,2.97,3.48,4.42,2.68,0.999,0.0462,low
873963659ffffff,0.00817,0.0136,0.0425,0.268,0.576,0.713,2.23,2.63,3.35,2.01,0.743,0.034,low
87396365affffff,0.00687,0.0114,0.0357,0.225,0.486,0.602,1.9,2.24,2.87,1.71,0.628,0.0286,low
87396365bffffff,0.00943,0.0157,0.0491,0.309,0.665,0.822,2.57,3.03,3.86,2.32,0.857,0.0393,low
87396365cffffff,0.0142,0.0236,0.0736,0.459,0.98,1.2,3.58,4.17,5.21,3.26,1.24,0.059,low
87396365dffffff,0.00563,0.00938,0.0293,0.185,0.399,0.494,1.56,1.85,2.37,1.41,0.516,0.0235,low
87396365effffff,0.00695,0.0116,0.0362,0.227,0.488,0.604,1.88,2.22,2.8,1.69,0.629,0.029,low
873963680ffffff,0.0115,0.0192,0.06,0.373,0.812,1.03,3.36,3.96,4.43,2.76,1.03,0.048,medium
873963681ffffff,0.0109,0.0182,0.0567,0.352,0.767,0.977,3.18,3.75,4.19,2.61,0.973,0.0453,medium
873963682ffffff,0.014,0.0234,0.0731,0.453,0.987,1.26,4.06,4.78,5.33,3.34,1.25,0.0584,medium
873963683ffffff,0.0123,0.0205,0.0639,0.397,0.864,1.1,3.58,4.21,4.71,2.94,1.1,0.0511,medium
873963684ffffff,0.012,0.02,0.0623,0.386,0.842,1.07,3.48,4.09,4.57,2.86,1.07,0.0498,medium
873963685ffffff,0.0113,0.0188,0.0588,0.365,0.795,1.01,3.3,3.88,4.34,2.71,1.01,0.047,medium
873963686ffffff,0.0137,0.0228,0.0712,0.441,0.958,1.22,3.94,4.64,5.15,3.24,1.21,0.0569,medium
873963688ffffff,0.0109,0.0182,0.0569,0.355,0.774,0.975,3.18,3.74,4.34,2.66,0.98,0.0455,medium
873963689ffffff,0.0128,0.0214,0.0668,0.417,0.909,1.14,3.72,4.37,5.06,3.11,1.15,0.0534,medium
87396368affffff,0.0126,0.021,0.0657,0.411,0.899,1.13,3.7,4.35,4.96,3.07,1.13,0.0525,medium
87396368bffffff,0.0105,0.0175,0.0547,0.343,0.75,0.941,3.09,3.64,4.22,2.58,0.947,0.0438,medium
87396368cffffff,0.0115,0.0192,0.0601,0.374,0.814,1.03,3.36,3.95,4.46,2.77,1.03,0.0481,medium
87396368dffffff,0.00966,0.0161,0.0503,0.315,0.686,0.864,2.83,3.33,3.87,2.36,0.869,0.0403,medium
87396368effffff,0.0118,0.0198,0.0617,0.383,0.835,1.06,3.46,4.07,4.55,2.84,1.06,0.0494,low
873963690ffffff,0.0198,0.0331,0.103,0.641,1.4,1.78,5.63,6.71,7.34,4.68,1.75,0.0826,high
873963691ffffff,0.018,0.0301,0.0939,0.588,1.29,1.62,5.26,6.19,6.9,4.35,1.6,0.0751,high
873963692ffffff,0.0363,0.0605,0.188,1.12,2.38,2.96,8.3,9.66,10.4,7.08,2.85,0.15,high
873963693ffffff,0.0378,0.063,0.195,1.16,2.45,3.03,8.5,9.84,10.7,7.24,2.92,0.156,medium
873963694ffffff,0.0171,0.0285,0.089,0.55,1.19,1.52,4.8,5.68,6.21,3.97,1.5,0.0712,high
873963695ffffff,0.014,0.0233,0.0728,0.451,0.982,1.25,4.03,4.77,5.25,3.32,1.24,0.0582,high
873963696ffffff,0.0234,0.0391,0.122,0.754,1.64,2.07,6.43,7.61,8.3,5.37,2.04,0.0975,high
873963698ffffff,0.032,0.0533,0.165,0.968,2.01,2.46,6.69,7.67,8.4,5.72,2.35,0.131,high
873963699ffffff,0.0347,0.0578,0.179,1.07,2.25,2.77,7.56,8.64,9.46,6.5,2.65,0.143,medium
87396369affffff,0.0381,0.0635,0.197,1.18,2.47,3.04,8.28,9.45,10.3,7.12,2.91,0.157,high
87396369bffffff,0.0302,0.0503,0.157,0.966,2.09,2.6,7.81,9.05,9.97,6.58,2.54,0.125,high
87396369cffffff,0.0198,0.0331,0.103,0.639,1.39,1.74,5.37,6.26,6.93,4.48,1.7,0.0825,high
87396369dffffff,0.0156,0.026,0.081,0.506,1.11,1.4,4.53,5.33,5.94,3.74,1.38,0.0648,low
87396369effffff,0.0352,0.0587,0.182,1.09,2.3,2.84,7.94,9.11,9.97,6.78,2.73,0.145,high
8739636a0ffffff,0.0119,0.0198,0.0619,0.384,0.837,1.07,3.47,4.08,4.55,2.85,1.06,0.0495,low
8739636a1ffffff,0.0126,0.021,0.0656,0.407,0.887,1.13,3.67,4.32,4.82,3.01,1.12,0.0525,low
8739636a2ffffff,0.0124,0.0207,0.0647,0.4,0.87,1.11,3.6,4.24,4.69,2.95,1.11,0.0517,medium
8739636a3ffffff,0.0125,0.0209,0.0653,0.405,0.883,1.12,3.65,4.29,4.8,3,1.12,0.0523,medium
8739636a5ffffff,0.0112,0.0187,0.0584,0.36,0.775,0.983,3.15,3.72,4.18,2.64,0.999,0.0467,low
8739636a6ffffff,0.0159,0.0265,0.0827,0.51,1.1,1.41,4.52,5.32,5.81,3.71,1.4,0.0661,medium
8739636a8ffffff,0.0117,0.0195,0.0609,0.378,0.823,1.05,3.41,4.02,4.49,2.8,1.04,0.0487,low
8739636a9ffffff,0.00884,0.0147,0.046,0.288,0.628,0.792,2.6,3.07,3.55,2.17,0.796,0.0368,low
8739636aaffffff,0.012,0.02,0.0624,0.387,0.844,1.07,3.49,4.11,4.59,2.87,1.07,0.0499,medium
8739636abffffff,0.0102,0.017,0.053,0.331,0.721,0.911,2.98,3.51,4.03,2.47,0.914,0.0424,low
8739636acffffff,0.0107,0.0179,0.0558,0.346,0.755,0.961,3.13,3.69,4.13,2.57,0.957,0.0446,low
8739636aeffffff,0.0115,0.0192,0.0601,0.373,0.812,1.03,3.36,3.96,4.43,2.76,1.03,0.048,medium
8739636b0ffffff,0.0125,0.0208,0.065,0.401,0.87,1.11,3.6,4.25,4.65,2.94,1.11,0.052,medium
8739636b1ffffff,0.0134,0.0224,0.07,0.432,0.937,1.2,3.87,4.56,5,3.17,1.19,0.0559,medium
8739636b2ffffff,0.0134,0.0224,0.0699,0.431,0.935,1.2,3.85,4.54,4.96,3.15,1.19,0.0559,medium
8739636b3ffffff,0.0139,0.0232,0.0724,0.447,0.968,1.24,3.99,4.71,5.15,3.27,1.23,0.0579,medium
8739636b4ffffff,0.0146,0.0244,0.0763,0.471,1.02,1.3,4.2,4.95,5.42,3.44,1.3,0.061,medium
8739636b5ffffff,0.0118,0.0197,0.0614,0.379,0.822,1.05,3.4,4.02,4.4,2.78,1.05,0.0491,medium
8739636b6ffffff,0.0148,0.0246,0.0769,0.474,1.03,1.31,4.2,4.95,5.41,3.45,1.3,0.0615,medium
8739636c0ffffff,0.0111,0.0185,0.0579,0.365,0.79,0.975,3.15,3.7,4.48,2.72,0.998,0.0463,low
8739636c1ffffff,0.00927,0.0154,0.0482,0.305,0.663,0.819,2.69,3.18,3.86,2.32,0.842,0.0386,medium
8739636c2ffffff,0.00899,0.015,0.0468,0.296,0.643,0.794,2.61,3.08,3.74,2.25,0.816,0.0375,medium
8739636c3ffffff,0.00839,0.014,0.0437,0.276,0.601,0.742,2.45,2.89,3.51,2.1,0.763,0.035,low
8739636c4ffffff,0.00915,0.0153,0.0477,0.301,0.655,0.809,2.66,3.14,3.82,2.29,0.831,0.0381,low
8739636c5ffffff,0.00933,0.0155,0.0486,0.307,0.667,0.824,2.71,3.19,3.88,2.33,0.846,0.0389,low
8739636c6ffffff,0.00943,0.0157,0.0491,0.31,0.674,0.836,2.75,3.24,3.9,2.35,0.855,0.0393,medium
8739636c8ffffff,0.0087,0.0145,0.0453,0.289,0.63,0.761,2.47,2.91,3.75,2.22,0.799,0.0363,medium
8739636c9ffffff,0.00911,0.0152,0.0475,0.304,0.66,0.794,2.57,3.01,3.92,2.32,0.837,0.038,medium
8739636caffffff,0.0086,0.0143,0.0448,0.285,0.619,0.756,2.48,2.92,3.66,2.18,0.786,0.0359,low
8739636cbffffff,0.00847,0.0141,0.0441,0.282,0.614,0.74,2.4,2.82,3.68,2.17,0.78,0.0353,medium
8739636ccffffff,0.0133,0.0222,0.0693,0.434,0.932,1.14,3.54,4.12,4.97,3.1,1.16,0.0555,medium
8739636cdffffff,0.0212,0.0354,0.11,0.694,1.49,1.78,5.32,6.15,7.78,4.87,1.84,0.0883,medium
8739636ceffffff,0.00889,0.0148,0.0463,0.293,0.636,0.786,2.58,3.05,3.7,2.22,0.807,0.0371,medium
8739636d0ffffff,0.0113,0.0189,0.0591,0.369,0.804,1.01,3.3,3.89,4.51,2.76,1.02,0.0473,medium
8739636d1ffffff,0.0113,0.0188,0.0588,0.372,0.807,0.996,3.26,3.84,4.66,2.81,1.02,0.0471,high
8739636d2ffffff,0.0149,0.0249,0.0778,0.49,1.07,1.33,4.31,5.06,5.84,3.63,1.33,0.0622,medium
8739636d3ffffff,0.0123,0.0205,0.0642,0.407,0.89,1.09,3.59,4.23,5.07,3.08,1.12,0.0514,medium
8739636d4ffffff,0.0116,0.0194,0.0605,0.378,0.824,1.04,3.39,3.98,4.62,2.83,1.04,0.0484,medium
8739636d5ffffff,0.00974,0.0162,0.0507,0.318,0.693,0.868,2.84,3.35,3.94,2.39,0.878,0.0406,high
8739636d6ffffff,0.0118,0.0197,0.0614,0.384,0.837,1.05,3.44,4.05,4.69,2.87,1.06,0.0492,medium
8739636d8ffffff,0.0213,0.0355,0.11,0.685,1.46,1.78,5.3,6.14,7.28,4.67,1.79,0.0884,low
8739636d9ffffff,0.0103,0.0171,0.0536,0.338,0.735,0.907,2.97,3.5,4.24,2.56,0.931,0.0429,low
8739636daffffff,0.014,0.0233,0.073,0.466,1.02,1.24,4.04,4.76,5.8,3.53,1.27,0.0584,medium
8739636dbffffff,0.0112,0.0186,0.0581,0.371,0.812,0.989,3.26,3.85,4.69,2.84,1.02,0.0465,low
8739636dcffffff,0.00993,0.0165,0.0517,0.327,0.71,0.877,2.88,3.4,4.12,2.48,0.901,0.0414,low
8739636ddffffff,0.0101,0.0167,0.0523,0.331,0.719,0.887,2.91,3.43,4.16,2.5,0.911,0.0419,low
8739636deffffff,0.0129,0.0215,0.0673,0.426,0.928,1.14,3.73,4.39,5.33,3.23,1.17,0.053900000000000003,medium
8739636e0ffffff,0.0069,0.0115,0.0359,0.224,0.482,0.603,1.93,2.28,2.78,1.68,0.625,0.0288,low
8739636e1ffffff,0.00664,0.0111,0.0346,0.216,0.465,0.581,1.86,2.2,2.69,1.62,0.603,0.0277,low
8739636e2ffffff,0.00776,0.0129,0.0404,0.254,0.553,0.69,2.27,2.68,3.19,1.93,0.704,0.0324,low
8739636e3ffffff,0.00724,0.0121,0.0377,0.237,0.514,0.638,2.08,2.46,3,1.8,0.658,0.0302,low
8739636e4ffffff,0.0272,0.0453,0.14,0.802,1.61,1.95,4.85,5.49,6.23,4.37,1.91,0.112,low
8739636e5ffffff,0.00654,0.0109,0.0341,0.212,0.458,0.572,1.83,2.17,2.65,1.6,0.593,0.0273,low
8739636e6ffffff,0.00843,0.0141,0.0439,0.271,0.581,0.734,2.34,2.78,3.23,2,0.757,0.0351,low
8739636e8ffffff,0.00758,0.0126,0.0395,0.247,0.532,0.663,2.13,2.51,3.06,1.85,0.685,0.0316,medium
8739636e9ffffff,0.00718,0.012,0.0374,0.236,0.508,0.628,1.98,2.34,2.99,1.78,0.656,0.0299,medium
8739636eaffffff,0.00762,0.0127,0.0397,0.251,0.546,0.675,2.23,2.63,3.2,1.91,0.694,0.0318,low
8739636ebffffff,0.00887,0.0148,0.0462,0.294,0.639,0.776,2.52,2.97,3.77,2.24,0.811,0.037,low
8739636ecffffff,0.00923,0.0154,0.048,0.299,0.642,0.8,2.52,2.97,3.6,2.2,0.827,0.0384,medium
8739636edffffff,0.0067,0.0112,0.0349,0.218,0.47,0.585,1.86,2.2,2.73,1.64,0.608,0.0279,low
8739636eeffffff,0.00765,0.0127,0.0398,0.25,0.54,0.671,2.17,2.57,3.13,1.88,0.693,0.0319,low
8739636f0ffffff,0.00886,0.0148,0.0462,0.289,0.63,0.794,2.61,3.07,3.57,2.17,0.799,0.0369,medium
8739636f1ffffff,0.00928,0.0155,0.0484,0.303,0.66,0.83,2.72,3.21,3.75,2.28,0.837,0.0387,low
8739636f2ffffff,0.012,0.02,0.0626,0.39,0.847,1.06,3.41,4,4.62,2.86,1.07,0.0501,medium
8739636f3ffffff,0.00976,0.0163,0.0508,0.318,0.694,0.873,2.86,3.37,3.91,2.39,0.879,0.0407,medium
8739636f4ffffff,0.00878,0.0146,0.0457,0.286,0.624,0.786,2.58,3.04,3.54,2.15,0.791,0.0366,low
8739636f5ffffff,0.00804,0.0134,0.0419,0.262,0.572,0.721,2.37,2.8,3.25,1.98,0.725,0.0335,low
8739636f6ffffff,0.0105,0.0175,0.0547,0.342,0.744,0.937,3.06,3.59,4.17,2.55,0.942,0.0437,medium
873963790ffffff,0.0129,0.0216,0.0674,0.411,0.872,1.09,3.37,3.99,4.42,2.93,1.14,0.053900000000000003,low
873963791ffffff,0.013,0.0217,0.0679,0.414,0.876,1.08,3.36,3.99,4.48,2.97,1.15,0.0543,low
873963792ffffff,0.0135,0.0225,0.0701,0.428,0.915,1.16,3.66,4.33,4.73,3.09,1.19,0.056,low
873963793ffffff,0.0218,0.0363,0.113,0.677,1.42,1.78,5.21,6.08,6.59,4.47,1.79,0.0903,low
873963794ffffff,0.0127,0.0212,0.0662,0.402,0.842,1.01,3.1,3.7,4.25,2.87,1.12,0.0529,low
873963795ffffff,0.0133,0.0223,0.0695,0.423,0.884,1.06,3.25,3.87,4.45,3.01,1.18,0.0556,low
873963796ffffff,0.0101,0.0169,0.0528,0.323,0.688,0.864,2.73,3.24,3.58,2.34,0.899,0.0422,low
87396379affffff,0.0127,0.0213,0.0664,0.41,0.887,1.13,3.65,4.3,4.7,2.99,1.13,0.0531,low
87396379bffffff,0.0123,0.0205,0.0642,0.396,0.858,1.1,3.55,4.19,4.59,2.9,1.09,0.0513,low
87396379cffffff,0.0131,0.0218,0.0681,0.416,0.885,1.11,3.47,4.11,4.6,3,1.16,0.0544,low
87396379effffff,0.0135,0.0226,0.0705,0.434,0.939,1.2,3.85,4.55,4.97,3.17,1.2,0.0563,low
8739637b2ffffff,0.0101,0.0169,0.0527,0.32,0.671,0.804,2.49,2.97,3.41,2.3,0.895,0.0421,low
8739637b3ffffff,0.0131,0.0219,0.0683,0.415,0.868,1.04,3.2,3.81,4.38,2.96,1.15,0.0546,low
8739637b6ffffff,0.011,0.0183,0.0571,0.347,0.726,0.866,2.67,3.19,3.68,2.49,0.969,0.0456,low
873971000ffffff,0.00271,0.00453,0.0141,0.0886,0.186,0.212,0.721,0.814,1.07,0.67,0.246,0.0113,high
873971001ffffff,0.00268,0.00449,0.014,0.0881,0.186,0.211,0.732,0.828,1.1,0.678,0.247,0.0112,high
873971002ffffff,0.0037200000000000002,0.00621,0.0194,0.122,0.255,0.29,0.985,1.11,1.46,0.917,0.337,0.0155,medium
873971003ffffff,0.00225,0.00376,0.0117,0.0738,0.156,0.177,0.614,0.695,0.922,0.569,0.207,0.00936,low
873971004ffffff,0.00272,0.00455,0.0142,0.0894,0.188,0.214,0.744,0.843,1.12,0.69,0.25,0.0113,high
873971005ffffff,0.0135,0.0225,0.0701,0.436,0.91,1.03,3.36,3.77,4.85,3.14,1.18,0.0559,high
873971006ffffff,0.0029,0.00485,0.0152,0.0953,0.201,0.228,0.792,0.896,1.19,0.734,0.267,0.0121,high
873971008ffffff,0.00229,0.00383,0.012,0.0754,0.159,0.181,0.636,0.716,0.941,0.58,0.211,0.00955,high
873971009ffffff,0.00218,0.00364,0.0114,0.0716,0.151,0.173,0.608,0.684,0.9,0.553,0.201,0.00908,high
87397100affffff,0.00188,0.00314,0.00982,0.0619,0.13,0.15,0.527,0.592,0.78,0.478,0.173,0.00784,high
87397100bffffff,0.00396,0.00662,0.0207,0.13,0.272,0.311,1.07,1.19,1.55,0.974,0.359,0.0165,medium
87397100cffffff,0.00427,0.00713,0.0223,0.14,0.294,0.336,1.16,1.3,1.7,1.06,0.389,0.0178,high
87397100dffffff,0.0032,0.00534,0.0167,0.105,0.221,0.252,0.883,0.993,1.3,0.805,0.293,0.0133,high
87397100effffff,0.00183,0.00305,0.00955,0.0601,0.127,0.144,0.505,0.571,0.756,0.465,0.168,0.00762,high
873971010ffffff,0.00194,0.00325,0.0101,0.0638,0.135,0.154,0.533,0.603,0.798,0.495,0.179,0.00809,low
873971011ffffff,0.00142,0.00238,0.00743,0.0468,0.0988,0.113,0.395,0.446,0.591,0.365,0.131,0.00593,low
873971012ffffff,0.00147,0.00245,0.00767,0.0483,0.102,0.117,0.401,0.457,0.607,0.378,0.136,0.00612,low
873971013ffffff,0.00133,0.00222,0.00693,0.0436,0.0921,0.106,0.369,0.416,0.552,0.341,0.123,0.00552,low
873971014ffffff,0.00573,0.00958,0.0299,0.187,0.391,0.443,1.47,1.67,2.17,1.39,0.515,0.0239,medium
873971015ffffff,0.00218,0.00364,0.0114,0.0713,0.15,0.171,0.587,0.664,0.876,0.545,0.199,0.00907,medium
873971016ffffff,0.00197,0.00328,0.0103,0.0645,0.136,0.156,0.526,0.599,0.79,0.497,0.18,0.00819,low
873971018ffffff,0.00134,0.00223,0.00697,0.0439,0.0928,0.107,0.371,0.418,0.554,0.342,0.123,0.00556,medium
873971019ffffff,0.00155,0.00259,0.00809,0.051,0.107,0.125,0.435,0.488,0.644,0.395,0.143,0.00646,high
87397101affffff,0.00215,0.0036,0.0112,0.0706,0.149,0.171,0.586,0.659,0.868,0.542,0.197,0.00896,medium
87397101bffffff,0.00121,0.00202,0.00632,0.0398,0.084,0.097,0.338,0.381,0.504,0.31,0.112,0.00504,medium
87397101cffffff,0.00185,0.00309,0.00966,0.0607,0.128,0.146,0.508,0.574,0.761,0.47,0.17,0.0077,low
87397101dffffff,0.00209,0.00349,0.0109,0.0686,0.145,0.165,0.575,0.65,0.863,0.532,0.192,0.00869,high
87397101effffff,0.00166,0.00277,0.00865,0.0544,0.115,0.132,0.457,0.515,0.681,0.422,0.153,0.0069,medium
873971020ffffff,0.00903,0.0151,0.0471,0.293,0.613,0.694,2.28,2.57,3.32,2.13,0.8,0.0376,high
873971021ffffff,0.0062,0.0104,0.0323,0.202,0.422,0.475,1.59,1.79,2.32,1.48,0.551,0.0258,high
873971022ffffff,0.00464,0.00775,0.0242,0.152,0.32,0.364,1.25,1.42,1.87,1.16,0.424,0.0193,high
873971023ffffff,0.0727,0.121,0.372,2.09,4.02,4.45,11.1,12.1,14.4,10.6,4.75,0.295,high
873971024ffffff,0.00977,0.0163,0.0509,0.318,0.663,0.743,2.47,2.78,3.57,2.3,0.863,0.0406,high
873971025ffffff,0.00646,0.0108,0.0337,0.212,0.445,0.5,1.73,1.95,2.56,1.6,0.586,0.0269,high
873971026ffffff,0.00478,0.00799,0.0249,0.155,0.324,0.367,1.2,1.36,1.75,1.13,0.423,0.0199,high
873971028ffffff,0.00411,0.00687,0.0215,0.135,0.284,0.323,1.11,1.26,1.65,1.03,0.375,0.0171,high
873971029ffffff,0.0041,0.00684,0.0214,0.134,0.283,0.323,1.12,1.26,1.65,1.02,0.374,0.0171,high
87397102affffff,0.0105,0.0176,0.0549,0.343,0.717,0.814,2.71,3.04,3.95,2.52,0.939,0.0438,high
87397102bffffff,0.0147,0.0245,0.0764,0.477,0.997,1.13,3.78,4.23,5.43,3.48,1.3,0.0609,high
87397102cffffff,0.00298,0.00498,0.0156,0.0978,0.206,0.233,0.811,0.918,1.21,0.749,0.273,0.0124,high
87397102dffffff,0.00328,0.00547,0.0171,0.108,0.227,0.257,0.907,1.02,1.34,0.825,0.3,0.0136,high
87397102effffff,0.05,0.0833,0.258,1.5,2.97,3.31,8.7,9.54,11.5,8.32,3.59,0.205,high
873971030ffffff,0.00277,0.00464,0.0145,0.0911,0.192,0.218,0.747,0.853,1.13,0.703,0.255,0.0116,low
873971031ffffff,0.00274,0.00458,0.0143,0.09,0.19,0.216,0.746,0.845,1.12,0.693,0.252,0.0114,high
873971032ffffff,0.00396,0.00662,0.0207,0.13,0.273,0.31,1.06,1.21,1.59,0.996,0.363,0.0165,medium
873971033ffffff,0.00222,0.0037200000000000002,0.0116,0.073,0.154,0.175,0.603,0.687,0.91,0.565,0.205,0.00927,medium
873971034ffffff,0.00211,0.00352,0.011,0.0693,0.146,0.166,0.573,0.655,0.868,0.539,0.195,0.00879,low
873971035ffffff,0.00356,0.00596,0.0186,0.117,0.246,0.279,0.956,1.09,1.44,0.898,0.327,0.0148,high
873971036ffffff,0.0018,0.00301,0.00942,0.0592,0.125,0.142,0.49,0.561,0.743,0.461,0.167,0.00751,low
873971040ffffff,0.00345,0.00576,0.018,0.113,0.239,0.275,0.969,1.09,1.41,0.868,0.316,0.0144,medium
873971041ffffff,0.00418,0.00698,0.0218,0.138,0.29,0.333,1.17,1.31,1.7,1.05,0.382,0.0174,medium
873971042ffffff,0.00303,0.00507,0.0158,0.0999,0.21,0.242,0.856,0.962,1.24,0.766,0.278,0.0126,low
873971043ffffff,0.00316,0.00528,0.0165,0.104,0.219,0.252,0.89,1,1.29,0.797,0.29,0.0132,high
873971044ffffff,0.00858,0.0143,0.0447,0.28,0.584,0.669,2.25,2.51,3.18,2.03,0.761,0.0357,high
873971045ffffff,0.00489,0.00816,0.0255,0.161,0.338,0.388,1.36,1.53,1.97,1.22,0.445,0.0203,medium
873971046ffffff,0.00304,0.00508,0.0159,0.1,0.211,0.243,0.86,0.966,1.25,0.77,0.279,0.0127,medium
873971048ffffff,0.00844,0.0141,0.044,0.275,0.575,0.661,2.24,2.5,3.1,2,0.745,0.0351,high
873971049ffffff,0.0063,0.0105,0.0328,0.207,0.435,0.501,1.76,1.97,2.47,1.56,0.569,0.0262,high
87397104affffff,0.00398,0.00664,0.0207,0.131,0.276,0.318,1.13,1.27,1.6,0.999,0.363,0.0166,high
87397104bffffff,0.00499,0.00833,0.026,0.164,0.345,0.398,1.41,1.58,1.99,1.25,0.454,0.0208,medium
87397104cffffff,0.00583,0.00973,0.0304,0.191,0.402,0.462,1.61,1.81,2.29,1.44,0.527,0.0243,medium
87397104dffffff,0.0348,0.0579,0.178,1.01,1.95,2.19,5.59,6.08,7.1,5.18,2.29,0.142,high
87397104effffff,0.00366,0.00612,0.0191,0.121,0.254,0.292,1.03,1.16,1.5,0.925,0.336,0.0153,high
873971050ffffff,0.0044,0.00735,0.023,0.144,0.304,0.347,1.21,1.36,1.77,1.1,0.402,0.0183,medium
873971051ffffff,0.00285,0.00475,0.0148,0.0937,0.197,0.227,0.805,0.904,1.17,0.72,0.261,0.0119,high
873971052ffffff,0.0116,0.0194,0.0606,0.373,0.771,0.887,2.78,3.07,3.86,2.55,0.988,0.0483,medium
873971053ffffff,0.00308,0.00514,0.0161,0.101,0.212,0.247,0.867,0.967,1.24,0.768,0.281,0.0128,medium
873971054ffffff,0.00228,0.00382,0.0119,0.0751,0.158,0.181,0.638,0.718,0.945,0.581,0.21,0.00952,high
873971055ffffff,0.00248,0.00414,0.0129,0.0817,0.172,0.198,0.701,0.788,1.03,0.63,0.228,0.0103,medium
873971056ffffff,0.0028,0.00467,0.0146,0.0919,0.194,0.221,0.775,0.871,1.14,0.706,0.257,0.0117,medium
873971058ffffff,0.0127,0.0212,0.0661,0.411,0.855,0.985,3.22,3.58,4.47,2.91,1.11,0.0528,medium
873971059ffffff,0.00438,0.00732,0.0229,0.144,0.303,0.349,1.23,1.37,1.75,1.09,0.399,0.0183,medium
87397105affffff,0.00578,0.00966,0.0302,0.189,0.397,0.463,1.61,1.79,2.28,1.42,0.524,0.0241,medium
87397105bffffff,0.0051,0.00851,0.0266,0.167,0.35,0.409,1.42,1.58,2.02,1.26,0.463,0.0212,medium
87397105cffffff,0.00279,0.00466,0.0146,0.0919,0.194,0.223,0.79,0.888,1.15,0.707,0.256,0.0116,medium
87397105dffffff,0.00718,0.012,0.0374,0.234,0.488,0.559,1.87,2.09,2.65,1.7,0.635,0.0298,high
87397105effffff,0.00301,0.00503,0.0157,0.0989,0.208,0.241,0.85,0.95,1.22,0.756,0.275,0.0125,medium
873971060ffffff,0.00567,0.00947,0.0296,0.186,0.392,0.446,1.57,1.76,2.26,1.41,0.516,0.0236,medium
873971061ffffff,0.00608,0.0101,0.0317,0.2,0.421,0.479,1.7,1.9,2.45,1.52,0.555,0.0253,high
873971062ffffff,0.00324,0.00541,0.0169,0.107,0.225,0.258,0.914,1.03,1.33,0.82,0.297,0.0135,high
873971063ffffff,0.00507,0.00847,0.0265,0.167,0.351,0.402,1.41,1.59,2.04,1.27,0.463,0.0211,high
873971064ffffff,0.00547,0.00914,0.0286,0.18,0.379,0.43,1.53,1.71,2.22,1.37,0.5,0.0228,medium
873971065ffffff,0.00763,0.0127,0.0398,0.251,0.527,0.599,2.1,2.36,3.03,1.89,0.692,0.0317,medium
873971066ffffff,0.00491,0.0082,0.0256,0.161,0.339,0.384,1.36,1.52,1.98,1.23,0.448,0.0204,medium
873971068ffffff,0.00723,0.0121,0.0377,0.237,0.499,0.57,1.99,2.24,2.86,1.79,0.655,0.0301,high
873971069ffffff,0.0073,0.0122,0.0381,0.239,0.501,0.574,1.98,2.21,2.78,1.76,0.651,0.0304,high
87397106affffff,0.00755,0.0126,0.0394,0.246,0.515,0.59,1.99,2.23,2.83,1.8,0.671,0.0314,medium
87397106bffffff,0.0118,0.0197,0.0615,0.38,0.784,0.898,2.87,3.18,3.89,2.59,0.998,0.0491,high
87397106cffffff,0.0845,0.141,0.428,2.29,4.26,4.65,10.5,11.3,13.1,10,4.8,0.339,high
87397106dffffff,0.0115,0.0192,0.0598,0.374,0.78,0.887,2.98,3.32,4.16,2.68,1.01,0.0477,medium
87397106effffff,0.00492,0.00821,0.0257,0.162,0.341,0.39,1.38,1.55,2.01,1.24,0.45,0.0205,high
873971070ffffff,0.00334,0.00557,0.0174,0.11,0.231,0.263,0.921,1.04,1.36,0.84,0.306,0.0139,medium
873971071ffffff,0.00461,0.0077,0.0241,0.151,0.319,0.365,1.27,1.43,1.86,1.15,0.421,0.0192,medium
873971072ffffff,0.00267,0.00446,0.0139,0.0877,0.185,0.211,0.74,0.833,1.09,0.675,0.245,0.0111,high
873971073ffffff,0.00236,0.00394,0.0123,0.0776,0.164,0.187,0.66,0.742,0.977,0.6,0.217,0.00983,low
873971074ffffff,0.0078,0.013,0.0406,0.252,0.526,0.598,1.95,2.18,2.78,1.8,0.682,0.0324,medium
873971075ffffff,0.00347,0.0058,0.0181,0.114,0.241,0.275,0.965,1.09,1.43,0.879,0.319,0.0145,medium
873971076ffffff,0.00343,0.00572,0.0179,0.112,0.237,0.27,0.945,1.06,1.39,0.862,0.314,0.0143,high
873971080ffffff,9.61e-4,0.00161,0.00502,0.0316,0.0671,0.0783,0.267,0.305,0.402,0.249,0.0892,0.004,low
873971081ffffff,0.001,0.00167,0.00524,0.033,0.0698,0.0817,0.282,0.318,0.419,0.258,0.0927,0.00418,low
873971082ffffff,8.98e-4,0.0015,0.00469,0.0296,0.0629,0.0738,0.251,0.287,0.377,0.234,0.0834,0.00374,low
873971083ffffff,9.67e-4,0.00162,0.00505,0.0318,0.0675,0.0796,0.272,0.309,0.406,0.25,0.0896,0.00403,low
873971084ffffff,9.2e-4,0.00154,0.00481,0.0303,0.064,0.0735,0.252,0.287,0.382,0.238,0.0854,0.00383,low
873971085ffffff,9.89e-4,0.00165,0.00517,0.0326,0.0688,0.0791,0.272,0.309,0.411,0.255,0.0917,0.00412,low
873971086ffffff,0.001,0.00168,0.00524,0.033,0.0701,0.0821,0.28,0.319,0.42,0.261,0.0931,0.00418,low
873971088ffffff,0.00124,0.00207,0.00646,0.0407,0.0862,0.102,0.351,0.397,0.519,0.318,0.114,0.00516,low
873971089ffffff,0.00143,0.00239,0.00747,0.0471,0.0995,0.118,0.404,0.457,0.597,0.366,0.132,0.00597,low
87397108affffff,0.00126,0.00211,0.0066,0.0416,0.088,0.104,0.358,0.405,0.53,0.324,0.117,0.00527,low
87397108bffffff,0.00132,0.00221,0.00689,0.0434,0.0919,0.109,0.374,0.423,0.553,0.339,0.122,0.0055,low
87397108cffffff,0.00127,0.00212,0.00662,0.0417,0.0881,0.103,0.356,0.402,0.529,0.325,0.117,0.00528,low
87397108dffffff,0.00125,0.00209,0.00653,0.0412,0.087,0.102,0.351,0.396,0.522,0.321,0.116,0.00521,low
87397108effffff,9.15e-4,0.00153,0.00478,0.0301,0.0637,0.0756,0.26,0.294,0.384,0.235,0.0846,0.00382,low
873971090ffffff,8.02e-4,0.00134,0.00419,0.0264,0.0561,0.0659,0.224,0.256,0.337,0.209,0.0745,0.00334,low
873971091ffffff,8.8e-4,0.00147,0.0046,0.029,0.0616,0.0723,0.246,0.281,0.37,0.229,0.0817,0.00367,low
873971092ffffff,7.6e-4,0.00127,0.00397,0.025,0.0532,0.0624,0.212,0.243,0.319,0.198,0.0706,0.00317,low
873971093ffffff,8.99e-4,0.0015,0.00469,0.0296,0.0628,0.0738,0.251,0.286,0.376,0.233,0.0834,0.00375,low
873971094ffffff,8.34e-4,0.00139,0.00435,0.0275,0.0583,0.0685,0.233,0.266,0.35,0.217,0.0774,0.00348,low
873971095ffffff,0.00108,0.00181,0.00564,0.0356,0.0756,0.0887,0.302,0.345,0.453,0.281,0.1,0.00451,low
873971096ffffff,7.63e-4,0.00127,0.00398,0.0251,0.0533,0.0624,0.211,0.242,0.318,0.198,0.0709,0.00318,low
873971098ffffff,9.81e-4,0.00164,0.00513,0.0323,0.0684,0.081,0.278,0.314,0.412,0.253,0.0908,0.00409,low
873971099ffffff,0.00109,0.00182,0.00569,0.0359,0.0759,0.0901,0.309,0.349,0.457,0.28,0.101,0.00455,low
87397109affffff,0.00162,0.00271,0.00846,0.0532,0.113,0.133,0.45,0.51,0.665,0.413,0.149,0.00675,low
87397109bffffff,0.0013,0.00217,0.00677,0.0426,0.0902,0.107,0.366,0.414,0.541,0.332,0.12,0.0054,low
87397109cffffff,0.00109,0.00183,0.00571,0.036,0.0765,0.0898,0.305,0.349,0.458,0.284,0.102,0.00456,low
87397109dffffff,0.00108,0.00181,0.00566,0.0357,0.0755,0.0896,0.307,0.347,0.454,0.278,0.1,0.00452,low
87397109effffff,0.00107,0.00178,0.00557,0.0352,0.0747,0.0876,0.298,0.34,0.447,0.277,0.0991,0.00445,low
8739710a0ffffff,0.00135,0.00225,0.00703,0.0443,0.0936,0.107,0.367,0.419,0.557,0.347,0.125,0.00561,low
8739710a1ffffff,0.00122,0.00203,0.00636,0.0401,0.0847,0.0971,0.333,0.38,0.505,0.314,0.113,0.00507,low
8739710a2ffffff,0.00107,0.00178,0.00558,0.0351,0.0743,0.0852,0.292,0.333,0.443,0.275,0.099,0.00445,low
8739710a3ffffff,0.00146,0.00245,0.00764,0.0481,0.102,0.117,0.398,0.454,0.603,0.376,0.135,0.00609,low
8739710a4ffffff,0.00125,0.00209,0.00652,0.0411,0.0868,0.0996,0.341,0.389,0.517,0.322,0.116,0.0052,low
8739710a5ffffff,0.00202,0.00337,0.0105,0.0661,0.139,0.16,0.538,0.612,0.807,0.509,0.185,0.00839,low
8739710a6ffffff,0.00112,0.00188,0.00587,0.037,0.0782,0.0897,0.307,0.351,0.466,0.29,0.104,0.00468,low
8739710a8ffffff,0.00107,0.00179,0.00559,0.0352,0.0744,0.0858,0.298,0.336,0.446,0.275,0.099,0.00446,low
8739710a9ffffff,0.00126,0.00211,0.00661,0.0416,0.0879,0.101,0.352,0.397,0.526,0.325,0.117,0.00527,medium
8739710aaffffff,0.00125,0.00209,0.00653,0.0411,0.0869,0.1,0.347,0.391,0.519,0.321,0.116,0.00521,low
8739710abffffff,0.00112,0.00187,0.00583,0.0367,0.0776,0.0895,0.311,0.351,0.465,0.287,0.103,0.00465,low
8739710acffffff,0.00156,0.0026,0.00813,0.0512,0.108,0.125,0.432,0.487,0.645,0.399,0.144,0.00648,low
8739710adffffff,0.00131,0.00219,0.00685,0.0432,0.0912,0.105,0.365,0.412,0.546,0.337,0.121,0.00547,low
8739710aeffffff,0.00104,0.00175,0.00546,0.0344,0.0727,0.0836,0.289,0.328,0.435,0.269,0.0968,0.00435,low
8739710b0ffffff,9.62e-4,0.00161,0.00503,0.0317,0.067,0.0772,0.264,0.302,0.4,0.249,0.0893,0.00401,low
8739710b1ffffff,0.00093000000000000005,0.00155,0.00486,0.0306,0.0648,0.0743,0.255,0.291,0.387,0.24,0.0863,0.00388,low
8739710b2ffffff,8.74e-4,0.00146,0.00456,0.0287,0.061,0.0712,0.24,0.276,0.362,0.226,0.0811,0.00364,low
8739710b3ffffff,9.11e-4,0.00152,0.00476,0.03,0.0638,0.0748,0.255,0.291,0.383,0.237,0.0846,0.0038,low
8739710b4ffffff,9.94e-4,0.00166,0.00519,0.0327,0.0691,0.0791,0.268,0.309,0.409,0.256,0.0923,0.00414,low
8739710b5ffffff,0.0012,0.002,0.00624,0.0393,0.0831,0.0954,0.326,0.372,0.495,0.308,0.111,0.00498,low
8739710b6ffffff,9.45e-4,0.00158,0.00494,0.0311,0.0657,0.0757,0.255,0.294,0.388,0.244,0.0878,0.00394,low
8739710c0ffffff,0.00178,0.00297,0.0093,0.0585,0.123,0.143,0.502,0.562,0.739,0.452,0.164,0.00742,medium
8739710c1ffffff,0.00175,0.00293,0.00915,0.0576,0.121,0.141,0.498,0.557,0.724,0.444,0.161,0.00731,medium
8739710c2ffffff,0.00145,0.00243,0.00758,0.0475,0.1,0.119,0.415,0.464,0.601,0.367,0.133,0.00605,low
8739710c3ffffff,0.00277,0.00462,0.0144,0.0903,0.19,0.225,0.77,0.86,1.1,0.684,0.251,0.0115,low
8739710c4ffffff,0.00203,0.00338,0.0106,0.0665,0.14,0.163,0.57,0.639,0.839,0.514,0.186,0.00844,medium
8739710c5ffffff,0.00188,0.00313,0.0098,0.0617,0.13,0.151,0.529,0.592,0.779,0.476,0.173,0.00782,medium
8739710c6ffffff,0.00157,0.00261,0.00817,0.0514,0.108,0.126,0.441,0.495,0.651,0.398,0.144,0.00652,medium
8739710c8ffffff,0.00225,0.00376,0.0117,0.0735,0.154,0.183,0.642,0.717,0.913,0.56,0.206,0.00938,medium
8739710c9ffffff,0.00216,0.00361,0.0113,0.0708,0.149,0.175,0.618,0.69,0.881,0.541,0.198,0.00902,medium
8739710caffffff,0.00178,0.00298,0.0093,0.0581,0.122,0.146,0.51,0.572,0.721,0.44,0.163,0.0074400000000000004,medium
8739710cbffffff,0.00222,0.00371,0.0116,0.0723,0.151,0.182,0.635,0.711,0.897,0.548,0.203,0.00926,medium
8739710ccffffff,0.0023,0.00384,0.012,0.0753,0.158,0.185,0.654,0.729,0.936,0.577,0.21,0.00957,medium
8739710cdffffff,0.00219,0.00365,0.0114,0.0718,0.151,0.176,0.624,0.696,0.895,0.551,0.201,0.00912,medium
8739710ceffffff,0.00332,0.00554,0.0173,0.108,0.227,0.269,0.94,1.05,1.33,0.821,0.302,0.0138,low
8739710d0ffffff,0.00298,0.00498,0.0155,0.0973,0.205,0.245,0.844,0.944,1.21,0.746,0.272,0.0124,medium
8739710d1ffffff,0.00141,0.00236,0.00736,0.0461,0.0973,0.116,0.405,0.453,0.583,0.357,0.129,0.00588,low
8739710d2ffffff,0.00157,0.00263,0.00821,0.0514,0.108,0.13,0.451,0.504,0.649,0.397,0.144,0.00656,low
8739710d3ffffff,0.00165,0.00275,0.00859,0.0538,0.114,0.136,0.472,0.528,0.68,0.416,0.151,0.00687,low
8739710d4ffffff,0.00151,0.00252,0.00787,0.0494,0.104,0.124,0.431,0.483,0.624,0.382,0.139,0.00629,low
8739710d5ffffff,0.00138,0.0023,0.00718,0.045,0.095,0.113,0.394,0.441,0.569,0.348,0.126,0.00574,low
8739710d6ffffff,0.00182,0.00304,0.00949,0.0596,0.126,0.15,0.515,0.58,0.752,0.462,0.167,0.00758,low
8739710d8ffffff,0.00171,0.00286,0.00895,0.056,0.118,0.141,0.491,0.55,0.701,0.429,0.157,0.00715,medium
8739710d9ffffff,0.00199,0.00332,0.0104,0.0648,0.136,0.163,0.568,0.636,0.802,0.491,0.181,0.0083,medium
8739710daffffff,0.00163,0.00273,0.00853,0.0534,0.113,0.135,0.469,0.525,0.674,0.412,0.15,0.00682,low
8739710dbffffff,0.00197,0.0033,0.0103,0.0642,0.134,0.161,0.563,0.631,0.796,0.486,0.18,0.00823,medium
8739710dcffffff,0.00201,0.00336,0.0105,0.0658,0.139,0.166,0.576,0.644,0.828,0.508,0.185,0.0084,low
8739710ddffffff,0.00206,0.00344,0.0108,0.0672,0.141,0.169,0.589,0.66,0.836,0.511,0.188,0.0086,low
8739710deffffff,0.00205,0.00343,0.0107,0.067,0.141,0.169,0.586,0.655,0.842,0.516,0.188,0.00855,low
8739710e0ffffff,0.00203,0.00338,0.0106,0.0665,0.14,0.163,0.57,0.639,0.839,0.514,0.186,0.00844,medium
8739710e1ffffff,0.00335,0.00559,0.0175,0.11,0.231,0.268,0.931,1.04,1.36,0.841,0.306,0.0139,medium
8739710e2ffffff,0.00181,0.00303,0.00946,0.0595,0.126,0.146,0.511,0.572,0.752,0.46,0.167,0.00755,medium
8739710e3ffffff,0.00194,0.00324,0.0101,0.0638,0.134,0.156,0.546,0.612,0.805,0.493,0.179,0.00809,medium
8739710e4ffffff,0.0022,0.00367,0.0115,0.0721,0.152,0.176,0.615,0.688,0.903,0.555,0.202,0.00916,high
8739710e5ffffff,0.00426,0.00711,0.0222,0.139,0.292,0.337,1.15,1.29,1.67,1.05,0.385,0.0177,medium
8739710e6ffffff,0.0016,0.00267,0.00833,0.0525,0.111,0.128,0.45,0.504,0.663,0.406,0.147,0.00665,high
8739710e8ffffff,0.00537,0.00896,0.028,0.175,0.367,0.428,1.47,1.64,2.08,1.31,0.484,0.0224,medium
8739710e9ffffff,0.00295,0.00493,0.0154,0.0966,0.203,0.237,0.834,0.928,1.19,0.736,0.269,0.0123,medium
8739710eaffffff,0.00244,0.00408,0.0128,0.0802,0.169,0.197,0.694,0.773,0.995,0.613,0.224,0.0102,medium
8739710ebffffff,0.00219,0.00366,0.0114,0.0719,0.151,0.177,0.625,0.697,0.896,0.551,0.201,0.00913,medium
8739710ecffffff,0.00259,0.00433,0.0135,0.085,0.179,0.208,0.734,0.819,1.06,0.652,0.237,0.0108,medium
8739710edffffff,0.00221,0.00369,0.0115,0.0725,0.152,0.178,0.63,0.702,0.903,0.556,0.202,0.00921,medium
8739710eeffffff,0.00191,0.00319,0.00996,0.0627,0.132,0.154,0.54,0.604,0.79,0.484,0.176,0.00796,medium
8739710f0ffffff,0.00121,0.00202,0.0063,0.0397,0.0838,0.0969,0.339,0.381,0.503,0.308,0.111,0.00503,low
8739710f1ffffff,0.00161,0.0027,0.00843,0.053,0.112,0.13,0.455,0.509,0.67,0.41,0.149,0.00673,medium
8739710f2ffffff,0.00116,0.00193,0.00604,0.0381,0.0804,0.0934,0.324,0.365,0.483,0.297,0.107,0.00482,low
8739710f3ffffff,0.00136,0.00228,0.00712,0.0448,0.0945,0.11,0.385,0.432,0.567,0.347,0.126,0.00569,low
8739710f4ffffff,0.00123,0.00206,0.00645,0.0406,0.0858,0.0989,0.344,0.388,0.514,0.317,0.114,0.00514,medium
8739710f5ffffff,0.00169,0.00283,0.00885,0.0557,0.117,0.136,0.477,0.534,0.702,0.43,0.156,0.00706,medium
8739710f6ffffff,0.00124,0.00208,0.0065,0.041,0.0865,0.0998,0.347,0.391,0.519,0.32,0.115,0.00519,low
873971100ffffff,0.0229,0.0383,0.119,0.743,1.54,1.73,5.64,6.38,8.15,5.29,2,0.0953,medium
873971101ffffff,0.0133,0.0222,0.0693,0.435,0.912,1.02,3.5,3.98,5.18,3.26,1.2,0.0553,medium
873971102ffffff,0.0318,0.053,0.163,0.939,1.84,2.02,5.33,5.88,7.14,5.09,2.2,0.13,high
873971103ffffff,0.0121,0.0202,0.0631,0.393,0.819,0.917,3.02,3.41,4.38,2.83,1.06,0.0504,high
873971104ffffff,0.0348,0.0582,0.181,1.11,2.28,2.55,7.87,8.83,11.1,7.43,2.9,0.144,medium
873971105ffffff,0.0171,0.0286,0.0894,0.561,1.17,1.32,4.47,5.08,6.59,4.17,1.54,0.0713,low
873971106ffffff,0.0314,0.0525,0.164,1.01,2.07,2.3,7.06,7.92,9.88,6.69,2.63,0.13,high
873971108ffffff,0.00764,0.0128,0.0399,0.25,0.526,0.59,2.04,2.31,3.02,1.89,0.693,0.0318,medium
873971109ffffff,0.0078,0.013,0.0407,0.256,0.537,0.603,2.09,2.36,3.09,1.93,0.708,0.0325,low
87397110affffff,0.0078,0.013,0.0407,0.253,0.527,0.59,1.94,2.19,2.81,1.82,0.684,0.0324,medium
87397110bffffff,0.00571,0.00954,0.0298,0.187,0.394,0.442,1.54,1.74,2.28,1.42,0.52,0.0238,medium
87397110cffffff,0.0185,0.031,0.0967,0.603,1.26,1.41,4.65,5.26,6.75,4.36,1.64,0.0771,medium
87397110dffffff,0.0168,0.028,0.0875,0.544,1.13,1.27,4.19,4.7,6.03,3.9,1.47,0.0698,medium
87397110effffff,0.00828,0.0138,0.0432,0.272,0.57,0.64,2.2,2.5,3.27,2.05,0.752,0.0345,medium
873971110ffffff,0.00471,0.00788,0.0246,0.155,0.325,0.365,1.25,1.43,1.87,1.18,0.43,0.0196,low
873971111ffffff,0.0035,0.00585,0.0183,0.115,0.24,0.269,0.918,1.04,1.36,0.857,0.316,0.0146,high
873971112ffffff,0.00362,0.00605,0.0189,0.119,0.25,0.282,0.971,1.12,1.46,0.916,0.333,0.0151,low
873971113ffffff,0.00326,0.00544,0.017,0.107,0.225,0.254,0.875,1,1.32,0.823,0.299,0.0136,low
873971114ffffff,0.00543,0.00908,0.0284,0.179,0.375,0.42,1.44,1.66,2.16,1.36,0.495,0.0226,low
873971115ffffff,0.00441,0.00737,0.0231,0.145,0.304,0.342,1.18,1.35,1.76,1.1,0.403,0.0184,high
873971116ffffff,0.00428,0.00716,0.0224,0.141,0.296,0.332,1.15,1.32,1.72,1.08,0.392,0.0179,low
873971118ffffff,0.00254,0.00425,0.0133,0.0836,0.176,0.198,0.685,0.781,1.02,0.638,0.233,0.0106,high
873971119ffffff,0.00678,0.0113,0.0354,0.222,0.465,0.522,1.78,2.03,2.63,1.66,0.612,0.0282,high
87397111affffff,0.0033,0.00551,0.0172,0.108,0.228,0.259,0.889,1.02,1.34,0.837,0.304,0.0137,low
87397111bffffff,0.00348,0.00581,0.0182,0.114,0.24,0.272,0.933,1.07,1.41,0.879,0.319,0.0145,high
87397111cffffff,0.053900000000000003,0.0891,0.264,1.23,2.09,2.22,4.22,4.52,5.19,4.1,2.22,0.209,high
87397111dffffff,0.00898,0.015,0.0468,0.291,0.605,0.677,2.21,2.49,3.18,2.07,0.784,0.0374,high
87397111effffff,0.00403,0.00673,0.021,0.132,0.278,0.313,1.08,1.23,1.61,1,0.367,0.0168,medium
873971121ffffff,0.0173,0.0288,0.0903,0.57,1.2,1.34,4.58,5.2,6.71,4.23,1.56,0.0719,low
873971122ffffff,0.0624,0.104,0.322,1.9,3.77,4.15,11.1,12.3,14.9,10.7,4.54,0.256,medium
873971123ffffff,0.118,0.197,0.601,3.3,6.23,6.77,15.9,17.3,20.1,15.3,7.13,0.477,high
873971128ffffff,0.0126,0.021,0.0658,0.415,0.873,0.979,3.38,3.84,4.97,3.12,1.14,0.0524,low
873971129ffffff,0.0145,0.0243,0.0759,0.476,0.993,1.12,3.76,4.24,5.4,3.44,1.29,0.0605,low
87397112affffff,0.0168,0.028,0.0875,0.548,1.15,1.29,4.35,4.93,6.38,4.06,1.5,0.0698,medium
87397112bffffff,0.0133,0.0223,0.0696,0.436,0.915,1.03,3.5,3.97,5.16,3.26,1.2,0.0555,medium
87397112cffffff,0.0197,0.033,0.103,0.647,1.35,1.51,5.03,5.69,7.25,4.66,1.74,0.0821,low
87397112dffffff,0.0138,0.023,0.0721,0.456,0.957,1.07,3.69,4.2,5.42,3.41,1.25,0.0574,low
87397112effffff,0.0187,0.0312,0.0977,0.615,1.29,1.44,4.89,5.55,7.14,4.53,1.68,0.0779,low
873971130ffffff,0.0147,0.0245,0.0766,0.476,0.988,1.1,3.57,4.05,5.16,3.38,1.28,0.061,medium
873971131ffffff,0.101,0.169,0.521,2.99,5.82,6.38,16,17.6,20.8,15.5,6.9,0.414,medium
873971132ffffff,0.0053,0.00886,0.0277,0.174,0.366,0.411,1.42,1.63,2.13,1.33,0.485,0.0221,high
873971133ffffff,0.0116,0.0193,0.0604,0.376,0.781,0.873,2.85,3.24,4.14,2.69,1.01,0.0481,high
873971135ffffff,0.0401,0.067,0.209,1.29,2.64,2.94,8.99,10.1,12.6,8.56,3.35,0.166,low
873971136ffffff,0.00696,0.0116,0.0364,0.228,0.478,0.536,1.83,2.09,2.72,1.72,0.631,0.029,medium
873971140ffffff,0.00809,0.0135,0.0422,0.265,0.557,0.629,2.2,2.47,3.2,2,0.733,0.0337,medium
873971141ffffff,0.00648,0.0108,0.0339,0.213,0.449,0.507,1.79,2.01,2.63,1.63,0.593,0.027,medium
873971142ffffff,0.00644,0.0108,0.0336,0.212,0.445,0.503,1.77,1.99,2.6,1.61,0.588,0.0268,medium
873971143ffffff,0.00714,0.0119,0.0373,0.234,0.493,0.556,1.95,2.19,2.85,1.77,0.649,0.0297,medium
873971144ffffff,0.0174,0.0291,0.0908,0.561,1.16,1.31,4.14,4.62,5.74,3.8,1.48,0.0724,medium
873971145ffffff,0.00733,0.0122,0.0383,0.241,0.505,0.574,2,2.25,2.89,1.81,0.663,0.0305,medium
873971146ffffff,0.00901,0.0151,0.047,0.294,0.617,0.693,2.37,2.67,3.47,2.19,0.81,0.0375,medium
873971148ffffff,0.022,0.0366,0.114,0.696,1.43,1.6,4.89,5.4,6.67,4.52,1.79,0.0909,medium
873971149ffffff,0.0429,0.0715,0.221,1.31,2.63,2.93,8.39,9.21,11.2,7.77,3.21,0.176,high
87397114affffff,0.0102,0.017,0.053,0.332,0.697,0.786,2.71,3.04,3.92,2.47,0.914,0.0423,medium
87397114bffffff,0.0138,0.023,0.072,0.45,0.942,1.07,3.62,4.05,5.13,3.28,1.23,0.0574,medium
87397114cffffff,0.00847,0.0141,0.0442,0.278,0.584,0.659,2.3,2.58,3.36,2.09,0.768,0.0353,medium
87397114dffffff,0.00854,0.0143,0.0446,0.281,0.591,0.67,2.36,2.65,3.42,2.13,0.777,0.0356,medium
87397114effffff,0.00727,0.0121,0.038,0.239,0.502,0.567,2,2.24,2.92,1.81,0.663,0.0303,medium
873971150ffffff,0.0324,0.0541,0.166,0.941,1.82,2,5.21,5.73,6.99,4.95,2.16,0.132,high
873971151ffffff,0.00571,0.00953,0.0298,0.187,0.394,0.444,1.56,1.75,2.29,1.42,0.52,0.0238,medium
873971152ffffff,0.0149,0.0248,0.0775,0.484,1.01,1.14,3.83,4.32,5.58,3.55,1.32,0.0618,high
873971153ffffff,0.0113,0.0189,0.0591,0.369,0.772,0.865,2.91,3.27,4.22,2.7,1.01,0.0471,high
873971154ffffff,0.0332,0.0555,0.173,1.05,2.13,2.37,6.98,7.72,9.5,6.59,2.67,0.137,medium
873971155ffffff,0.0074,0.0124,0.0386,0.243,0.51,0.573,1.99,2.25,2.95,1.84,0.674,0.0308,medium
873971156ffffff,0.0183,0.0306,0.0956,0.593,1.23,1.38,4.48,5.02,6.4,4.18,1.59,0.0762,medium
873971158ffffff,0.00519,0.00867,0.0271,0.171,0.359,0.405,1.43,1.6,2.09,1.3,0.474,0.0216,medium
873971159ffffff,0.0114,0.019,0.0594,0.37,0.772,0.869,2.91,3.25,4.15,2.66,1,0.0473,medium
87397115affffff,0.00513,0.00858,0.0268,0.169,0.355,0.402,1.41,1.59,2.07,1.28,0.469,0.0214,medium
87397115bffffff,0.00481,0.00804,0.0251,0.158,0.333,0.376,1.32,1.49,1.94,1.2,0.439,0.02,medium
87397115cffffff,0.0112,0.0187,0.0583,0.362,0.754,0.848,2.8,3.12,3.97,2.57,0.975,0.0465,high
87397115dffffff,0.0173,0.0289,0.0898,0.55,1.13,1.27,3.91,4.32,5.38,3.62,1.43,0.0716,medium
87397115effffff,0.00465,0.00777,0.0243,0.153,0.322,0.364,1.29,1.45,1.89,1.17,0.426,0.0194,high
873971160ffffff,0.00804,0.0134,0.042,0.265,0.557,0.635,2.2,2.5,3.21,1.99,0.731,0.0335,low
873971161ffffff,0.00636,0.0106,0.0333,0.21,0.441,0.505,1.77,2,2.55,1.59,0.58,0.0265,medium
873971162ffffff,0.00739,0.0124,0.0387,0.244,0.512,0.583,2.03,2.3,2.97,1.84,0.673,0.0308,medium
873971163ffffff,0.00764,0.0128,0.0399,0.251,0.527,0.604,2.09,2.36,3,1.88,0.691,0.0318,medium
873971164ffffff,0.0147,0.0246,0.0767,0.475,0.981,1.11,3.53,3.96,4.97,3.25,1.25,0.0611,low
873971165ffffff,0.0102,0.017,0.0533,0.335,0.701,0.801,2.74,3.1,3.94,2.48,0.917,0.0425,low
873971166ffffff,0.0102,0.017,0.0531,0.335,0.702,0.799,2.75,3.12,4.01,2.5,0.92,0.0423,low
873971168ffffff,0.00611,0.0102,0.0319,0.202,0.423,0.485,1.7,1.92,2.46,1.52,0.557,0.0255,medium
873971169ffffff,0.00681,0.0114,0.0356,0.224,0.471,0.541,1.89,2.15,2.74,1.7,0.619,0.0284,high
87397116affffff,0.00613,0.0102,0.032,0.202,0.424,0.486,1.7,1.93,2.46,1.53,0.558,0.0255,medium
87397116bffffff,0.0068,0.0114,0.0355,0.224,0.471,0.539,1.88,2.13,2.72,1.69,0.619,0.0283,medium
87397116cffffff,0.00608,0.0102,0.0318,0.2,0.421,0.483,1.69,1.91,2.44,1.51,0.554,0.0253,medium
87397116dffffff,0.00728,0.0122,0.0381,0.24,0.502,0.576,1.99,2.25,2.86,1.79,0.658,0.0303,medium
87397116effffff,0.00597,0.00998,0.0312,0.197,0.413,0.474,1.66,1.88,2.4,1.49,0.544,0.0249,medium
873971170ffffff,0.0237,0.0396,0.124,0.769,1.6,1.8,5.89,6.61,8.39,5.46,2.07,0.0985,medium
873971171ffffff,0.0108,0.0181,0.0566,0.353,0.736,0.827,2.76,3.1,3.98,2.55,0.956,0.0451,medium
873971172ffffff,0.0273,0.0456,0.142,0.862,1.76,1.96,5.94,6.6,8.25,5.58,2.22,0.113,medium
873971173ffffff,0.00809,0.0135,0.0423,0.266,0.559,0.628,2.19,2.48,3.25,2.02,0.738,0.0337,medium
873971174ffffff,0.0235,0.0392,0.122,0.758,1.57,1.77,5.64,6.32,7.91,5.19,2,0.0974,medium
873971175ffffff,0.0132,0.0221,0.069,0.434,0.909,1.03,3.53,4,5.13,3.22,1.19,0.055,medium
873971176ffffff,0.0227,0.0379,0.118,0.728,1.5,1.68,5.33,5.96,7.52,4.96,1.92,0.0941,medium
873971181ffffff,0.00218,0.00365,0.0114,0.0717,0.151,0.171,0.585,0.672,0.883,0.555,0.201,0.0091,low
873971188ffffff,0.0023,0.00384,0.012,0.0754,0.159,0.181,0.62,0.709,0.937,0.584,0.212,0.00957,low
873971189ffffff,0.00203,0.00339,0.0106,0.0665,0.14,0.159,0.546,0.624,0.824,0.514,0.187,0.00844,medium
87397118affffff,0.00218,0.00365,0.0114,0.0718,0.152,0.174,0.592,0.675,0.894,0.559,0.202,0.00909,low
87397118bffffff,0.00277,0.00462,0.0144,0.0908,0.191,0.219,0.741,0.843,1.11,0.7,0.254,0.0115,low
87397118cffffff,0.00184,0.00308,0.00962,0.0605,0.128,0.145,0.5,0.571,0.757,0.47,0.17,0.00767,low
87397118dffffff,0.0018600000000000001,0.0031,0.00969,0.061,0.128,0.146,0.503,0.575,0.762,0.473,0.171,0.00773,low
87397118effffff,0.00183,0.00306,0.00955,0.0601,0.127,0.144,0.494,0.566,0.748,0.466,0.169,0.00762,low
873971198ffffff,0.00129,0.00216,0.00674,0.0424,0.0896,0.103,0.345,0.399,0.527,0.332,0.12,0.00538,low
873971199ffffff,0.00108,0.00181,0.00565,0.0356,0.0753,0.0863,0.295,0.338,0.449,0.279,0.1,0.00451,low
87397119affffff,9.85e-4,0.00165,0.00515,0.0324,0.0685,0.0784,0.265,0.306,0.405,0.254,0.0915,0.00411,low
87397119bffffff,0.00213,0.00356,0.0111,0.0699,0.147,0.169,0.571,0.653,0.862,0.542,0.196,0.00886,low
87397119dffffff,0.00143,0.00239,0.00747,0.047,0.0994,0.114,0.385,0.443,0.587,0.368,0.133,0.00596,low
8739711a0ffffff,0.00424,0.00709,0.0222,0.139,0.293,0.331,1.12,1.29,1.69,1.07,0.389,0.0177,low
8739711a1ffffff,0.00396,0.00661,0.0207,0.13,0.273,0.309,1.05,1.21,1.58,0.999,0.364,0.0165,low
8739711a2ffffff,0.00299,0.005,0.0156,0.0984,0.207,0.235,0.803,0.924,1.21,0.762,0.276,0.0125,low
8739711a3ffffff,0.00441,0.00737,0.023,0.144,0.304,0.344,1.16,1.33,1.74,1.1,0.403,0.0184,low
8739711a4ffffff,0.0038,0.00636,0.0199,0.125,0.263,0.298,1.02,1.17,1.54,0.965,0.35,0.0158,low
8739711a5ffffff,0.00576,0.00962,0.03,0.187,0.391,0.441,1.44,1.64,2.12,1.37,0.513,0.0239,low
8739711a6ffffff,0.004,0.00668,0.0209,0.131,0.276,0.312,1.06,1.22,1.59,1.01,0.367,0.0166,low
8739711a8ffffff,0.00286,0.00478,0.0149,0.0939,0.198,0.224,0.772,0.883,1.17,0.727,0.264,0.0119,low
8739711a9ffffff,0.00261,0.00437,0.0136,0.0858,0.181,0.205,0.706,0.807,1.07,0.664,0.241,0.0109,low
8739711aaffffff,0.00311,0.00519,0.0162,0.102,0.215,0.243,0.831,0.951,1.25,0.785,0.285,0.0129,low
8739711abffffff,0.00223,0.0037200000000000002,0.0116,0.0732,0.154,0.175,0.604,0.691,0.915,0.568,0.206,0.00928,low
8739711acffffff,0.00331,0.00553,0.0173,0.109,0.229,0.259,0.884,1.02,1.33,0.839,0.305,0.0138,low
8739711adffffff,0.00431,0.00721,0.0225,0.141,0.297,0.337,1.15,1.31,1.73,1.08,0.395,0.018,low
8739711aeffffff,0.00296,0.00495,0.0155,0.0973,0.205,0.232,0.794,0.912,1.2,0.753,0.273,0.0123,low
873971200ffffff,0.00463,0.00773,0.0242,0.151,0.318,0.377,1.33,1.48,1.83,1.15,0.419,0.0193,medium
873971201ffffff,0.00513,0.00856,0.0268,0.168,0.352,0.417,1.48,1.63,2.02,1.27,0.464,0.0214,medium
873971202ffffff,0.00538,0.00898,0.0281,0.176,0.369,0.437,1.55,1.71,2.12,1.33,0.487,0.0224,low
873971203ffffff,0.00505,0.00843,0.0263,0.165,0.347,0.411,1.45,1.61,1.99,1.25,0.457,0.021,medium
873971204ffffff,0.00461,0.0077,0.0241,0.151,0.317,0.375,1.33,1.47,1.82,1.14,0.417,0.0192,medium
873971205ffffff,0.00472,0.00789,0.0246,0.155,0.324,0.384,1.36,1.51,1.86,1.17,0.428,0.0197,low
873971206ffffff,0.00614,0.0103,0.032,0.201,0.42,0.498,1.74,1.93,2.37,1.5,0.553,0.0256,low
873971208ffffff,0.00515,0.00861,0.0269,0.168,0.354,0.422,1.48,1.66,2,1.27,0.465,0.0215,medium
873971209ffffff,0.00568,0.00949,0.0297,0.185,0.39,0.465,1.63,1.83,2.2,1.39,0.512,0.0237,medium
87397120affffff,0.00326,0.00544,0.017,0.106,0.224,0.268,0.95,1.06,1.28,0.808,0.295,0.0136,medium
87397120bffffff,0.00295,0.00493,0.0154,0.0965,0.203,0.243,0.862,0.964,1.16,0.733,0.268,0.0123,medium
87397120cffffff,0.00731,0.0122,0.0381,0.237,0.494,0.586,1.98,2.2,2.64,1.71,0.642,0.0304,medium
87397120dffffff,0.00515,0.00861,0.0269,0.168,0.355,0.423,1.5,1.67,2.02,1.27,0.466,0.0215,medium
87397120effffff,0.00415,0.00693,0.0217,0.136,0.286,0.34,1.2,1.34,1.64,1.03,0.376,0.0173,medium
873971210ffffff,0.00664,0.0111,0.0347,0.217,0.456,0.54,1.9,2.11,2.6,1.64,0.6,0.0277,medium
873971211ffffff,0.00527,0.0088,0.0275,0.172,0.362,0.428,1.52,1.68,2.07,1.3,0.477,0.022,medium
873971212ffffff,0.00604,0.0101,0.0315,0.197,0.411,0.492,1.72,1.92,2.37,1.48,0.546,0.0252,medium
873971213ffffff,0.00526,0.00878,0.0274,0.171,0.36,0.429,1.51,1.68,2.08,1.3,0.476,0.0219,medium
873971214ffffff,0.00712,0.0119,0.0372,0.232,0.486,0.573,2.01,2.22,2.74,1.74,0.64,0.0297,medium
873971215ffffff,0.00527,0.00881,0.0275,0.173,0.362,0.429,1.52,1.68,2.08,1.31,0.478,0.022,low
873971216ffffff,0.00915,0.0153,0.0477,0.297,0.62,0.731,2.52,2.79,3.43,2.19,0.815,0.0381,low
873971218ffffff,0.00431,0.00719,0.0225,0.141,0.295,0.351,1.24,1.38,1.71,1.07,0.391,0.018,medium
873971219ffffff,0.00467,0.00779,0.0244,0.153,0.321,0.383,1.35,1.5,1.83,1.16,0.422,0.0194,medium
87397121affffff,0.00421,0.00703,0.0219,0.137,0.288,0.344,1.21,1.35,1.67,1.04,0.381,0.0175,medium
87397121bffffff,0.00442,0.00739,0.0231,0.145,0.304,0.364,1.28,1.42,1.76,1.1,0.401,0.0184,medium
87397121cffffff,0.00492,0.00822,0.0257,0.161,0.338,0.4,1.42,1.57,1.94,1.22,0.446,0.0205,medium
87397121dffffff,0.00468,0.00782,0.0244,0.153,0.322,0.382,1.35,1.5,1.85,1.16,0.424,0.0195,medium
87397121effffff,0.00479,0.00801,0.025,0.156,0.328,0.391,1.38,1.53,1.9,1.19,0.434,0.02,medium
873971220ffffff,0.00398,0.00664,0.0208,0.13,0.273,0.323,1.15,1.28,1.57,0.984,0.36,0.0166,medium
873971221ffffff,0.00388,0.00647,0.0202,0.127,0.267,0.315,1.12,1.25,1.54,0.961,0.351,0.0162,low
873971222ffffff,0.00355,0.00593,0.0185,0.116,0.244,0.289,1.03,1.14,1.41,0.883,0.322,0.0148,medium
873971223ffffff,0.00365,0.0061,0.0191,0.12,0.251,0.298,1.06,1.17,1.45,0.908,0.331,0.0152,medium
873971224ffffff,0.00349,0.00583,0.0182,0.114,0.24,0.284,1.01,1.13,1.39,0.867,0.316,0.0145,medium
873971225ffffff,0.00378,0.00632,0.0198,0.124,0.26,0.308,1.1,1.22,1.51,0.94,0.343,0.0158,medium
873971226ffffff,0.0044,0.00734,0.0229,0.144,0.302,0.356,1.26,1.4,1.73,1.09,0.397,0.0183,medium
873971228ffffff,0.00482,0.00805,0.0252,0.158,0.331,0.395,1.39,1.56,1.89,1.19,0.436,0.0201,medium
873971229ffffff,0.00802,0.0134,0.0418,0.259,0.541,0.644,2.15,2.39,2.86,1.86,0.701,0.0334,medium
87397122affffff,0.00462,0.00771,0.0241,0.151,0.317,0.377,1.34,1.48,1.82,1.15,0.418,0.0192,low
87397122bffffff,0.00518,0.00865,0.0271,0.169,0.357,0.425,1.5,1.68,2.03,1.28,0.469,0.0216,medium
87397122cffffff,0.00548,0.00915,0.0286,0.179,0.376,0.444,1.57,1.74,2.15,1.35,0.494,0.0228,medium
87397122dffffff,0.0045,0.00752,0.0235,0.147,0.309,0.37,1.29,1.45,1.76,1.11,0.407,0.0188,medium
87397122effffff,0.00447,0.00747,0.0233,0.146,0.307,0.364,1.29,1.43,1.77,1.11,0.405,0.0186,low
873971230ffffff,0.00416,0.00695,0.0217,0.136,0.286,0.337,1.2,1.33,1.66,1.04,0.378,0.0174,medium
873971231ffffff,0.00475,0.00793,0.0248,0.155,0.326,0.386,1.37,1.52,1.87,1.18,0.43,0.0198,medium
873971232ffffff,0.00523,0.00874,0.0273,0.171,0.359,0.423,1.5,1.67,2.07,1.3,0.475,0.0218,low
873971233ffffff,0.00492,0.00821,0.0257,0.161,0.338,0.399,1.42,1.57,1.95,1.22,0.446,0.0205,low
873971234ffffff,0.00506,0.00846,0.0264,0.166,0.347,0.409,1.45,1.61,2,1.25,0.459,0.0211,medium
873971235ffffff,0.00373,0.00622,0.0194,0.122,0.256,0.302,1.08,1.2,1.48,0.928,0.339,0.0155,medium
873971236ffffff,0.00418,0.00697,0.0218,0.137,0.287,0.338,1.21,1.34,1.66,1.04,0.379,0.0174,medium
873971240ffffff,0.00786,0.0131,0.041,0.255,0.538,0.644,2.23,2.52,2.96,1.89,0.703,0.0327,low
873971241ffffff,0.00993,0.0166,0.0519,0.322,0.681,0.816,2.83,3.2,3.77,2.4,0.891,0.0414,medium
873971242ffffff,0.00598,0.00998,0.0312,0.194,0.411,0.492,1.72,1.95,2.3,1.46,0.539,0.0249,medium
873971243ffffff,0.00651,0.0109,0.034,0.212,0.448,0.537,1.88,2.13,2.5,1.59,0.587,0.0272,medium
873971244ffffff,0.00862,0.0144,0.045,0.28,0.592,0.711,2.44,2.78,3.28,2.09,0.774,0.0359,low
873971245ffffff,0.00878,0.0147,0.0459,0.285,0.603,0.725,2.47,2.82,3.33,2.12,0.788,0.0366,low
873971246ffffff,0.00714,0.0119,0.0373,0.232,0.49,0.587,2.05,2.32,2.73,1.74,0.642,0.0297,medium
873971248ffffff,0.0871,0.145,0.444,2.43,4.67,5.33,12.4,13.5,14.7,11.3,5.32,0.353,high
873971249ffffff,0.0176,0.0294,0.0917,0.564,1.19,1.42,4.7,5.29,6.09,4,1.53,0.0732,medium
87397124affffff,0.00703,0.0117,0.0367,0.228,0.484,0.581,2.03,2.3,2.68,1.7,0.632,0.0293,medium
87397124bffffff,0.00965,0.0161,0.0504,0.312,0.663,0.795,2.76,3.12,3.63,2.32,0.864,0.0402,medium
87397124cffffff,0.0129,0.0215,0.0671,0.416,0.88,1.06,3.6,4.08,4.75,3.06,1.14,0.0535,low
87397124dffffff,0.0514,0.0856,0.263,1.47,2.87,3.32,8.69,9.57,10.7,7.71,3.38,0.209,high
87397124effffff,0.00889,0.0148,0.0464,0.288,0.61,0.732,2.54,2.88,3.36,2.15,0.797,0.037,medium
873971250ffffff,0.00567,0.00946,0.0296,0.184,0.39,0.467,1.64,1.85,2.19,1.39,0.512,0.0236,low
873971251ffffff,0.0063,0.0105,0.0329,0.205,0.433,0.519,1.82,2.05,2.42,1.54,0.568,0.0263,low
873971252ffffff,0.00298,0.00497,0.0155,0.0971,0.205,0.245,0.867,0.974,1.17,0.736,0.27,0.0124,medium
873971253ffffff,0.00412,0.00689,0.0215,0.134,0.284,0.34,1.2,1.36,1.6,1.01,0.373,0.0172,low
873971254ffffff,0.00479,0.00801,0.025,0.157,0.33,0.394,1.39,1.56,1.88,1.19,0.434,0.02,low
873971255ffffff,0.00547,0.00914,0.0286,0.178,0.376,0.451,1.58,1.79,2.12,1.34,0.494,0.0228,medium
873971256ffffff,0.00718,0.012,0.0374,0.232,0.486,0.577,1.95,2.17,2.58,1.68,0.63,0.0299,low
873971258ffffff,0.00585,0.00978,0.0306,0.19,0.402,0.483,1.69,1.91,2.25,1.43,0.528,0.0244,medium
873971259ffffff,0.0068,0.0114,0.0355,0.221,0.468,0.562,1.96,2.23,2.6,1.65,0.612,0.0283,medium
87397125affffff,0.00558,0.00932,0.0291,0.181,0.384,0.46,1.62,1.83,2.15,1.37,0.504,0.0233,medium
87397125bffffff,0.00575,0.00961,0.03,0.187,0.396,0.475,1.67,1.89,2.22,1.41,0.519,0.024,medium
87397125cffffff,0.00632,0.0106,0.033,0.205,0.434,0.521,1.82,2.06,2.43,1.54,0.57,0.0263,medium
87397125dffffff,0.00666,0.0111,0.0348,0.216,0.457,0.548,1.91,2.17,2.55,1.62,0.599,0.0277,low
87397125effffff,0.00479,0.00801,0.025,0.156,0.33,0.395,1.39,1.57,1.85,1.17,0.433,0.02,medium
873971260ffffff,0.00694,0.0116,0.0362,0.226,0.477,0.574,1.96,2.24,2.65,1.68,0.624,0.0289,medium
873971261ffffff,0.0072,0.012,0.0376,0.234,0.495,0.596,2.02,2.31,2.74,1.75,0.647,0.03,medium
873971262ffffff,0.015,0.0251,0.0784,0.486,1.02,1.23,4.06,4.62,5.43,3.52,1.33,0.0626,high
873971263ffffff,0.00815,0.0136,0.0426,0.265,0.56,0.674,2.29,2.62,3.1,1.97,0.732,0.034,medium
873971264ffffff,0.00641,0.0107,0.0335,0.209,0.441,0.53,1.81,2.07,2.46,1.56,0.577,0.0267,medium
873971265ffffff,0.00564,0.00942,0.0295,0.184,0.388,0.468,1.6,1.83,2.17,1.38,0.509,0.0235,medium
873971266ffffff,0.00642,0.0107,0.0335,0.209,0.441,0.529,1.83,2.07,2.48,1.57,0.579,0.0268,medium
873971268ffffff,0.0121,0.0202,0.0629,0.385,0.805,0.963,3.05,3.45,4,2.66,1.03,0.0502,medium
873971269ffffff,0.00897,0.015,0.0469,0.291,0.62,0.748,2.53,2.9,3.37,2.16,0.804,0.0374,medium
87397126affffff,0.0145,0.0242,0.0756,0.462,0.962,1.15,3.61,4.08,4.75,3.16,1.23,0.0603,low
87397126bffffff,0.0102,0.017,0.0532,0.33,0.703,0.849,2.86,3.28,3.81,2.45,0.911,0.0425,low
87397126cffffff,0.00742,0.0124,0.0387,0.241,0.51,0.614,2.09,2.39,2.83,1.8,0.666,0.0309,medium
87397126dffffff,0.00735,0.0123,0.0384,0.238,0.508,0.613,2.08,2.39,2.78,1.78,0.66,0.0306,medium
87397126effffff,0.00818,0.0137,0.0427,0.265,0.561,0.675,2.29,2.61,3.09,1.97,0.732,0.0341,medium
873971270ffffff,0.00596,0.00995,0.0311,0.195,0.41,0.489,1.72,1.93,2.33,1.47,0.539,0.0248,medium
873971271ffffff,0.0077,0.0129,0.0402,0.25,0.529,0.634,2.19,2.48,2.94,1.87,0.692,0.0321,low
873971272ffffff,0.00549,0.00917,0.0287,0.179,0.377,0.45,1.59,1.77,2.14,1.35,0.496,0.0229,medium
873971273ffffff,0.00669,0.0112,0.0349,0.218,0.46,0.55,1.93,2.17,2.59,1.64,0.604,0.0279,medium
873971274ffffff,0.00541,0.00903,0.0282,0.177,0.371,0.444,1.55,1.74,2.11,1.33,0.488,0.0225,medium
873971275ffffff,0.00675,0.0113,0.0353,0.22,0.463,0.554,1.93,2.16,2.62,1.65,0.609,0.0281,medium
873971276ffffff,0.0074400000000000004,0.0124,0.0388,0.241,0.503,0.597,2.01,2.23,2.66,1.73,0.651,0.031,medium
873971280ffffff,0.00356,0.00595,0.0186,0.116,0.241,0.29,1.02,1.14,1.41,0.869,0.323,0.0149,medium
873971281ffffff,0.00403,0.00673,0.021,0.131,0.276,0.33,1.16,1.3,1.61,1,0.366,0.0168,medium
873971282ffffff,0.00389,0.0065,0.0203,0.126,0.263,0.323,1.12,1.26,1.54,0.945,0.352,0.0162,medium
873971283ffffff,0.00437,0.0073,0.0228,0.142,0.298,0.365,1.27,1.42,1.76,1.08,0.397,0.0182,medium
873971284ffffff,0.00505,0.00843,0.0263,0.164,0.341,0.409,1.42,1.59,1.95,1.22,0.454,0.0211,medium
873971285ffffff,0.00311,0.0052,0.0162,0.101,0.212,0.254,0.892,0.999,1.23,0.765,0.282,0.013,medium
873971286ffffff,0.00398,0.00664,0.0208,0.129,0.269,0.325,1.13,1.27,1.56,0.968,0.36,0.0166,medium
873971288ffffff,0.00778,0.013,0.0406,0.253,0.532,0.642,2.23,2.48,3.08,1.92,0.703,0.0324,high
873971289ffffff,0.00794,0.0133,0.0414,0.259,0.542,0.651,2.27,2.53,3.13,1.96,0.717,0.0331,high
87397128affffff,0.00543,0.00907,0.0283,0.177,0.372,0.455,1.59,1.77,2.21,1.36,0.493,0.0226,high
87397128bffffff,0.011,0.0183,0.0571,0.355,0.744,0.907,3.07,3.41,4.21,2.65,0.978,0.0457,high
87397128cffffff,0.0057,0.00952,0.0297,0.186,0.39,0.466,1.63,1.82,2.26,1.41,0.517,0.0238,medium
87397128dffffff,0.00752,0.0126,0.0392,0.245,0.513,0.613,2.14,2.38,2.95,1.85,0.678,0.0313,high
87397128effffff,0.00585,0.00977,0.0305,0.191,0.401,0.487,1.7,1.9,2.36,1.46,0.531,0.0244,high
873971290ffffff,0.00811,0.0135,0.0423,0.26,0.538,0.658,2.16,2.42,2.9,1.85,0.709,0.0338,high
873971291ffffff,0.00447,0.00746,0.0233,0.145,0.302,0.371,1.28,1.45,1.77,1.09,0.404,0.0186,medium
873971292ffffff,0.0043,0.00718,0.0224,0.139,0.29,0.357,1.23,1.39,1.7,1.04,0.389,0.0179,medium
873971293ffffff,0.00469,0.00783,0.0245,0.152,0.317,0.389,1.34,1.52,1.85,1.14,0.424,0.0196,medium
873971294ffffff,0.00406,0.00678,0.0212,0.131,0.274,0.337,1.17,1.31,1.61,0.986,0.367,0.0169,medium
873971295ffffff,0.00453,0.00757,0.0236,0.147,0.306,0.376,1.3,1.47,1.79,1.1,0.409,0.0189,medium
873971296ffffff,0.00428,0.00714,0.0223,0.138,0.289,0.355,1.22,1.38,1.68,1.04,0.386,0.0178,medium
873971298ffffff,0.00532,0.00888,0.0277,0.173,0.365,0.446,1.55,1.73,2.16,1.33,0.483,0.0222,medium
873971299ffffff,0.00531,0.00886,0.0277,0.173,0.364,0.445,1.55,1.73,2.16,1.33,0.482,0.0221,high
87397129affffff,0.00465,0.00777,0.0242,0.151,0.317,0.388,1.35,1.51,1.87,1.15,0.422,0.0194,low
87397129bffffff,0.00464,0.00774,0.0242,0.151,0.318,0.389,1.36,1.52,1.89,1.16,0.422,0.0193,high
87397129cffffff,0.00463,0.00773,0.0241,0.15,0.313,0.385,1.33,1.5,1.84,1.13,0.419,0.0193,medium
87397129dffffff,0.00513,0.00856,0.0267,0.167,0.352,0.43,1.5,1.67,2.09,1.29,0.466,0.0214,high
87397129effffff,0.00689,0.0115,0.0359,0.221,0.459,0.562,1.87,2.1,2.53,1.6,0.607,0.0287,low
8739712a0ffffff,0.00685,0.0114,0.0357,0.222,0.461,0.552,1.9,2.13,2.61,1.64,0.613,0.0285,low
8739712a1ffffff,0.00653,0.0109,0.034,0.211,0.439,0.526,1.81,2.02,2.47,1.56,0.583,0.0272,medium
8739712a2ffffff,0.0042,0.00701,0.0219,0.136,0.284,0.341,1.2,1.34,1.65,1.02,0.38,0.0175,medium
8739712a3ffffff,0.00424,0.00709,0.0221,0.138,0.287,0.345,1.21,1.36,1.67,1.03,0.384,0.0177,medium
8739712a4ffffff,0.00375,0.00626,0.0196,0.122,0.254,0.305,1.07,1.2,1.48,0.915,0.34,0.0156,medium
8739712a5ffffff,0.00514,0.00858,0.0268,0.167,0.348,0.417,1.46,1.64,2.01,1.25,0.465,0.0214,low
8739712a6ffffff,0.00506,0.00845,0.0264,0.164,0.341,0.409,1.42,1.59,1.96,1.22,0.455,0.0211,medium
8739712a8ffffff,0.00549,0.00918,0.0287,0.179,0.375,0.449,1.57,1.75,2.17,1.36,0.497,0.0229,medium
8739712a9ffffff,0.00985,0.0165,0.0514,0.319,0.667,0.795,2.7,3,3.68,2.35,0.875,0.041,medium
8739712aaffffff,0.00368,0.00615,0.0192,0.12,0.252,0.301,1.06,1.18,1.46,0.912,0.334,0.0153,medium
8739712abffffff,0.0136,0.0227,0.0708,0.438,0.911,1.08,3.59,3.97,4.83,3.14,1.19,0.0566,high
8739712acffffff,0.00484,0.00809,0.0253,0.158,0.331,0.396,1.39,1.55,1.92,1.2,0.439,0.0202,medium
8739712adffffff,0.00383,0.00639,0.02,0.125,0.262,0.313,1.1,1.23,1.53,0.951,0.348,0.016,medium
8739712aeffffff,0.0084,0.014,0.0438,0.271,0.565,0.673,2.27,2.52,3.08,1.97,0.74,0.035,medium
8739712b0ffffff,0.00322,0.00537,0.0168,0.104,0.218,0.262,0.92,1.03,1.27,0.786,0.292,0.0134,low
8739712b1ffffff,0.00574,0.00959,0.0299,0.185,0.384,0.46,1.56,1.75,2.13,1.35,0.509,0.0239,low
8739712b2ffffff,0.00397,0.00663,0.0207,0.129,0.268,0.325,1.13,1.27,1.56,0.963,0.359,0.0166,medium
8739712b3ffffff,0.00395,0.00659,0.0206,0.128,0.267,0.322,1.13,1.27,1.55,0.961,0.357,0.0165,medium
8739712b4ffffff,0.00447,0.00747,0.0233,0.144,0.299,0.357,1.21,1.35,1.64,1.04,0.396,0.0186,low
8739712b5ffffff,0.00335,0.0056,0.0175,0.109,0.227,0.272,0.955,1.07,1.32,0.817,0.303,0.014,low
8739712b6ffffff,0.00317,0.00529,0.0165,0.103,0.214,0.257,0.903,1.01,1.24,0.768,0.287,0.0132,medium
8739712c0ffffff,0.00525,0.00876,0.0274,0.172,0.362,0.433,1.52,1.67,2.08,1.31,0.474,0.0219,high
8739712c1ffffff,0.00505,0.00843,0.0263,0.165,0.35,0.418,1.46,1.62,1.99,1.25,0.455,0.021,medium
8739712c2ffffff,0.00483,0.00807,0.0252,0.158,0.334,0.399,1.41,1.55,1.94,1.21,0.438,0.0201,high
8739712c3ffffff,0.00399,0.00665,0.0208,0.131,0.277,0.331,1.18,1.3,1.62,1.01,0.363,0.0166,medium
8739712c4ffffff,0.00322,0.00538,0.0168,0.106,0.223,0.266,0.941,1.04,1.29,0.809,0.293,0.0134,medium
8739712c5ffffff,0.00374,0.00624,0.0195,0.123,0.259,0.309,1.09,1.21,1.5,0.938,0.339,0.0156,medium
8739712c6ffffff,0.00609,0.0102,0.0318,0.199,0.418,0.498,1.71,1.88,2.32,1.48,0.544,0.0254,high
8739712c8ffffff,0.00305,0.00509,0.0159,0.1,0.213,0.255,0.912,1.01,1.25,0.775,0.278,0.0127,medium
8739712c9ffffff,0.0108,0.018,0.0563,0.349,0.733,0.871,2.85,3.13,3.76,2.47,0.932,0.0449,high
8739712caffffff,0.00992,0.0166,0.0517,0.323,0.68,0.81,2.73,3.02,3.65,2.36,0.872,0.0413,high
8739712cbffffff,0.00551,0.00919,0.0287,0.181,0.383,0.458,1.62,1.79,2.2,1.38,0.498,0.0229,high
8739712ccffffff,0.00482,0.00805,0.0252,0.158,0.336,0.402,1.42,1.57,1.93,1.21,0.437,0.0201,medium
8739712cdffffff,0.00455,0.00759,0.0237,0.149,0.317,0.38,1.35,1.5,1.85,1.15,0.413,0.0189,medium
8739712ceffffff,0.0038,0.00634,0.0198,0.125,0.266,0.318,1.13,1.26,1.55,0.964,0.346,0.0158,medium
8739712d0ffffff,0.00802,0.0134,0.0417,0.262,0.554,0.662,2.25,2.48,3.14,2,0.718,0.0334,medium
8739712d1ffffff,0.00574,0.00959,0.0299,0.189,0.401,0.48,1.69,1.87,2.37,1.48,0.524,0.0239,high
8739712d2ffffff,0.009,0.015,0.0468,0.292,0.614,0.732,2.41,2.65,3.33,2.16,0.788,0.0374,low
8739712d3ffffff,0.0048,0.00802,0.025,0.158,0.337,0.404,1.42,1.58,2.03,1.26,0.441,0.02,high
8739712d4ffffff,0.0136,0.0227,0.0709,0.441,0.921,1.09,3.62,3.97,4.85,3.16,1.19,0.0566,high
8739712d5ffffff,0.00762,0.0127,0.0397,0.249,0.525,0.626,2.18,2.4,2.97,1.88,0.686,0.0318,high
8739712d6ffffff,0.0059,0.00985,0.0308,0.193,0.409,0.495,1.73,1.93,2.44,1.51,0.539,0.0246,low
8739712d8ffffff,0.00239,0.00399,0.0125,0.0796,0.17,0.202,0.722,0.799,1.03,0.647,0.222,0.00998,medium
8739712d9ffffff,0.00584,0.00975,0.0305,0.194,0.416,0.488,1.72,1.89,2.43,1.56,0.535,0.0243,medium
8739712daffffff,0.00304,0.00508,0.0159,0.101,0.214,0.255,0.901,0.997,1.28,0.803,0.279,0.0127,high
8739712dbffffff,0.00939,0.0157,0.0489,0.31,0.66,0.771,2.62,2.88,3.64,2.39,0.839,0.039,high
8739712dcffffff,0.00501,0.00837,0.0261,0.165,0.349,0.418,1.47,1.63,2.06,1.28,0.457,0.0209,medium
8739712ddffffff,0.00316,0.00527,0.0165,0.104,0.222,0.264,0.946,1.05,1.31,0.814,0.289,0.0132,medium
8739712deffffff,0.00409,0.00683,0.0213,0.135,0.286,0.343,1.21,1.33,1.72,1.07,0.375,0.017,high
8739712e0ffffff,0.004,0.00668,0.0209,0.131,0.277,0.331,1.17,1.29,1.61,1,0.363,0.0167,medium
8739712e1ffffff,0.00428,0.00714,0.0223,0.14,0.295,0.351,1.22,1.35,1.67,1.06,0.385,0.0178,medium
8739712e2ffffff,0.00536,0.00894,0.0279,0.175,0.368,0.439,1.51,1.67,2.06,1.31,0.48,0.0223,low
8739712e3ffffff,0.00386,0.00644,0.0201,0.127,0.267,0.319,1.13,1.25,1.55,0.97,0.35,0.0161,medium
8739712e4ffffff,0.00624,0.0104,0.0325,0.202,0.421,0.5,1.68,1.86,2.21,1.45,0.545,0.026,medium
8739712e5ffffff,0.00287,0.0048,0.015,0.0939,0.198,0.236,0.836,0.936,1.13,0.712,0.26,0.012,medium
8739712e6ffffff,0.00321,0.00536,0.0168,0.105,0.223,0.266,0.94,1.04,1.3,0.809,0.292,0.0134,medium
8739712e8ffffff,0.00564,0.00942,0.0294,0.185,0.394,0.471,1.67,1.85,2.28,1.42,0.512,0.0235,medium
8739712e9ffffff,0.00545,0.0091,0.0284,0.179,0.38,0.455,1.61,1.79,2.2,1.37,0.495,0.0227,medium
8739712eaffffff,0.00407,0.0068,0.0212,0.134,0.284,0.34,1.21,1.34,1.65,1.03,0.37,0.017,medium
8739712ebffffff,0.00472,0.00788,0.0246,0.155,0.33,0.394,1.4,1.56,1.92,1.19,0.429,0.0197,medium
8739712ecffffff,0.00653,0.0109,0.034,0.212,0.445,0.53,1.78,1.98,2.36,1.53,0.572,0.0272,medium
8739712edffffff,0.00467,0.0078,0.0244,0.152,0.321,0.385,1.35,1.53,1.81,1.14,0.422,0.0195,medium
8739712eeffffff,0.00506,0.00845,0.0264,0.166,0.352,0.42,1.48,1.64,2.03,1.27,0.459,0.0211,medium
8739712f0ffffff,0.00605,0.0101,0.0315,0.198,0.415,0.496,1.73,1.92,2.37,1.49,0.545,0.0252,high
8739712f1ffffff,0.00594,0.00991,0.0309,0.193,0.404,0.48,1.62,1.78,2.18,1.41,0.522,0.0247,high
8739712f2ffffff,0.0877,0.145,0.432,2.04,3.5,3.85,7.3,7.71,8.57,6.85,3.71,0.342,high
8739712f3ffffff,0.0789,0.131,0.392,1.98,3.6,4.07,9.44,10.1,11.6,8.65,4.07,0.311,high
8739712f4ffffff,0.00537,0.00896,0.028,0.175,0.367,0.438,1.53,1.71,2.11,1.32,0.485,0.0224,high
8739712f5ffffff,0.00375,0.00626,0.0196,0.123,0.26,0.31,1.1,1.21,1.51,0.944,0.341,0.0156,high
8739712f6ffffff,0.00767,0.0128,0.04,0.249,0.522,0.622,2.15,2.39,2.94,1.86,0.688,0.032,high
873971300ffffff,0.00502,0.00838,0.0262,0.165,0.346,0.403,1.42,1.59,1.97,1.24,0.454,0.0209,high
873971301ffffff,0.019,0.0317,0.0988,0.61,1.26,1.46,4.6,5.08,6.08,4.11,1.6,0.0789,high
873971302ffffff,0.00587,0.0098,0.0306,0.191,0.399,0.464,1.59,1.77,2.17,1.39,0.518,0.0244,medium
873971303ffffff,0.00445,0.00742,0.0232,0.146,0.306,0.358,1.27,1.42,1.76,1.1,0.402,0.0185,medium
873971304ffffff,0.00771,0.0129,0.0402,0.252,0.525,0.611,2.09,2.33,2.86,1.84,0.683,0.0321,medium
873971305ffffff,0.00333,0.00555,0.0174,0.11,0.23,0.268,0.959,1.07,1.34,0.835,0.303,0.0139,medium
873971306ffffff,0.00388,0.00648,0.0202,0.128,0.268,0.312,1.11,1.24,1.55,0.969,0.352,0.0162,medium
873971308ffffff,0.00341,0.00569,0.0178,0.112,0.235,0.277,0.988,1.1,1.36,0.849,0.309,0.0142,medium
873971309ffffff,0.00442,0.00738,0.0231,0.145,0.304,0.359,1.27,1.42,1.75,1.09,0.4,0.0184,medium
87397130affffff,0.00335,0.0056,0.0175,0.11,0.231,0.272,0.972,1.09,1.35,0.839,0.305,0.014,medium
87397130bffffff,0.00423,0.00707,0.0221,0.139,0.291,0.344,1.22,1.36,1.67,1.05,0.383,0.0176,medium
87397130cffffff,0.00579,0.00967,0.0302,0.19,0.398,0.465,1.63,1.82,2.25,1.42,0.521,0.0241,medium
87397130dffffff,0.0051,0.00852,0.0266,0.167,0.349,0.413,1.45,1.61,1.98,1.25,0.459,0.0213,medium
87397130effffff,0.00586,0.00978,0.0305,0.191,0.399,0.464,1.59,1.77,2.17,1.4,0.519,0.0244,medium
873971310ffffff,0.00424,0.00707,0.0221,0.14,0.294,0.34,1.21,1.36,1.71,1.07,0.387,0.0176,medium
873971311ffffff,0.00433,0.00722,0.0226,0.142,0.299,0.349,1.24,1.39,1.73,1.08,0.393,0.018,medium
873971312ffffff,0.0054,0.00902,0.0282,0.178,0.374,0.432,1.53,1.72,2.17,1.36,0.492,0.0225,high
873971313ffffff,0.0041,0.00684,0.0214,0.135,0.283,0.33,1.18,1.32,1.65,1.03,0.373,0.0171,high
873971314ffffff,0.004,0.00668,0.0209,0.132,0.278,0.321,1.15,1.29,1.62,1.01,0.366,0.0167,medium
873971315ffffff,0.00378,0.00632,0.0197,0.125,0.262,0.304,1.09,1.22,1.53,0.954,0.345,0.0158,medium
873971316ffffff,0.00428,0.00715,0.0223,0.141,0.297,0.343,1.22,1.38,1.73,1.08,0.391,0.0178,high
873971318ffffff,0.00361,0.00602,0.0188,0.119,0.249,0.291,1.04,1.17,1.45,0.906,0.328,0.015,medium
873971319ffffff,0.00413,0.0069,0.0216,0.136,0.285,0.333,1.19,1.33,1.65,1.03,0.375,0.0172,medium
87397131affffff,0.00375,0.00626,0.0196,0.123,0.258,0.303,1.08,1.21,1.5,0.938,0.341,0.0156,medium
87397131bffffff,0.0082,0.0137,0.0427,0.267,0.557,0.649,2.22,2.47,3.02,1.94,0.724,0.0341,medium
87397131cffffff,0.00353,0.00589,0.0184,0.116,0.244,0.285,1.02,1.14,1.42,0.886,0.321,0.0147,medium
87397131dffffff,0.00364,0.00608,0.019,0.12,0.252,0.294,1.05,1.18,1.46,0.913,0.331,0.0152,medium
87397131effffff,0.00439,0.00733,0.0229,0.144,0.303,0.354,1.26,1.41,1.76,1.1,0.399,0.0183,medium
873971320ffffff,0.00412,0.00687,0.0215,0.136,0.285,0.33,1.18,1.32,1.67,1.03,0.374,0.0171,medium
873971321ffffff,0.00565,0.00944,0.0295,0.186,0.39,0.45,1.59,1.78,2.22,1.39,0.509,0.0235,medium
873971322ffffff,0.00414,0.00691,0.0216,0.136,0.287,0.33,1.18,1.32,1.67,1.04,0.376,0.0172,medium
873971323ffffff,0.00349,0.00583,0.0182,0.115,0.242,0.28,1.01,1.13,1.42,0.877,0.317,0.0145,medium
873971324ffffff,0.00332,0.00555,0.0173,0.11,0.231,0.265,0.955,1.07,1.37,0.84,0.304,0.0138,medium
873971325ffffff,0.00416,0.00694,0.0217,0.137,0.288,0.333,1.19,1.34,1.68,1.04,0.378,0.0173,medium
873971326ffffff,0.00322,0.00538,0.0168,0.106,0.224,0.257,0.925,1.04,1.33,0.817,0.295,0.0134,medium
873971328ffffff,0.00447,0.00746,0.0233,0.147,0.309,0.357,1.27,1.43,1.79,1.11,0.405,0.0186,medium
873971329ffffff,0.00393,0.00657,0.0205,0.129,0.272,0.318,1.14,1.27,1.59,0.983,0.357,0.0164,medium
87397132affffff,0.00354,0.00591,0.0185,0.117,0.245,0.284,1.02,1.14,1.43,0.887,0.322,0.0147,high
87397132bffffff,0.00339,0.00565,0.0177,0.111,0.234,0.274,0.982,1.1,1.38,0.85,0.308,0.0141,medium
87397132cffffff,0.00326,0.00545,0.017,0.108,0.227,0.262,0.944,1.06,1.34,0.823,0.297,0.0136,medium
87397132dffffff,0.0043,0.00719,0.0225,0.142,0.298,0.345,1.23,1.38,1.73,1.07,0.39,0.0179,medium
87397132effffff,0.00361,0.00603,0.0188,0.119,0.25,0.289,1.04,1.16,1.47,0.906,0.328,0.015,medium
873971330ffffff,0.00451,0.00753,0.0235,0.148,0.312,0.36,1.27,1.43,1.8,1.13,0.41,0.0188,high
873971331ffffff,0.00566,0.00944,0.0295,0.186,0.39,0.451,1.59,1.78,2.23,1.4,0.512,0.0235,medium
873971332ffffff,0.0823,0.137,0.421,2.37,4.56,5.08,12.2,13.2,15,11.4,5.26,0.335,high
873971333ffffff,0.00569,0.00951,0.0297,0.187,0.391,0.451,1.56,1.74,2.18,1.38,0.51,0.0237,medium
873971334ffffff,0.00626,0.0104,0.0326,0.205,0.429,0.491,1.69,1.89,2.37,1.5,0.557,0.026,high
873971335ffffff,0.00474,0.00792,0.0247,0.156,0.329,0.376,1.34,1.5,1.91,1.19,0.431,0.0197,medium
873971336ffffff,0.0367,0.0612,0.19,1.13,2.26,2.56,7.31,8.02,9.55,6.68,2.76,0.151,high
873971340ffffff,0.00772,0.0129,0.0403,0.253,0.531,0.632,2.2,2.47,2.99,1.89,0.694,0.0322,high
873971341ffffff,0.00803,0.0134,0.0419,0.262,0.551,0.654,2.25,2.53,3.05,1.94,0.716,0.0334,low
873971342ffffff,0.00477,0.00797,0.0249,0.156,0.328,0.392,1.37,1.54,1.87,1.17,0.432,0.0199,high
873971343ffffff,0.00547,0.00914,0.0286,0.179,0.376,0.449,1.57,1.76,2.14,1.34,0.494,0.0228,medium
873971344ffffff,0.0321,0.0535,0.166,0.988,1.99,2.31,6.47,7.1,8.17,5.79,2.41,0.132,high
873971345ffffff,0.00654,0.0109,0.0342,0.215,0.452,0.537,1.88,2.12,2.56,1.61,0.59,0.0273,medium
873971346ffffff,0.0492,0.0821,0.255,1.52,3.04,3.52,9.69,10.6,12.1,8.76,3.69,0.203,high
873971348ffffff,0.00682,0.0114,0.0356,0.222,0.468,0.562,1.93,2.19,2.61,1.66,0.613,0.0284,high
873971349ffffff,0.00676,0.0113,0.0353,0.22,0.466,0.561,1.91,2.18,2.59,1.65,0.608,0.0282,high
87397134affffff,0.00937,0.0157,0.0489,0.302,0.627,0.746,2.44,2.72,3.24,2.12,0.809,0.039,medium
87397134bffffff,0.00613,0.0102,0.032,0.199,0.421,0.507,1.73,1.98,2.35,1.49,0.551,0.0255,medium
87397134cffffff,0.00713,0.0119,0.0372,0.234,0.492,0.584,2.04,2.29,2.77,1.75,0.641,0.0297,medium
87397134dffffff,0.0281,0.0469,0.146,0.889,1.84,2.18,6.46,7.26,8.32,5.75,2.29,0.116,high
87397134effffff,0.00549,0.00917,0.0287,0.179,0.377,0.451,1.57,1.76,2.14,1.35,0.496,0.0229,medium
873971350ffffff,0.00501,0.00836,0.0261,0.164,0.343,0.404,1.41,1.57,1.93,1.22,0.449,0.0209,medium
873971351ffffff,0.00423,0.00706,0.0221,0.138,0.29,0.347,1.21,1.36,1.65,1.04,0.382,0.0176,medium
873971352ffffff,0.00342,0.00572,0.0179,0.112,0.236,0.279,0.993,1.11,1.37,0.852,0.311,0.0143,medium
873971353ffffff,0.00358,0.00598,0.0187,0.117,0.246,0.293,1.04,1.16,1.42,0.888,0.325,0.0149,medium
873971354ffffff,0.004,0.00668,0.0209,0.131,0.275,0.325,1.16,1.29,1.59,0.992,0.362,0.0167,high
873971355ffffff,0.00501,0.00836,0.0261,0.164,0.343,0.406,1.42,1.58,1.94,1.22,0.45,0.0209,high
873971356ffffff,0.00339,0.00567,0.0177,0.111,0.234,0.276,0.982,1.09,1.35,0.843,0.308,0.0141,medium
873971358ffffff,0.00542,0.00905,0.0283,0.177,0.372,0.445,1.56,1.74,2.12,1.33,0.49,0.0226,medium
873971359ffffff,0.00597,0.00997,0.0312,0.195,0.409,0.49,1.71,1.91,2.32,1.46,0.538,0.0249,medium
87397135affffff,0.00446,0.0074400000000000004,0.0233,0.146,0.306,0.366,1.28,1.44,1.75,1.1,0.403,0.0186,medium
87397135bffffff,0.00537,0.00896,0.028,0.175,0.368,0.441,1.54,1.72,2.1,1.32,0.485,0.0224,medium
87397135cffffff,0.00477,0.00796,0.0249,0.156,0.327,0.392,1.37,1.53,1.87,1.17,0.431,0.0199,medium
87397135dffffff,0.00529,0.00883,0.0276,0.173,0.363,0.434,1.52,1.7,2.07,1.3,0.478,0.022,medium
87397135effffff,0.00495,0.00828,0.0259,0.162,0.339,0.406,1.41,1.58,1.92,1.21,0.446,0.0206,medium
873971360ffffff,0.00422,0.00704,0.022,0.139,0.292,0.345,1.23,1.38,1.69,1.05,0.382,0.0176,high
873971361ffffff,0.00495,0.00826,0.0258,0.162,0.342,0.407,1.43,1.61,1.96,1.23,0.447,0.0206,high
873971362ffffff,0.00582,0.00973,0.0304,0.191,0.402,0.472,1.66,1.86,2.31,1.44,0.525,0.0243,high
873971363ffffff,0.00834,0.0139,0.0435,0.271,0.566,0.67,2.24,2.51,3,1.94,0.728,0.0347,high
873971364ffffff,0.00451,0.00753,0.0235,0.148,0.312,0.365,1.3,1.45,1.82,1.12,0.408,0.0188,medium
873971365ffffff,0.004,0.00668,0.0209,0.131,0.277,0.33,1.17,1.32,1.6,0.998,0.363,0.0167,medium
873971366ffffff,0.00453,0.00757,0.0237,0.149,0.314,0.368,1.31,1.46,1.83,1.13,0.411,0.0189,high
873971368ffffff,0.00561,0.00937,0.0293,0.184,0.388,0.461,1.62,1.82,2.21,1.39,0.506,0.0234,medium
873971369ffffff,0.00568,0.00948,0.0297,0.186,0.394,0.471,1.63,1.86,2.23,1.41,0.513,0.0237,medium
87397136affffff,0.00685,0.0114,0.0358,0.225,0.473,0.562,1.96,2.21,2.67,1.68,0.616,0.0285,low
87397136bffffff,0.00963,0.0161,0.0502,0.313,0.66,0.786,2.64,2.99,3.56,2.29,0.852,0.0401,high
87397136cffffff,0.00439,0.00732,0.0229,0.144,0.304,0.361,1.28,1.44,1.75,1.09,0.397,0.0183,medium
87397136dffffff,0.00451,0.00752,0.0235,0.148,0.312,0.371,1.31,1.48,1.8,1.12,0.408,0.0188,medium
87397136effffff,0.00503,0.00839,0.0263,0.165,0.348,0.413,1.45,1.64,1.99,1.24,0.454,0.0209,medium
873971370ffffff,0.0068,0.0114,0.0355,0.223,0.467,0.548,1.91,2.13,2.64,1.66,0.609,0.0283,medium
873971371ffffff,0.154,0.255,0.753,3.5,5.95,6.49,12.5,13.2,14.6,11.7,6.34,0.596,high
873971372ffffff,0.00367,0.00613,0.0192,0.12,0.253,0.299,1.07,1.19,1.47,0.914,0.333,0.0153,medium
873971373ffffff,0.0147,0.0245,0.0763,0.468,0.963,1.13,3.54,3.89,4.64,3.12,1.22,0.0609,high
873971374ffffff,0.00455,0.0076,0.0238,0.15,0.314,0.368,1.31,1.46,1.82,1.13,0.411,0.019,medium
873971375ffffff,0.0043,0.00718,0.0225,0.142,0.298,0.349,1.24,1.39,1.74,1.07,0.39,0.0179,high
873971376ffffff,0.00957,0.016,0.0499,0.311,0.649,0.759,2.56,2.85,3.49,2.24,0.838,0.0398,medium
873971380ffffff,0.00321,0.00537,0.0168,0.105,0.221,0.26,0.927,1.03,1.29,0.804,0.293,0.0134,medium
873971381ffffff,0.00449,0.00749,0.0234,0.147,0.308,0.363,1.29,1.43,1.79,1.12,0.408,0.0187,medium
873971382ffffff,0.00309,0.00516,0.0161,0.101,0.213,0.25,0.892,0.991,1.24,0.773,0.282,0.0129,medium
873971383ffffff,0.00377,0.0063,0.0197,0.124,0.259,0.305,1.08,1.2,1.51,0.941,0.343,0.0157,medium
873971384ffffff,0.00434,0.00725,0.0226,0.142,0.298,0.35,1.24,1.37,1.72,1.08,0.394,0.0181,medium
873971385ffffff,0.00514,0.00859,0.0268,0.168,0.352,0.414,1.45,1.61,2.01,1.26,0.465,0.0214,medium
873971386ffffff,0.00284,0.00475,0.0148,0.0932,0.196,0.23,0.82,0.911,1.14,0.711,0.259,0.0118,medium
873971388ffffff,0.00465,0.00777,0.0243,0.152,0.319,0.376,1.34,1.49,1.84,1.15,0.422,0.0194,medium
873971389ffffff,0.00523,0.00874,0.0273,0.171,0.359,0.423,1.5,1.67,2.07,1.3,0.474,0.0218,low
87397138affffff,0.00421,0.00703,0.022,0.137,0.287,0.341,1.21,1.34,1.66,1.03,0.382,0.0176,medium
87397138bffffff,0.00539,0.009,0.0281,0.176,0.368,0.436,1.54,1.72,2.12,1.33,0.488,0.0225,medium
87397138cffffff,0.00424,0.00708,0.0221,0.139,0.291,0.343,1.22,1.36,1.69,1.05,0.385,0.0177,low
87397138dffffff,0.00553,0.00924,0.0289,0.181,0.379,0.446,1.58,1.75,2.17,1.37,0.5,0.0231,low
87397138effffff,0.0034,0.00568,0.0177,0.111,0.234,0.275,0.983,1.09,1.36,0.848,0.309,0.0142,medium
873971390ffffff,0.00233,0.00389,0.0121,0.0756,0.158,0.189,0.666,0.745,0.919,0.567,0.211,0.00971,medium
873971391ffffff,0.00251,0.00419,0.0131,0.0816,0.17,0.204,0.719,0.804,0.993,0.613,0.228,0.0105,medium
873971392ffffff,0.00398,0.00665,0.0208,0.129,0.267,0.32,1.1,1.23,1.5,0.942,0.356,0.0166,medium
873971393ffffff,0.00286,0.00478,0.0149,0.0928,0.193,0.232,0.817,0.913,1.12,0.695,0.26,0.0119,medium
873971394ffffff,0.00222,0.00371,0.0116,0.0728,0.153,0.179,0.638,0.71,0.902,0.557,0.203,0.00925,medium
873971395ffffff,0.00303,0.00505,0.0158,0.0991,0.208,0.244,0.867,0.963,1.2,0.753,0.275,0.0126,medium
873971396ffffff,0.00195,0.00326,0.0102,0.0635,0.133,0.159,0.558,0.625,0.788,0.481,0.178,0.00813,medium
873971398ffffff,0.00466,0.00778,0.0243,0.15,0.311,0.372,1.27,1.41,1.72,1.09,0.413,0.0194,low
873971399ffffff,0.00593,0.00991,0.0309,0.191,0.396,0.474,1.6,1.79,2.17,1.38,0.524,0.0247,medium
87397139affffff,0.00283,0.00473,0.0148,0.0918,0.191,0.229,0.808,0.903,1.11,0.687,0.257,0.0118,low
87397139bffffff,0.00309,0.00517,0.0161,0.1,0.21,0.251,0.884,0.991,1.22,0.755,0.28,0.0129,low
87397139cffffff,0.00495,0.00827,0.0258,0.16,0.334,0.399,1.39,1.55,1.9,1.19,0.445,0.0206,low
87397139dffffff,0.00358,0.00598,0.0187,0.117,0.244,0.29,1.02,1.14,1.42,0.879,0.325,0.0149,medium
87397139effffff,0.00264,0.0044,0.0138,0.0855,0.178,0.214,0.753,0.842,1.04,0.64,0.239,0.011,low
8739713a0ffffff,0.00703,0.0117,0.0367,0.23,0.481,0.565,1.98,2.19,2.73,1.72,0.634,0.0293,medium
8739713a1ffffff,0.224,0.369,1.08,4.88,8.08,8.76,15.6,16.4,17.8,14.9,8.47,0.857,high
8739713a2ffffff,0.0193,0.0323,0.1,0.614,1.26,1.46,4.55,4.99,6,4.05,1.6,0.0801,high
8739713a3ffffff,0.00447,0.00746,0.0233,0.146,0.307,0.361,1.29,1.43,1.79,1.11,0.407,0.0186,high
8739713a4ffffff,0.00458,0.00764,0.0239,0.151,0.317,0.366,1.3,1.45,1.83,1.14,0.416,0.0191,medium
8739713a5ffffff,0.00531,0.00887,0.0277,0.175,0.368,0.425,1.51,1.69,2.13,1.33,0.484,0.0221,high
8739713a6ffffff,0.00436,0.00728,0.0227,0.143,0.299,0.351,1.24,1.38,1.72,1.08,0.395,0.0182,medium
8739713a8ffffff,0.00479,0.00801,0.025,0.157,0.329,0.388,1.38,1.53,1.9,1.19,0.435,0.02,high
8739713a9ffffff,0.00516,0.00862,0.0269,0.169,0.354,0.417,1.48,1.64,2.04,1.28,0.468,0.0215,medium
8739713aaffffff,0.00566,0.00946,0.0295,0.185,0.388,0.457,1.62,1.79,2.22,1.4,0.512,0.0236,medium
8739713abffffff,0.00513,0.00856,0.0268,0.168,0.351,0.414,1.47,1.62,2.01,1.27,0.464,0.0214,medium
8739713acffffff,0.00634,0.0106,0.0331,0.207,0.434,0.509,1.79,1.98,2.47,1.56,0.572,0.0264,high
8739713adffffff,0.00446,0.0074400000000000004,0.0232,0.146,0.306,0.36,1.28,1.43,1.78,1.11,0.405,0.0186,medium
8739713aeffffff,0.00515,0.0086,0.0269,0.169,0.354,0.416,1.48,1.64,2.05,1.28,0.469,0.0215,high
8739713b0ffffff,0.0039,0.00652,0.0204,0.128,0.268,0.313,1.09,1.22,1.54,0.963,0.354,0.0163,medium
8739713b1ffffff,0.00319,0.00533,0.0166,0.105,0.219,0.258,0.916,1.02,1.27,0.795,0.29,0.0133,high
8739713b2ffffff,0.00273,0.00455,0.0142,0.0894,0.188,0.22,0.777,0.865,1.11,0.685,0.25,0.0114,medium
8739713b3ffffff,0.00339,0.00567,0.0177,0.111,0.233,0.274,0.971,1.08,1.35,0.844,0.309,0.0141,medium
8739713b4ffffff,0.00375,0.00626,0.0195,0.123,0.257,0.301,1.05,1.17,1.5,0.93,0.341,0.0156,medium
8739713b5ffffff,0.00521,0.00871,0.0272,0.171,0.357,0.419,1.47,1.63,2.04,1.28,0.472,0.0217,high
8739713b6ffffff,0.00223,0.0037200000000000002,0.0116,0.0731,0.154,0.18,0.636,0.709,0.911,0.561,0.204,0.00929,medium
873971440ffffff,8.97e-4,0.0015,0.00468,0.0295,0.0627,0.0752,0.25,0.288,0.37,0.233,0.0832,0.00374,low
873971441ffffff,0.00102,0.0017,0.0053,0.0335,0.071,0.0855,0.284,0.326,0.419,0.264,0.0942,0.00424,low
873971442ffffff,9.79e-4,0.00163,0.0051,0.0322,0.0681,0.0815,0.27,0.312,0.403,0.253,0.0907,0.00408,low
873971443ffffff,0.00101,0.00169,0.00526,0.0333,0.0706,0.0849,0.282,0.324,0.416,0.263,0.0936,0.00421,low
873971444ffffff,9.2e-4,0.00154,0.0048,0.0302,0.064,0.0763,0.252,0.292,0.378,0.237,0.0852,0.00384,low
873971445ffffff,8.37e-4,0.0014,0.00436,0.0276,0.0585,0.0704,0.234,0.269,0.345,0.218,0.0776,0.00349,low
873971446ffffff,0.00152,0.00254,0.00793,0.0498,0.105,0.125,0.41,0.476,0.615,0.387,0.14,0.00634,low
873971448ffffff,0.00126,0.00211,0.00658,0.0416,0.0882,0.106,0.352,0.405,0.519,0.328,0.117,0.00526,low
873971449ffffff,0.0013,0.00218,0.0068,0.0429,0.0911,0.11,0.37,0.422,0.539,0.338,0.121,0.00544,medium
87397144affffff,0.00108,0.0018,0.00562,0.0356,0.0754,0.0907,0.301,0.346,0.445,0.28,0.1,0.0045,medium
87397144bffffff,0.00116,0.00193,0.00604,0.0381,0.0809,0.0978,0.327,0.374,0.478,0.301,0.107,0.00483,medium
87397144cffffff,0.00108,0.0018,0.00562,0.0355,0.0754,0.0906,0.301,0.346,0.444,0.28,0.0999,0.00449,low
87397144dffffff,0.00126,0.0021,0.00657,0.0415,0.0881,0.106,0.353,0.405,0.519,0.327,0.117,0.00525,low
87397144effffff,0.00105,0.00176,0.00549,0.0347,0.0736,0.0885,0.294,0.338,0.434,0.274,0.0976,0.00439,low
873971450ffffff,8.81e-4,0.00147,0.00459,0.0289,0.0611,0.0729,0.24,0.279,0.361,0.226,0.0815,0.00367,low
873971451ffffff,0.00101,0.00168,0.00524,0.033,0.0698,0.0833,0.275,0.319,0.413,0.259,0.0931,0.00419,low
873971452ffffff,9.25e-4,0.00154,0.00482,0.0304,0.0643,0.0783,0.254,0.297,0.374,0.238,0.0854,0.00386,low
873971453ffffff,8.77e-4,0.00146,0.00456,0.0288,0.0609,0.0742,0.241,0.281,0.354,0.225,0.0809,0.00365,low
873971454ffffff,8.59e-4,0.00144,0.00448,0.0282,0.0596,0.0709,0.234,0.272,0.353,0.221,0.0795,0.00358,low
873971455ffffff,9.27e-4,0.00155,0.00483,0.0304,0.0643,0.0765,0.253,0.293,0.381,0.238,0.0858,0.00386,low
873971456ffffff,9.81e-4,0.00164,0.00511,0.0322,0.0681,0.0818,0.268,0.312,0.4,0.252,0.0907,0.00409,low
873971458ffffff,0.00145,0.00242,0.00756,0.0478,0.101,0.123,0.4,0.461,0.582,0.374,0.134,0.00605,low
873971459ffffff,9.59e-4,0.0016,0.00499,0.0316,0.0673,0.0818,0.268,0.31,0.391,0.25,0.0888,0.00399,low
87397145affffff,9.95e-4,0.00166,0.00518,0.0328,0.0699,0.0853,0.278,0.322,0.404,0.26,0.0921,0.00414,low
87397145bffffff,0.00124,0.00206,0.00643,0.0408,0.0867,0.106,0.344,0.399,0.5,0.322,0.114,0.00515,medium
87397145cffffff,9.98e-4,0.00167,0.0052,0.0329,0.0697,0.0839,0.279,0.32,0.411,0.259,0.0925,0.00416,low
87397145dffffff,0.00104,0.00174,0.00543,0.0343,0.0728,0.0876,0.291,0.334,0.429,0.271,0.0965,0.00434,low
87397145effffff,0.00102,0.00169,0.00528,0.0335,0.0712,0.0868,0.283,0.328,0.411,0.264,0.0939,0.00423,low
873971460ffffff,6.98e-4,0.00117,0.00364,0.023,0.0486,0.0568,0.19,0.22,0.288,0.18,0.0648,0.00291,low
873971461ffffff,7.73e-4,0.00129,0.00403,0.0255,0.0541,0.0636,0.216,0.247,0.324,0.201,0.0717,0.00322,low
873971462ffffff,8.5e-4,0.00142,0.00443,0.0279,0.059,0.0702,0.232,0.269,0.349,0.218,0.0787,0.00354,low
873971463ffffff,8.36e-4,0.0014,0.00436,0.0275,0.0583,0.07,0.232,0.267,0.344,0.217,0.0775,0.00349,low
873971464ffffff,7.27e-4,0.00122,0.0038,0.0239,0.0506,0.0589,0.197,0.228,0.299,0.188,0.0675,0.00303,low
873971465ffffff,7.26e-4,0.00121,0.00379,0.0239,0.0506,0.0591,0.199,0.229,0.301,0.188,0.0674,0.00302,low
873971466ffffff,9.03e-4,0.00151,0.00471,0.0297,0.0628,0.0735,0.245,0.284,0.371,0.233,0.0837,0.00376,low
873971468ffffff,8.95e-4,0.00149,0.00466,0.0295,0.0625,0.0751,0.25,0.287,0.369,0.233,0.0829,0.00373,low
873971469ffffff,8.06e-4,0.00135,0.0042,0.0265,0.0563,0.0671,0.225,0.258,0.335,0.21,0.0748,0.00336,low
87397146affffff,0.00107,0.00179,0.00559,0.0354,0.075,0.0902,0.3,0.344,0.442,0.279,0.0995,0.00447,low
87397146bffffff,9.4e-4,0.00157,0.0049,0.031,0.0657,0.0791,0.263,0.302,0.388,0.244,0.0872,0.00392,low
87397146cffffff,0.00121,0.00202,0.00631,0.0398,0.0843,0.0989,0.333,0.38,0.497,0.311,0.112,0.00504,low
87397146dffffff,0.00151,0.00251,0.00785,0.0495,0.105,0.123,0.415,0.473,0.62,0.387,0.139,0.00627,low
87397146effffff,7.17e-4,0.0012,0.00374,0.0236,0.0501,0.0603,0.2,0.23,0.296,0.187,0.0665,0.00299,low
873971470ffffff,9.77e-4,0.00163,0.00509,0.0321,0.0678,0.0807,0.266,0.309,0.401,0.251,0.0904,0.00407,low
873971471ffffff,9.05e-4,0.00151,0.00471,0.0297,0.0628,0.0747,0.247,0.286,0.371,0.232,0.0837,0.00377,low
873971472ffffff,9e-4,0.0015,0.00469,0.0295,0.0625,0.0743,0.245,0.285,0.37,0.231,0.0833,0.00375,low
873971473ffffff,8.18e-4,0.00137,0.00427,0.0268,0.0568,0.0676,0.223,0.259,0.336,0.21,0.0758,0.00341,low
873971474ffffff,8.83e-4,0.00148,0.0046,0.029,0.0613,0.0729,0.241,0.28,0.363,0.227,0.0818,0.00368,low
873971475ffffff,8.42e-4,0.00141,0.00439,0.0276,0.0584,0.0695,0.23,0.266,0.346,0.216,0.0779,0.00351,low
873971483ffffff,7.28e-4,0.00122,0.00379,0.0239,0.0504,0.061,0.198,0.231,0.296,0.188,0.0672,0.00304,low
873971488ffffff,6.46e-4,0.00108,0.00336,0.0212,0.0448,0.0552,0.178,0.207,0.262,0.166,0.0595,0.00269,low
873971489ffffff,9.11e-4,0.00152,0.00474,0.0299,0.0632,0.0778,0.251,0.292,0.369,0.233,0.0838,0.0038,low
87397148affffff,8.86e-4,0.00148,0.00462,0.0291,0.0615,0.0757,0.244,0.284,0.359,0.227,0.0816,0.0037,low
87397148bffffff,7.25e-4,0.00121,0.00377,0.0238,0.0503,0.0619,0.2,0.233,0.294,0.186,0.0667,0.00302,low
87397148cffffff,9.99e-4,0.00167,0.0052,0.0328,0.0693,0.0854,0.275,0.321,0.405,0.256,0.092,0.00417,low
87397148dffffff,7.92e-4,0.00132,0.00413,0.026,0.055,0.0675,0.218,0.254,0.322,0.203,0.073,0.0033,low
87397148effffff,0.00106,0.00177,0.00551,0.0347,0.0732,0.089,0.288,0.336,0.429,0.272,0.0975,0.00441,low
873971498ffffff,0.00103,0.00172,0.00536,0.0338,0.0712,0.0862,0.279,0.326,0.418,0.265,0.0949,0.00429,low
873971499ffffff,0.00109,0.00181,0.00565,0.0356,0.0752,0.092,0.297,0.346,0.44,0.279,0.0999,0.00452,low
87397149bffffff,8.55e-4,0.00143,0.00445,0.0281,0.0592,0.0718,0.233,0.271,0.347,0.22,0.0789,0.00357,low
87397149cffffff,9.44e-4,0.00158,0.00492,0.031,0.0653,0.079,0.256,0.299,0.383,0.243,0.0871,0.00394,low
87397149dffffff,9.16e-4,0.00153,0.00477,0.0301,0.0634,0.0767,0.249,0.29,0.372,0.236,0.0846,0.00382,low
8739714c0ffffff,9.47e-4,0.00158,0.00493,0.0311,0.0659,0.0805,0.26,0.304,0.382,0.243,0.0874,0.00395,low
8739714c1ffffff,0.0011,0.00183,0.00571,0.036,0.0762,0.0931,0.301,0.351,0.441,0.281,0.101,0.00457,low
8739714c2ffffff,0.00119,0.00198,0.00617,0.039,0.0826,0.102,0.327,0.381,0.473,0.302,0.109,0.00494,low
8739714c3ffffff,9.53e-4,0.00159,0.00496,0.0313,0.0664,0.0821,0.264,0.307,0.381,0.243,0.0876,0.00397,low
8739714c4ffffff,0.00106,0.00177,0.00552,0.0348,0.0737,0.0897,0.291,0.34,0.428,0.272,0.0979,0.00442,low
8739714c5ffffff,9.8e-4,0.00164,0.0051,0.0322,0.0681,0.0829,0.269,0.314,0.395,0.252,0.0904,0.00408,low
8739714c6ffffff,0.0011,0.00184,0.00574,0.0362,0.0767,0.0941,0.304,0.354,0.443,0.282,0.102,0.0046,low
8739714c8ffffff,0.00102,0.0017,0.0053,0.0336,0.0716,0.088,0.285,0.329,0.409,0.264,0.094,0.00424,low
8739714c9ffffff,0.00109,0.00183,0.0057,0.0361,0.077,0.0946,0.307,0.353,0.44,0.284,0.101,0.00456,low
8739714caffffff,0.00114,0.00191,0.00595,0.0376,0.0802,0.0988,0.319,0.368,0.457,0.295,0.105,0.00476,low
8739714cbffffff,0.00127,0.00212,0.00663,0.042,0.0896,0.11,0.357,0.41,0.509,0.33,0.117,0.00531,low
8739714ccffffff,0.00101,0.00168,0.00524,0.0331,0.0702,0.0855,0.278,0.324,0.407,0.26,0.093,0.0042,low
8739714cdffffff,0.00168,0.00281,0.00876,0.0554,0.118,0.144,0.463,0.535,0.667,0.433,0.155,0.00701,low
8739714ceffffff,0.00117,0.00196,0.00611,0.0386,0.0818,0.101,0.324,0.377,0.469,0.299,0.108,0.0049,low
8739714d0ffffff,8.05e-4,0.00134,0.00419,0.0265,0.0559,0.0689,0.222,0.258,0.325,0.206,0.0741,0.00336,low
8739714d1ffffff,0.0011,0.00184,0.00573,0.0362,0.0766,0.0946,0.303,0.353,0.439,0.28,0.101,0.00458,low
8739714d2ffffff,0.00122,0.00204,0.00637,0.0402,0.0847,0.104,0.336,0.391,0.494,0.313,0.112,0.0051,low
8739714d3ffffff,6.31e-4,0.00105,0.00329,0.0208,0.044,0.0544,0.175,0.203,0.253,0.161,0.058,0.00263,low
8739714d4ffffff,4.39e-4,7.33e-4,0.00228,0.0144,0.0304,0.0375,0.121,0.141,0.178,0.113,0.0404,0.00183,low
8739714d5ffffff,5.85e-4,9.77e-4,0.00305,0.0192,0.0407,0.0503,0.162,0.188,0.236,0.15,0.0538,0.00244,low
8739714d6ffffff,9.87e-4,0.00165,0.00514,0.0324,0.0684,0.0842,0.271,0.315,0.398,0.252,0.0906,0.00411,low
8739714d8ffffff,0.00121,0.00203,0.00632,0.0399,0.0845,0.104,0.334,0.389,0.484,0.309,0.111,0.00506,low
8739714d9ffffff,0.0013,0.00217,0.00679,0.0429,0.0911,0.112,0.362,0.419,0.521,0.334,0.12,0.00543,low
8739714daffffff,0.00213,0.00356,0.0111,0.07,0.148,0.183,0.584,0.679,0.843,0.539,0.195,0.00888,medium
8739714dbffffff,0.00136,0.00227,0.00709,0.0448,0.0949,0.117,0.376,0.437,0.544,0.347,0.125,0.00568,low
8739714dcffffff,0.00155,0.00258,0.00805,0.0507,0.107,0.132,0.419,0.487,0.602,0.388,0.141,0.00645,low
8739714ddffffff,0.001,0.00168,0.00523,0.033,0.07,0.0865,0.278,0.323,0.402,0.256,0.0923,0.00419,low
8739714deffffff,8.11e-4,0.00135,0.00422,0.0267,0.0565,0.0698,0.224,0.261,0.324,0.207,0.0745,0.00338,low
8739714e0ffffff,9.37e-4,0.00156,0.00488,0.0308,0.0651,0.0793,0.257,0.301,0.378,0.241,0.0865,0.00391,low
8739714e1ffffff,9.75e-4,0.00163,0.00508,0.032,0.0677,0.0824,0.267,0.312,0.393,0.25,0.09,0.00406,low
8739714e2ffffff,9.99e-4,0.00167,0.0052,0.0328,0.0694,0.0844,0.274,0.32,0.404,0.257,0.0923,0.00417,low
8739714e3ffffff,8.57e-4,0.00143,0.00446,0.0281,0.0595,0.0725,0.235,0.275,0.346,0.22,0.0791,0.00357,low
8739714e5ffffff,9.76e-4,0.00163,0.00508,0.032,0.0678,0.0825,0.268,0.313,0.394,0.25,0.0901,0.00407,low
8739714e6ffffff,9.29e-4,0.00155,0.00484,0.0305,0.0646,0.078,0.255,0.297,0.377,0.24,0.0859,0.00387,low
8739714e8ffffff,0.00101,0.00169,0.00527,0.0333,0.0704,0.0857,0.278,0.325,0.409,0.26,0.0935,0.00422,low
8739714e9ffffff,0.00102,0.0017,0.0053,0.0336,0.0716,0.0874,0.285,0.33,0.413,0.266,0.0944,0.00424,low
8739714eaffffff,0.00103,0.00172,0.00537,0.0339,0.0717,0.0873,0.283,0.331,0.417,0.265,0.0953,0.0043,low
8739714ebffffff,0.00104,0.00174,0.00542,0.0343,0.0729,0.089,0.289,0.336,0.422,0.271,0.0963,0.00434,low
8739714ecffffff,9.82e-4,0.00164,0.00511,0.0322,0.0682,0.0831,0.269,0.315,0.396,0.252,0.0907,0.00409,low
8739714edffffff,9.81e-4,0.00164,0.00511,0.0323,0.0685,0.0835,0.271,0.316,0.397,0.254,0.0907,0.00409,low
8739714eeffffff,9.72e-4,0.00162,0.00506,0.0319,0.0675,0.0822,0.267,0.312,0.392,0.25,0.0897,0.00405,low
8739714f0ffffff,8.92e-4,0.00149,0.00465,0.0293,0.062,0.0749,0.245,0.286,0.363,0.23,0.0825,0.0037200000000000002,low
8739714f1ffffff,8.23e-4,0.00137,0.00429,0.027,0.0572,0.0692,0.226,0.264,0.334,0.212,0.0761,0.00343,low
8739714f2ffffff,7.73e-4,0.00129,0.00403,0.0254,0.0537,0.0655,0.213,0.248,0.314,0.199,0.0713,0.00322,low
8739714f3ffffff,7.32e-4,0.00122,0.00381,0.0241,0.0509,0.0619,0.201,0.235,0.298,0.189,0.0676,0.00305,low
8739714f5ffffff,9.44e-4,0.00158,0.00492,0.031,0.0656,0.0792,0.259,0.302,0.384,0.244,0.0873,0.00394,low
873971541ffffff,8.45e-4,0.00141,0.00441,0.0278,0.0588,0.0685,0.229,0.265,0.347,0.218,0.0784,0.00352,low
873971543ffffff,0.00209,0.0035,0.0109,0.0687,0.145,0.169,0.562,0.649,0.85,0.535,0.194,0.00873,low
873971548ffffff,7.51e-4,0.00126,0.00392,0.0247,0.0523,0.0609,0.204,0.235,0.309,0.194,0.0697,0.00313,low
873971549ffffff,9.77e-4,0.00163,0.0051,0.0321,0.068,0.0791,0.264,0.306,0.401,0.252,0.0906,0.00407,low
87397154affffff,9.16e-4,0.00153,0.00478,0.0301,0.0638,0.0742,0.248,0.287,0.377,0.236,0.085,0.00382,low
87397154bffffff,7.72e-4,0.00129,0.00403,0.0254,0.0537,0.0625,0.209,0.242,0.317,0.199,0.0716,0.00322,low
87397154cffffff,7.61e-4,0.00127,0.00397,0.025,0.053,0.0617,0.206,0.239,0.313,0.197,0.0707,0.00317,low
87397154dffffff,9.53e-4,0.00159,0.00497,0.0313,0.0663,0.0772,0.258,0.298,0.391,0.246,0.0884,0.00397,low
87397154effffff,0.00115,0.00192,0.00598,0.0377,0.0797,0.0928,0.31,0.358,0.47,0.295,0.106,0.00478,low
873971558ffffff,8.58e-4,0.00143,0.00448,0.0282,0.0597,0.0695,0.232,0.269,0.353,0.221,0.0796,0.00357,low
873971559ffffff,8.26e-4,0.00138,0.00431,0.0271,0.0575,0.0669,0.224,0.259,0.339,0.213,0.0766,0.00344,low
87397155bffffff,7.9e-4,0.00132,0.00412,0.0259,0.0549,0.0645,0.215,0.249,0.325,0.203,0.0732,0.00329,low
87397155cffffff,0.0013,0.00217,0.00677,0.0426,0.09,0.105,0.35,0.404,0.532,0.333,0.12,0.0054,low
87397155dffffff,0.00165,0.00276,0.00861,0.0542,0.115,0.134,0.446,0.515,0.676,0.425,0.153,0.00688,low
873971568ffffff,8.38e-4,0.0014,0.00438,0.0275,0.0582,0.0666,0.225,0.26,0.344,0.216,0.0778,0.00349,low
873971569ffffff,0.00172,0.00288,0.00899,0.0565,0.119,0.136,0.456,0.526,0.693,0.439,0.159,0.00717,low
87397156affffff,9.05e-4,0.00151,0.00473,0.0298,0.063,0.0728,0.244,0.282,0.371,0.233,0.084,0.00377,low
87397156bffffff,0.00122,0.00204,0.00638,0.0401,0.0849,0.0978,0.328,0.379,0.5,0.314,0.113,0.00509,low
87397156dffffff,9.76e-4,0.00163,0.0051,0.0321,0.0678,0.0776,0.262,0.303,0.4,0.252,0.0906,0.00407,low
87397156effffff,0.00132,0.00221,0.00692,0.0435,0.0917,0.105,0.351,0.405,0.534,0.337,0.122,0.00552,low
873971600ffffff,0.00421,0.00703,0.0219,0.137,0.29,0.362,1.17,1.34,1.63,1.04,0.379,0.0175,low
873971601ffffff,0.00311,0.0052,0.0162,0.102,0.217,0.271,0.892,1.03,1.26,0.792,0.285,0.013,medium
873971602ffffff,0.00203,0.0034,0.0106,0.0666,0.142,0.177,0.585,0.674,0.83,0.519,0.186,0.00848,low
873971603ffffff,0.00333,0.00557,0.0174,0.109,0.232,0.29,0.955,1.1,1.35,0.848,0.305,0.0139,low
873971604ffffff,0.00199,0.00333,0.0104,0.0654,0.139,0.173,0.573,0.659,0.813,0.512,0.183,0.00831,low
873971605ffffff,0.00251,0.00419,0.0131,0.0822,0.175,0.218,0.719,0.828,1.02,0.639,0.23,0.0105,low
873971606ffffff,0.00235,0.00391,0.0122,0.0772,0.165,0.204,0.673,0.771,0.956,0.609,0.216,0.00977,low
873971608ffffff,0.00616,0.0103,0.0321,0.2,0.424,0.529,1.73,1.98,2.42,1.53,0.555,0.0257,medium
873971609ffffff,0.00525,0.00877,0.0274,0.171,0.361,0.452,1.53,1.74,2.14,1.31,0.476,0.0219,high
87397160affffff,0.00414,0.00691,0.0216,0.135,0.287,0.359,1.18,1.36,1.67,1.05,0.377,0.0173,low
87397160bffffff,0.00469,0.00783,0.0245,0.153,0.323,0.405,1.37,1.56,1.93,1.18,0.427,0.0196,medium
87397160cffffff,0.00392,0.00654,0.0204,0.128,0.272,0.34,1.12,1.29,1.59,0.995,0.358,0.0163,medium
87397160dffffff,0.00502,0.00838,0.0262,0.163,0.346,0.433,1.45,1.66,2.04,1.26,0.456,0.0209,medium
87397160effffff,0.0031,0.00517,0.0161,0.101,0.215,0.269,0.887,1.02,1.26,0.788,0.283,0.0129,medium
873971610ffffff,0.00222,0.00371,0.0116,0.0734,0.158,0.196,0.64,0.732,0.905,0.585,0.205,0.00926,low
873971611ffffff,0.00244,0.00408,0.0127,0.0805,0.173,0.216,0.71,0.811,1.01,0.64,0.225,0.0102,low
873971612ffffff,0.00187,0.00313,0.00975,0.062,0.134,0.168,0.544,0.622,0.767,0.498,0.174,0.0078,low
873971613ffffff,0.00224,0.00373,0.0117,0.0742,0.16,0.202,0.657,0.747,0.935,0.598,0.208,0.00933,low
873971614ffffff,0.00278,0.00463,0.0144,0.0912,0.195,0.24,0.777,0.887,1.1,0.711,0.253,0.0116,low
873971615ffffff,0.0022,0.00366,0.0114,0.0724,0.155,0.191,0.629,0.72,0.895,0.574,0.203,0.00915,low
873971616ffffff,0.00182,0.00303,0.00947,0.0601,0.129,0.161,0.526,0.601,0.744,0.48,0.168,0.00757,low
873971618ffffff,0.00343,0.00572,0.0179,0.113,0.245,0.309,1.01,1.14,1.45,0.909,0.317,0.0143,low
873971619ffffff,0.00873,0.0146,0.0454,0.286,0.612,0.769,2.39,2.67,3.35,2.17,0.781,0.0363,medium
87397161affffff,0.00293,0.00489,0.0153,0.0971,0.21,0.266,0.873,0.981,1.26,0.788,0.272,0.0122,low
87397161bffffff,0.00477,0.00795,0.0248,0.157,0.339,0.427,1.36,1.53,1.95,1.24,0.435,0.0198,medium
87397161cffffff,0.00194,0.00324,0.0101,0.0636,0.136,0.17,0.561,0.644,0.798,0.499,0.178,0.00809,low
87397161dffffff,0.00264,0.0044,0.0137,0.0863,0.183,0.229,0.758,0.873,1.07,0.673,0.241,0.011,low
87397161effffff,0.00248,0.00414,0.0129,0.0822,0.178,0.226,0.744,0.836,1.08,0.671,0.231,0.0103,low
873971620ffffff,0.00231,0.00386,0.0121,0.0756,0.16,0.197,0.664,0.756,0.937,0.583,0.212,0.00965,medium
873971621ffffff,0.0027,0.00451,0.0141,0.088,0.185,0.228,0.775,0.882,1.08,0.67,0.246,0.0113,medium
873971622ffffff,0.00215,0.00359,0.0112,0.0709,0.152,0.187,0.618,0.708,0.879,0.562,0.199,0.00896,low
873971623ffffff,0.00247,0.00412,0.0129,0.0808,0.172,0.215,0.71,0.818,1.01,0.63,0.226,0.0103,low
873971624ffffff,0.00184,0.00308,0.00961,0.0604,0.128,0.156,0.528,0.6,0.751,0.467,0.169,0.00769,low
873971625ffffff,0.00224,0.00375,0.0117,0.0729,0.153,0.188,0.644,0.731,0.9,0.553,0.204,0.00936,medium
873971626ffffff,0.00213,0.00355,0.0111,0.0699,0.149,0.183,0.608,0.694,0.865,0.549,0.196,0.00886,medium
873971628ffffff,0.00316,0.00527,0.0164,0.103,0.219,0.274,0.905,1.04,1.28,0.803,0.289,0.0132,low
873971629ffffff,0.00528,0.00881,0.0275,0.171,0.361,0.449,1.44,1.65,2,1.28,0.47,0.022,low
87397162affffff,0.0037200000000000002,0.00621,0.0194,0.122,0.258,0.322,1.06,1.22,1.49,0.939,0.339,0.0155,low
87397162bffffff,0.00371,0.00619,0.0193,0.121,0.257,0.322,1.06,1.22,1.51,0.942,0.339,0.0155,low
87397162cffffff,0.00288,0.00481,0.015,0.0937,0.197,0.242,0.824,0.937,1.15,0.71,0.262,0.012,medium
87397162dffffff,0.00278,0.00464,0.0145,0.0903,0.189,0.233,0.796,0.904,1.11,0.683,0.253,0.0116,medium
87397162effffff,0.00258,0.0043,0.0134,0.0843,0.179,0.224,0.739,0.851,1.05,0.656,0.236,0.0107,low
873971630ffffff,0.00195,0.00324,0.0101,0.0642,0.137,0.17,0.559,0.64,0.796,0.51,0.18,0.0081,low
873971631ffffff,0.0022,0.00367,0.0115,0.0725,0.155,0.192,0.631,0.722,0.897,0.575,0.203,0.00916,low
873971632ffffff,0.00193,0.00321,0.01,0.0635,0.136,0.168,0.554,0.634,0.788,0.505,0.178,0.00802,low
873971633ffffff,0.00203,0.00338,0.0106,0.0669,0.143,0.177,0.583,0.668,0.83,0.532,0.187,0.00845,low
873971634ffffff,0.00168,0.0028,0.00874,0.0553,0.118,0.146,0.482,0.552,0.687,0.44,0.155,0.00699,low
873971635ffffff,0.0018,0.003,0.00938,0.0594,0.127,0.157,0.518,0.593,0.737,0.472,0.166,0.0075,low
873971636ffffff,0.00177,0.00296,0.00924,0.0585,0.125,0.155,0.51,0.584,0.726,0.465,0.164,0.00739,low
873971640ffffff,0.011,0.0184,0.0573,0.354,0.742,0.92,2.91,3.28,4.01,2.58,0.959,0.0458,high
873971641ffffff,0.0234,0.039,0.121,0.737,1.52,1.87,5.45,6.07,7.24,4.91,1.92,0.0969,high
873971642ffffff,0.00706,0.0118,0.0368,0.23,0.486,0.608,2.05,2.32,2.89,1.78,0.642,0.0294,high
873971643ffffff,0.00764,0.0128,0.0398,0.249,0.527,0.658,2.21,2.5,3.12,1.93,0.695,0.0319,high
873971644ffffff,0.00617,0.0103,0.0322,0.201,0.425,0.532,1.8,2.05,2.54,1.56,0.561,0.0257,medium
873971645ffffff,0.00596,0.00995,0.0311,0.194,0.412,0.514,1.73,1.97,2.46,1.52,0.543,0.0248,medium
873971646ffffff,0.00616,0.0103,0.0321,0.201,0.424,0.531,1.8,2.05,2.53,1.55,0.56,0.0257,high
873971648ffffff,0.0121,0.0201,0.0626,0.384,0.801,0.99,3.05,3.43,4.17,2.72,1.03,0.0501,high
873971649ffffff,0.00695,0.0116,0.0362,0.228,0.486,0.599,2.02,2.27,2.92,1.82,0.636,0.0289,high
87397164affffff,0.0252,0.0421,0.131,0.809,1.69,2.1,6.56,7.36,8.95,5.83,2.18,0.105,high
87397164bffffff,0.0122,0.0203,0.0633,0.391,0.821,1.01,3.12,3.48,4.33,2.83,1.05,0.0506,high
87397164cffffff,0.00587,0.00981,0.0306,0.192,0.406,0.507,1.71,1.94,2.42,1.5,0.536,0.0245,high
87397164dffffff,0.0114,0.019,0.059,0.364,0.763,0.942,2.95,3.3,4.06,2.63,0.981,0.0472,high
87397164effffff,0.0181,0.0302,0.0942,0.584,1.23,1.52,4.86,5.48,6.71,4.31,1.59,0.0753,high
873971650ffffff,0.0131,0.0218,0.068,0.421,0.881,1.1,3.52,3.97,4.81,3.06,1.14,0.0544,medium
873971651ffffff,0.016,0.0268,0.0835,0.518,1.09,1.36,4.38,4.95,6.03,3.83,1.42,0.0668,medium
873971652ffffff,0.00759,0.0127,0.0395,0.249,0.533,0.67,2.24,2.51,3.21,1.98,0.696,0.0316,medium
873971653ffffff,0.0185,0.0309,0.0963,0.597,1.26,1.57,4.87,5.42,6.71,4.35,1.61,0.077,medium
873971654ffffff,0.00632,0.0106,0.033,0.206,0.435,0.545,1.84,2.1,2.59,1.59,0.574,0.0264,high
873971655ffffff,0.00616,0.0103,0.0321,0.201,0.424,0.531,1.8,2.05,2.53,1.55,0.56,0.0257,medium
873971656ffffff,0.00564,0.00943,0.0294,0.184,0.388,0.487,1.65,1.88,2.32,1.42,0.513,0.0235,medium
873971658ffffff,0.00984,0.0164,0.0512,0.32,0.675,0.843,2.79,3.16,3.91,2.45,0.887,0.041,medium
873971659ffffff,0.0277,0.0463,0.143,0.855,1.74,2.12,5.81,6.43,7.58,5.27,2.14,0.115,medium
87397165affffff,0.0191,0.0319,0.0992,0.617,1.31,1.6,4.67,5.06,6.4,4.38,1.62,0.0793,high
87397165bffffff,0.00669,0.0112,0.0349,0.222,0.48,0.595,1.99,2.19,2.88,1.81,0.62,0.0279,high
87397165cffffff,0.0188,0.0313,0.0974,0.593,1.22,1.51,4.46,4.98,5.99,4,1.55,0.0779,medium
87397165dffffff,0.0129,0.0215,0.067,0.417,0.877,1.09,3.55,4.01,4.94,3.13,1.14,0.0536,medium
87397165effffff,0.0132,0.022,0.0686,0.429,0.91,1.13,3.7,4.15,5.19,3.28,1.18,0.0549,high
873971660ffffff,0.00667,0.0111,0.0348,0.215,0.447,0.549,1.87,2.11,2.55,1.58,0.599,0.0278,high
873971661ffffff,0.00528,0.00882,0.0276,0.171,0.357,0.438,1.51,1.7,2.08,1.28,0.477,0.022,medium
873971662ffffff,0.00652,0.0109,0.034,0.211,0.44,0.544,1.84,2.08,2.53,1.57,0.586,0.0272,medium
873971663ffffff,0.00594,0.00992,0.031,0.193,0.403,0.497,1.7,1.92,2.36,1.45,0.537,0.0248,medium
873971664ffffff,0.00521,0.0087,0.0272,0.168,0.35,0.429,1.46,1.66,2.01,1.24,0.469,0.0217,medium
873971665ffffff,0.00447,0.00746,0.0233,0.144,0.301,0.37,1.27,1.44,1.76,1.08,0.404,0.0186,medium
873971666ffffff,0.00764,0.0128,0.0398,0.246,0.511,0.627,2.12,2.4,2.9,1.8,0.684,0.0318,high
873971668ffffff,0.00542,0.00906,0.0283,0.175,0.366,0.451,1.55,1.75,2.14,1.32,0.49,0.0226,medium
873971669ffffff,0.00581,0.00971,0.0303,0.188,0.393,0.483,1.66,1.87,2.29,1.41,0.525,0.0242,medium
87397166affffff,0.00606,0.0101,0.0316,0.198,0.419,0.523,1.76,2,2.5,1.54,0.552,0.0253,medium
87397166bffffff,0.00593,0.0099,0.0309,0.193,0.408,0.509,1.72,1.95,2.43,1.5,0.539,0.0247,high
87397166cffffff,0.00758,0.0127,0.0395,0.243,0.505,0.619,2.06,2.31,2.79,1.76,0.668,0.0316,medium
87397166dffffff,0.00475,0.00793,0.0248,0.154,0.321,0.394,1.36,1.54,1.88,1.15,0.429,0.0198,low
87397166effffff,0.00657,0.011,0.0343,0.213,0.445,0.549,1.87,2.11,2.59,1.6,0.593,0.0274,medium
873971670ffffff,0.00565,0.00943,0.0294,0.184,0.388,0.486,1.65,1.87,2.31,1.42,0.513,0.0236,medium
873971671ffffff,0.00561,0.00938,0.0293,0.183,0.386,0.484,1.64,1.87,2.3,1.41,0.51,0.0234,medium
873971672ffffff,0.00477,0.00797,0.0249,0.155,0.328,0.411,1.4,1.59,1.96,1.2,0.434,0.0199,medium
873971673ffffff,0.00502,0.00839,0.0262,0.164,0.346,0.433,1.47,1.67,2.07,1.26,0.457,0.0209,medium
873971674ffffff,0.00436,0.00728,0.0227,0.142,0.299,0.374,1.27,1.44,1.78,1.09,0.396,0.0182,medium
873971675ffffff,0.00543,0.00907,0.0283,0.176,0.371,0.462,1.57,1.78,2.18,1.34,0.492,0.0226,high
873971676ffffff,0.00417,0.00697,0.0217,0.136,0.287,0.36,1.22,1.39,1.72,1.05,0.38,0.0174,low
873971680ffffff,0.00216,0.00361,0.0113,0.0716,0.156,0.197,0.637,0.725,0.908,0.581,0.201,0.00901,high
873971681ffffff,0.00244,0.00407,0.0127,0.0807,0.175,0.22,0.711,0.811,1.01,0.65,0.226,0.0102,high
873971682ffffff,0.00229,0.00382,0.0119,0.0758,0.167,0.212,0.688,0.777,0.995,0.625,0.214,0.00954,high
873971683ffffff,0.00244,0.00407,0.0127,0.0807,0.177,0.226,0.732,0.827,1.06,0.666,0.227,0.0102,high
873971684ffffff,0.00208,0.00347,0.0108,0.0688,0.149,0.186,0.604,0.69,0.851,0.552,0.193,0.00865,medium
873971685ffffff,0.00176,0.00293,0.00914,0.0582,0.126,0.158,0.511,0.584,0.721,0.467,0.163,0.00732,high
873971686ffffff,0.00202,0.00337,0.0105,0.0668,0.146,0.184,0.597,0.678,0.853,0.544,0.188,0.00841,high
873971688ffffff,0.00296,0.00494,0.0154,0.0981,0.216,0.28,0.896,1.01,1.32,0.817,0.277,0.0123,high
873971689ffffff,0.00313,0.00521,0.0163,0.104,0.228,0.295,0.945,1.07,1.39,0.861,0.292,0.013,medium
87397168affffff,0.00311,0.0052,0.0162,0.103,0.228,0.295,0.943,1.07,1.39,0.86,0.292,0.013,high
87397168bffffff,0.00276,0.0046,0.0144,0.0914,0.202,0.261,0.837,0.945,1.23,0.763,0.258,0.0115,medium
87397168cffffff,0.00273,0.00455,0.0142,0.0903,0.196,0.249,0.815,0.919,1.18,0.737,0.254,0.0114,high
87397168dffffff,0.00272,0.00454,0.0142,0.0903,0.196,0.248,0.818,0.92,1.19,0.737,0.254,0.0113,high
87397168effffff,0.00351,0.00586,0.0183,0.116,0.255,0.327,1.05,1.18,1.52,0.954,0.327,0.0146,high
873971690ffffff,0.0021,0.00351,0.011,0.0696,0.152,0.194,0.625,0.71,0.902,0.569,0.196,0.00877,medium
873971691ffffff,0.00265,0.00443,0.0138,0.0879,0.193,0.246,0.797,0.9,1.15,0.724,0.247,0.0111,high
873971692ffffff,0.00189,0.00316,0.00985,0.0626,0.137,0.173,0.558,0.636,0.804,0.508,0.176,0.00788,medium
873971693ffffff,0.00236,0.00393,0.0123,0.0781,0.171,0.219,0.709,0.8,1.02,0.644,0.22,0.00983,high
873971694ffffff,0.00162,0.0027,0.00843,0.0536,0.116,0.146,0.468,0.538,0.67,0.427,0.15,0.00675,low
873971695ffffff,0.00204,0.00341,0.0106,0.0676,0.149,0.19,0.614,0.694,0.889,0.558,0.19,0.00851,medium
873971696ffffff,0.00168,0.0028,0.00875,0.0555,0.121,0.151,0.485,0.558,0.695,0.443,0.156,0.007,low
873971698ffffff,0.00317,0.00529,0.0165,0.105,0.231,0.294,0.951,1.07,1.37,0.864,0.295,0.0132,high
873971699ffffff,0.00365,0.00609,0.019,0.121,0.267,0.344,1.1,1.24,1.61,1,0.341,0.0152,high
87397169affffff,0.00342,0.0057,0.0178,0.113,0.248,0.317,1.02,1.16,1.48,0.931,0.318,0.0142,high
87397169bffffff,0.00369,0.00616,0.0193,0.122,0.269,0.345,1.11,1.25,1.61,1.01,0.345,0.0154,high
87397169cffffff,0.00255,0.00425,0.0133,0.0844,0.185,0.237,0.766,0.865,1.11,0.696,0.238,0.0106,high
87397169dffffff,0.00279,0.00465,0.0145,0.0924,0.203,0.259,0.838,0.946,1.21,0.761,0.26,0.0116,medium
87397169effffff,0.00304,0.00506,0.0158,0.101,0.221,0.282,0.911,1.03,1.32,0.828,0.283,0.0127,high
8739716a0ffffff,0.00145,0.00243,0.00757,0.0482,0.104,0.131,0.423,0.484,0.597,0.387,0.135,0.00606,low
8739716a1ffffff,0.00168,0.0028,0.00874,0.0556,0.12,0.15,0.487,0.557,0.686,0.445,0.156,0.00699,medium
8739716a2ffffff,0.00193,0.00322,0.0101,0.0639,0.138,0.173,0.56,0.64,0.788,0.512,0.179,0.00804,low
8739716a3ffffff,0.0023,0.00384,0.012,0.076,0.164,0.205,0.652,0.743,0.911,0.598,0.211,0.00959,medium
8739716a4ffffff,0.00156,0.00259,0.0081,0.0515,0.111,0.14,0.453,0.517,0.638,0.414,0.144,0.00648,medium
8739716a5ffffff,0.00141,0.00236,0.00736,0.0468,0.101,0.127,0.412,0.471,0.581,0.376,0.131,0.00589,medium
8739716a6ffffff,0.00453,0.00755,0.0235,0.149,0.321,0.4,1.27,1.44,1.76,1.16,0.413,0.0188,low
8739716a8ffffff,0.00224,0.00374,0.0117,0.0744,0.161,0.203,0.666,0.753,0.958,0.604,0.209,0.00935,low
8739716a9ffffff,0.00271,0.00452,0.0141,0.0899,0.195,0.247,0.813,0.913,1.18,0.733,0.252,0.0113,low
8739716aaffffff,0.00289,0.00481,0.015,0.0952,0.205,0.256,0.813,0.925,1.14,0.746,0.264,0.012,high
8739716abffffff,0.00234,0.0039,0.0122,0.0776,0.168,0.213,0.703,0.79,1.02,0.633,0.218,0.00975,medium
8739716acffffff,0.0018,0.00301,0.00939,0.0597,0.129,0.162,0.524,0.599,0.738,0.479,0.167,0.00752,low
8739716adffffff,0.00201,0.00335,0.0105,0.0666,0.144,0.183,0.603,0.678,0.876,0.544,0.187,0.00838,low
8739716aeffffff,0.00146,0.00243,0.00758,0.0482,0.104,0.131,0.424,0.485,0.598,0.388,0.135,0.00607,medium
8739716b0ffffff,0.00213,0.00356,0.0111,0.0703,0.15,0.187,0.593,0.676,0.83,0.545,0.195,0.00888,medium
8739716b1ffffff,0.00142,0.00237,0.00741,0.0471,0.102,0.127,0.413,0.473,0.583,0.378,0.132,0.00593,medium
8739716b2ffffff,0.00142,0.00236,0.00737,0.0468,0.101,0.127,0.406,0.467,0.58,0.371,0.131,0.0059,low
8739716b3ffffff,0.00123,0.00206,0.00643,0.0409,0.0889,0.112,0.362,0.413,0.519,0.33,0.115,0.00514,low
8739716b4ffffff,0.00149,0.00248,0.00774,0.0491,0.105,0.131,0.422,0.482,0.595,0.386,0.137,0.00619,medium
8739716b5ffffff,0.00499,0.00832,0.026,0.164,0.351,0.435,1.37,1.56,1.91,1.26,0.453,0.0208,medium
8739716b6ffffff,0.00128,0.00213,0.00665,0.0422,0.0907,0.113,0.364,0.416,0.513,0.333,0.118,0.00532,low
8739716c0ffffff,0.00561,0.00936,0.0292,0.186,0.404,0.509,1.7,1.88,2.52,1.54,0.523,0.0234,medium
8739716c1ffffff,0.00585,0.00975,0.0305,0.194,0.421,0.53,1.77,1.95,2.61,1.6,0.544,0.0244,high
8739716c2ffffff,0.00899,0.015,0.0468,0.296,0.644,0.809,2.51,2.77,3.67,2.35,0.815,0.0375,medium
8739716c3ffffff,0.00503,0.00839,0.0262,0.168,0.368,0.464,1.53,1.69,2.29,1.41,0.473,0.021,high
8739716c4ffffff,0.00486,0.00811,0.0253,0.161,0.35,0.442,1.48,1.63,2.19,1.33,0.454,0.0203,medium
8739716c5ffffff,0.00553,0.00922,0.0288,0.183,0.398,0.502,1.67,1.85,2.48,1.51,0.515,0.0231,medium
8739716c6ffffff,0.00651,0.0109,0.0339,0.216,0.468,0.59,1.96,2.17,2.9,1.78,0.605,0.0271,medium
8739716c8ffffff,0.00783,0.0131,0.0407,0.256,0.55,0.674,2.07,2.25,2.91,1.93,0.688,0.0325,high
8739716c9ffffff,0.0332,0.0553,0.17,0.984,1.97,2.34,5.85,6.27,7.68,5.56,2.29,0.136,high
8739716caffffff,0.00951,0.0159,0.0496,0.316,0.702,0.881,2.62,2.9,3.88,2.55,0.873,0.0397,high
8739716cbffffff,0.0494,0.0822,0.252,1.44,2.86,3.38,8.01,8.55,10.3,7.66,3.27,0.201,high
8739716ccffffff,0.00722,0.012,0.0376,0.239,0.52,0.647,2.12,2.33,3.09,1.95,0.666,0.0301,high
8739716cdffffff,0.0074400000000000004,0.0124,0.0388,0.248,0.541,0.669,2.22,2.44,3.24,2.05,0.694,0.031,high
8739716ceffffff,0.00509,0.00849,0.0265,0.17,0.371,0.468,1.54,1.71,2.31,1.42,0.478,0.0212,high
8739716d0ffffff,0.00401,0.0067,0.0209,0.134,0.296,0.381,1.21,1.36,1.81,1.13,0.378,0.0168,medium
8739716d1ffffff,0.00476,0.00794,0.0248,0.16,0.36,0.456,1.44,1.61,2.23,1.4,0.457,0.0199,medium
8739716d2ffffff,0.0032,0.00534,0.0167,0.106,0.234,0.303,0.969,1.09,1.43,0.883,0.299,0.0133,medium
8739716d3ffffff,0.00274,0.00457,0.0143,0.0923,0.208,0.263,0.836,0.933,1.3,0.812,0.264,0.0114,medium
8739716d4ffffff,0.00453,0.00755,0.0236,0.15,0.329,0.422,1.35,1.52,1.98,1.23,0.421,0.0189,medium
8739716d5ffffff,0.0155,0.0258,0.0804,0.507,1.1,1.38,4.08,4.5,5.88,3.88,1.37,0.0643,medium
8739716d6ffffff,0.00321,0.00535,0.0167,0.106,0.234,0.303,0.968,1.09,1.42,0.883,0.3,0.0134,medium
8739716d8ffffff,0.016,0.0267,0.0833,0.527,1.16,1.45,4.13,4.56,6,4.05,1.42,0.0667,high
8739716d9ffffff,0.0243,0.0405,0.126,0.8,1.76,2.2,6.26,6.91,9.08,6.14,2.16,0.101,high
8739716daffffff,0.00813,0.0136,0.0424,0.272,0.606,0.764,2.31,2.57,3.48,2.26,0.759,0.0339,high
8739716dcffffff,0.0237,0.0396,0.123,0.748,1.59,1.96,5.01,5.47,6.98,4.93,1.88,0.0981,high
8739716ddffffff,0.00821,0.0137,0.0428,0.276,0.617,0.78,2.41,2.68,3.68,2.35,0.778,0.0343,high
8739716deffffff,0.00233,0.00389,0.0122,0.0787,0.177,0.224,0.713,0.796,1.11,0.693,0.225,0.00975,medium
8739716e0ffffff,0.00571,0.00953,0.0297,0.189,0.411,0.518,1.72,1.9,2.55,1.56,0.531,0.0238,low
8739716e1ffffff,0.00909,0.0152,0.0473,0.298,0.64,0.802,2.53,2.78,3.63,2.31,0.814,0.0378,medium
8739716e2ffffff,0.00534,0.00891,0.0278,0.177,0.384,0.484,1.61,1.78,2.38,1.46,0.497,0.0223,medium
8739716e3ffffff,0.00581,0.0097,0.0303,0.193,0.418,0.527,1.75,1.94,2.58,1.58,0.54,0.0242,medium
8739716e4ffffff,0.00463,0.00772,0.0241,0.153,0.329,0.415,1.38,1.55,2,1.23,0.428,0.0193,medium
8739716e5ffffff,0.00571,0.00953,0.0298,0.188,0.404,0.508,1.7,1.9,2.47,1.51,0.527,0.0238,medium
8739716e6ffffff,0.00525,0.00875,0.0273,0.174,0.377,0.476,1.57,1.75,2.28,1.42,0.487,0.0219,low
8739716e8ffffff,0.0115,0.0192,0.06,0.378,0.815,1.02,3.23,3.54,4.63,2.95,1.04,0.048,medium
8739716e9ffffff,0.00686,0.0114,0.0357,0.229,0.499,0.617,2.06,2.25,3.01,1.9,0.64,0.0286,high
8739716eaffffff,0.00597,0.00996,0.0311,0.198,0.429,0.541,1.8,1.99,2.65,1.63,0.555,0.0249,medium
8739716ebffffff,0.0114,0.019,0.0593,0.372,0.797,0.977,2.97,3.23,4.16,2.77,0.995,0.0474,high
8739716ecffffff,0.00871,0.0145,0.0454,0.288,0.624,0.785,2.57,2.84,3.76,2.33,0.803,0.0363,medium
8739716edffffff,0.0343,0.0571,0.177,1.06,2.2,2.66,7.1,7.66,9.48,6.69,2.63,0.141,high
8739716eeffffff,0.00627,0.0105,0.0327,0.208,0.451,0.569,1.89,2.09,2.79,1.71,0.583,0.0262,medium
8739716f0ffffff,0.00337,0.00562,0.0175,0.112,0.242,0.306,1.01,1.13,1.46,0.91,0.313,0.014,medium
8739716f1ffffff,0.00375,0.00625,0.0195,0.124,0.27,0.34,1.13,1.26,1.66,1.02,0.349,0.0156,medium
8739716f2ffffff,0.00296,0.00494,0.0154,0.0981,0.213,0.269,0.888,0.998,1.29,0.801,0.276,0.0123,medium
8739716f3ffffff,0.00361,0.00603,0.0188,0.12,0.26,0.329,1.08,1.22,1.58,0.978,0.336,0.0151,high
8739716f4ffffff,0.00319,0.00532,0.0166,0.106,0.229,0.29,0.955,1.07,1.39,0.861,0.297,0.0133,low
8739716f5ffffff,0.00359,0.00599,0.0187,0.119,0.258,0.327,1.08,1.21,1.56,0.97,0.334,0.015,medium
8739716f6ffffff,0.00304,0.00507,0.0158,0.101,0.219,0.277,0.912,1.02,1.32,0.822,0.283,0.0127,low
873971700ffffff,0.00103,0.00172,0.00536,0.0337,0.0714,0.0871,0.294,0.335,0.422,0.263,0.0946,0.00429,low
873971701ffffff,0.00132,0.0022,0.00688,0.0432,0.0913,0.112,0.379,0.43,0.538,0.335,0.121,0.0055,low
873971702ffffff,0.00125,0.00208,0.0065,0.041,0.0871,0.106,0.355,0.404,0.515,0.323,0.115,0.0052,low
873971703ffffff,0.00124,0.00206,0.00645,0.0405,0.0856,0.105,0.355,0.403,0.505,0.314,0.113,0.00516,low
873971704ffffff,0.00142,0.00236,0.00738,0.0466,0.0989,0.12,0.402,0.457,0.584,0.367,0.131,0.0059,low
873971705ffffff,0.00144,0.00241,0.00751,0.0472,0.0997,0.122,0.413,0.469,0.587,0.365,0.132,0.00601,low
873971706ffffff,0.00104,0.00174,0.00544,0.0343,0.0729,0.0883,0.297,0.338,0.432,0.271,0.0964,0.00435,low
873971708ffffff,0.00178,0.00298,0.0093,0.0584,0.123,0.151,0.511,0.58,0.726,0.452,0.163,0.00743,low
873971709ffffff,0.00194,0.00325,0.0101,0.0634,0.133,0.164,0.558,0.633,0.785,0.485,0.177,0.00811,medium
87397170affffff,0.00156,0.0026,0.00812,0.051,0.108,0.132,0.447,0.507,0.636,0.395,0.143,0.0065,low
87397170bffffff,0.00159,0.00266,0.00829,0.052,0.11,0.134,0.457,0.518,0.647,0.402,0.146,0.00663,low
87397170cffffff,0.00164,0.00273,0.00853,0.0536,0.113,0.139,0.469,0.533,0.667,0.415,0.15,0.00682,low
87397170dffffff,0.0024,0.00401,0.0125,0.0783,0.165,0.202,0.671,0.759,0.945,0.596,0.218,0.01,low
87397170effffff,0.00149,0.0025,0.00779,0.0489,0.103,0.127,0.429,0.487,0.61,0.379,0.137,0.00623,low
873971710ffffff,0.00127,0.00212,0.00661,0.0418,0.0886,0.107,0.361,0.411,0.525,0.329,0.117,0.00529,medium
873971711ffffff,0.00128,0.00214,0.00669,0.0422,0.0896,0.109,0.365,0.415,0.53,0.333,0.119,0.00535,low
873971712ffffff,0.0012,0.00199,0.00623,0.0394,0.0837,0.102,0.34,0.388,0.493,0.311,0.111,0.00498,medium
873971713ffffff,0.00148,0.00248,0.00773,0.0489,0.104,0.126,0.422,0.48,0.612,0.385,0.137,0.00618,low
873971714ffffff,0.00108,0.0018,0.00562,0.0355,0.0753,0.0912,0.307,0.349,0.446,0.28,0.0996,0.00449,low
873971715ffffff,0.00118,0.00197,0.00615,0.0388,0.0824,0.0999,0.336,0.382,0.488,0.306,0.109,0.00492,low
873971716ffffff,0.00121,0.00202,0.00632,0.0399,0.0847,0.103,0.345,0.393,0.501,0.314,0.112,0.00505,medium
873971718ffffff,0.00155,0.00258,0.00806,0.0506,0.107,0.131,0.443,0.503,0.63,0.392,0.142,0.00644,low
873971719ffffff,0.00163,0.00272,0.00851,0.0534,0.113,0.138,0.468,0.532,0.666,0.414,0.15,0.00681,low
87397171affffff,0.00148,0.00246,0.00769,0.0487,0.104,0.128,0.425,0.486,0.605,0.385,0.136,0.00615,low
87397171bffffff,0.00169,0.00282,0.0088,0.0556,0.119,0.146,0.485,0.554,0.691,0.439,0.156,0.00704,low
87397171cffffff,0.00166,0.00278,0.00868,0.0545,0.115,0.141,0.476,0.54,0.678,0.423,0.153,0.00694,low
87397171dffffff,0.0015,0.00251,0.00785,0.0493,0.104,0.127,0.432,0.49,0.614,0.382,0.138,0.00627,low
87397171effffff,0.00128,0.00213,0.00665,0.0419,0.0887,0.108,0.365,0.415,0.524,0.327,0.117,0.00532,low
873971720ffffff,0.00144,0.00241,0.00753,0.0475,0.1,0.119,0.408,0.461,0.603,0.37,0.133,0.00601,low
873971721ffffff,0.00134,0.00225,0.00702,0.044,0.0929,0.111,0.385,0.431,0.557,0.341,0.124,0.00561,low
873971722ffffff,9.65e-4,0.00161,0.00504,0.0318,0.0672,0.0802,0.274,0.31,0.404,0.248,0.0892,0.00402,low
873971723ffffff,0.00117,0.00196,0.00613,0.0386,0.0815,0.0972,0.335,0.377,0.489,0.3,0.108,0.0049,low
873971724ffffff,0.00108,0.0018,0.00562,0.0354,0.0748,0.0889,0.305,0.345,0.451,0.276,0.0994,0.00448,low
873971725ffffff,0.00146,0.00244,0.00763,0.048,0.102,0.121,0.415,0.468,0.611,0.374,0.135,0.00609,low
873971726ffffff,0.00117,0.00195,0.00609,0.0384,0.0812,0.0964,0.33,0.373,0.488,0.299,0.108,0.00486,low
873971728ffffff,0.00147,0.00245,0.00765,0.0479,0.101,0.121,0.42,0.47,0.606,0.37,0.135,0.00611,low
873971729ffffff,0.00161,0.00268,0.00838,0.0525,0.111,0.132,0.461,0.515,0.663,0.406,0.147,0.0067,low
87397172affffff,0.00126,0.00211,0.0066,0.0414,0.0875,0.107,0.363,0.412,0.517,0.321,0.116,0.00527,low
87397172bffffff,0.00146,0.00244,0.00762,0.0478,0.101,0.122,0.419,0.473,0.599,0.37,0.134,0.0061,low
87397172cffffff,0.00142,0.00237,0.0074,0.0464,0.0979,0.117,0.407,0.455,0.586,0.359,0.13,0.00592,low
87397172dffffff,0.00156,0.0026,0.00813,0.051,0.107,0.128,0.447,0.5,0.644,0.394,0.143,0.0065,low
87397172effffff,0.00245,0.00409,0.0128,0.0798,0.168,0.201,0.688,0.769,0.983,0.608,0.223,0.0102,low
873971730ffffff,0.00105,0.00175,0.00548,0.0346,0.0734,0.089,0.299,0.341,0.435,0.273,0.0971,0.00438,low
873971731ffffff,0.00116,0.00194,0.00604,0.0382,0.081,0.0982,0.33,0.376,0.48,0.301,0.107,0.00483,low
873971732ffffff,0.00126,0.0021,0.00657,0.0415,0.088,0.107,0.358,0.408,0.521,0.327,0.116,0.00525,medium
873971733ffffff,0.00126,0.0021,0.00656,0.0414,0.0879,0.107,0.358,0.408,0.52,0.326,0.116,0.00524,low
873971734ffffff,9.9e-4,0.00165,0.00516,0.0326,0.069,0.0825,0.281,0.318,0.413,0.255,0.0914,0.00413,low
873971735ffffff,0.00105,0.00175,0.00547,0.0345,0.073,0.0872,0.297,0.337,0.438,0.27,0.0969,0.00437,low
873971736ffffff,9.55e-4,0.00159,0.00498,0.0314,0.0667,0.0807,0.27,0.309,0.395,0.248,0.0883,0.00398,low
873971740ffffff,0.00286,0.00477,0.0149,0.0927,0.194,0.238,0.817,0.927,1.13,0.697,0.259,0.0119,medium
873971741ffffff,0.00292,0.00488,0.0152,0.0943,0.196,0.241,0.829,0.939,1.14,0.701,0.264,0.0122,low
873971742ffffff,0.00276,0.00461,0.0144,0.0897,0.188,0.231,0.792,0.899,1.1,0.679,0.251,0.0115,medium
873971743ffffff,0.00314,0.00524,0.0164,0.101,0.211,0.259,0.89,1.01,1.23,0.755,0.284,0.0131,medium
873971744ffffff,0.00215,0.00358,0.0112,0.0699,0.146,0.176,0.614,0.689,0.866,0.529,0.196,0.00895,medium
873971745ffffff,0.00266,0.00445,0.0139,0.0864,0.18,0.216,0.76,0.851,1.05,0.649,0.242,0.0111,low
873971746ffffff,0.00229,0.00383,0.012,0.0745,0.156,0.192,0.658,0.747,0.918,0.564,0.209,0.00956,medium
873971748ffffff,0.00351,0.00587,0.0183,0.113,0.236,0.29,0.993,1.13,1.36,0.84,0.317,0.0146,medium
873971749ffffff,0.00301,0.00503,0.0157,0.0974,0.203,0.249,0.858,0.973,1.18,0.726,0.273,0.0126,medium
87397174affffff,0.00364,0.00608,0.019,0.118,0.245,0.3,1.03,1.17,1.42,0.872,0.329,0.0152,medium
87397174bffffff,0.00409,0.00683,0.0213,0.132,0.274,0.337,1.15,1.3,1.58,0.974,0.368,0.017,medium
87397174cffffff,0.00368,0.00615,0.0192,0.119,0.248,0.303,1.04,1.18,1.43,0.884,0.333,0.0154,medium
87397174dffffff,0.00348,0.00582,0.0182,0.113,0.235,0.285,0.989,1.11,1.36,0.839,0.315,0.0145,medium
87397174effffff,0.00431,0.0072,0.0225,0.139,0.287,0.352,1.17,1.33,1.6,1,0.383,0.018,low
873971750ffffff,0.00199,0.00332,0.0104,0.0647,0.136,0.167,0.572,0.649,0.798,0.49,0.181,0.0083,low
873971751ffffff,0.0024,0.00401,0.0125,0.078,0.164,0.201,0.689,0.782,0.961,0.591,0.218,0.01,medium
873971752ffffff,0.00205,0.00343,0.0107,0.0667,0.14,0.172,0.59,0.669,0.823,0.506,0.187,0.00856,low
873971753ffffff,0.00224,0.00374,0.0117,0.0727,0.152,0.188,0.642,0.729,0.896,0.551,0.203,0.00933,low
873971754ffffff,0.00199,0.00332,0.0104,0.0646,0.136,0.167,0.571,0.649,0.797,0.49,0.181,0.00829,low
873971755ffffff,0.00226,0.00378,0.0118,0.0736,0.154,0.19,0.651,0.739,0.908,0.558,0.206,0.00945,low
873971756ffffff,0.00229,0.00383,0.012,0.0746,0.156,0.192,0.659,0.748,0.919,0.565,0.209,0.00957,medium
873971758ffffff,0.00327,0.00547,0.0171,0.106,0.22,0.27,0.927,1.05,1.28,0.785,0.296,0.0136,medium
873971759ffffff,0.00461,0.0077,0.024,0.149,0.31,0.38,1.3,1.48,1.79,1.1,0.416,0.0192,medium
87397175affffff,0.00338,0.00564,0.0176,0.109,0.227,0.279,0.958,1.09,1.32,0.811,0.305,0.0141,medium
87397175bffffff,0.00477,0.00797,0.0249,0.154,0.321,0.394,1.35,1.53,1.85,1.14,0.43,0.0199,medium
87397175cffffff,0.00272,0.00455,0.0142,0.0882,0.184,0.226,0.777,0.882,1.08,0.661,0.247,0.0114,medium
87397175dffffff,0.00302,0.00504,0.0158,0.0976,0.203,0.249,0.857,0.973,1.18,0.725,0.273,0.0126,medium
87397175effffff,0.00272,0.00455,0.0142,0.0884,0.185,0.227,0.779,0.884,1.08,0.666,0.247,0.0114,medium
873971760ffffff,0.00212,0.00355,0.0111,0.0692,0.145,0.174,0.607,0.681,0.859,0.524,0.194,0.00886,medium
873971761ffffff,0.00242,0.00404,0.0126,0.0786,0.164,0.197,0.691,0.773,0.964,0.592,0.22,0.0101,low
873971762ffffff,0.00208,0.00348,0.0109,0.0679,0.142,0.17,0.596,0.668,0.842,0.515,0.19,0.0087,medium
873971763ffffff,0.00224,0.00375,0.0117,0.073,0.153,0.183,0.641,0.718,0.905,0.553,0.204,0.00935,medium
873971764ffffff,0.00216,0.00362,0.0113,0.0705,0.148,0.177,0.619,0.693,0.874,0.534,0.197,0.00903,medium
873971765ffffff,0.00256,0.00428,0.0134,0.0835,0.175,0.209,0.732,0.82,1.03,0.632,0.234,0.0107,medium
873971766ffffff,0.00205,0.00343,0.0107,0.0669,0.14,0.168,0.586,0.656,0.827,0.506,0.187,0.00857,medium
873971768ffffff,0.00264,0.00442,0.0138,0.0857,0.179,0.214,0.755,0.844,1.04,0.642,0.24,0.011,medium
873971769ffffff,0.00282,0.00471,0.0147,0.0915,0.191,0.229,0.806,0.901,1.11,0.685,0.256,0.0118,low
87397176affffff,0.00266,0.00445,0.0139,0.0864,0.18,0.216,0.761,0.851,1.05,0.647,0.242,0.0111,medium
87397176bffffff,0.00392,0.00655,0.0204,0.126,0.262,0.313,1.07,1.19,1.45,0.916,0.348,0.0163,low
87397176cffffff,0.00256,0.00427,0.0134,0.083,0.173,0.207,0.731,0.818,1.01,0.622,0.232,0.0107,low
87397176dffffff,0.00248,0.00415,0.013,0.0805,0.168,0.201,0.71,0.794,0.978,0.603,0.225,0.0104,low
87397176effffff,0.00285,0.00477,0.0149,0.0926,0.193,0.231,0.815,0.911,1.12,0.693,0.259,0.0119,medium
873971770ffffff,0.00176,0.00294,0.00919,0.0573,0.12,0.146,0.505,0.569,0.709,0.434,0.16,0.00735,medium
873971771ffffff,0.00185,0.00309,0.00964,0.0601,0.126,0.152,0.529,0.595,0.745,0.456,0.168,0.00771,medium
873971772ffffff,0.00196,0.00328,0.0102,0.0639,0.134,0.165,0.565,0.641,0.788,0.484,0.179,0.0082,low
873971773ffffff,0.00198,0.00331,0.0103,0.0644,0.135,0.166,0.569,0.646,0.794,0.488,0.18,0.00826,medium
873971774ffffff,0.0019,0.00317,0.00992,0.062,0.13,0.156,0.544,0.609,0.772,0.472,0.174,0.00793,medium
873971775ffffff,0.00314,0.00525,0.0164,0.102,0.213,0.255,0.875,0.978,1.23,0.759,0.283,0.0131,medium
873971776ffffff,0.00162,0.00271,0.00848,0.0531,0.112,0.135,0.466,0.526,0.663,0.408,0.149,0.00678,low
873971780ffffff,0.00179,0.00299,0.00932,0.0591,0.126,0.154,0.496,0.569,0.708,0.463,0.164,0.00745,low
873971781ffffff,0.00134,0.00223,0.00696,0.0442,0.0946,0.116,0.378,0.435,0.544,0.352,0.124,0.00556,low
873971782ffffff,0.00137,0.00229,0.00714,0.0453,0.0971,0.119,0.388,0.446,0.556,0.36,0.127,0.00571,low
873971783ffffff,0.00144,0.0024,0.00749,0.0476,0.102,0.125,0.407,0.468,0.584,0.378,0.133,0.00599,low
873971784ffffff,0.00234,0.0039,0.0122,0.0771,0.165,0.201,0.65,0.746,0.929,0.606,0.215,0.00972,medium
873971785ffffff,0.00125,0.00208,0.0065,0.0413,0.0884,0.108,0.353,0.406,0.507,0.329,0.116,0.0052,low
873971786ffffff,0.0011,0.00184,0.00574,0.0364,0.0778,0.0951,0.311,0.358,0.448,0.29,0.102,0.00459,low
873971788ffffff,0.00166,0.00276,0.00862,0.0547,0.117,0.144,0.474,0.543,0.676,0.435,0.153,0.00689,medium
873971789ffffff,0.00188,0.00314,0.0098,0.0621,0.133,0.164,0.541,0.619,0.77,0.493,0.174,0.00784,low
87397178affffff,0.00229,0.00382,0.0119,0.0754,0.162,0.2,0.638,0.728,0.896,0.587,0.209,0.00953,medium
87397178bffffff,0.00183,0.00305,0.00953,0.0605,0.13,0.163,0.53,0.606,0.75,0.484,0.17,0.00762,medium
87397178cffffff,0.00225,0.00374,0.0117,0.0741,0.158,0.193,0.622,0.713,0.886,0.58,0.206,0.00935,low
87397178dffffff,0.00172,0.00287,0.00896,0.0568,0.121,0.15,0.495,0.567,0.705,0.451,0.159,0.00716,low
87397178effffff,0.00146,0.00243,0.00759,0.0482,0.103,0.126,0.412,0.474,0.593,0.384,0.135,0.00607,medium
873971790ffffff,0.00119,0.00198,0.00619,0.0392,0.0837,0.103,0.333,0.383,0.475,0.308,0.11,0.00495,low
873971791ffffff,0.00154,0.00257,0.00803,0.051,0.109,0.136,0.438,0.501,0.618,0.401,0.142,0.00643,low
873971792ffffff,0.00119,0.00198,0.00617,0.0391,0.0833,0.103,0.331,0.38,0.472,0.306,0.109,0.00494,low
873971793ffffff,0.00135,0.00225,0.00701,0.0445,0.0954,0.118,0.382,0.437,0.54,0.35,0.124,0.00561,low
873971794ffffff,0.00126,0.0021,0.00654,0.0415,0.0884,0.108,0.352,0.406,0.506,0.327,0.116,0.00524,low
873971795ffffff,0.00128,0.00214,0.00668,0.0423,0.0904,0.111,0.36,0.415,0.517,0.334,0.119,0.00534,low
873971796ffffff,0.00146,0.00244,0.00762,0.0483,0.103,0.127,0.41,0.471,0.585,0.379,0.135,0.0061,low
873971798ffffff,0.00161,0.00268,0.00837,0.0531,0.114,0.142,0.457,0.522,0.644,0.418,0.148,0.0067,medium
873971799ffffff,0.00145,0.00241,0.00753,0.0478,0.103,0.128,0.412,0.47,0.581,0.377,0.134,0.00603,medium
87397179affffff,0.00149,0.00248,0.00775,0.0492,0.106,0.131,0.423,0.483,0.597,0.388,0.137,0.0062,low
87397179bffffff,0.00148,0.00246,0.00768,0.0487,0.105,0.13,0.419,0.479,0.591,0.384,0.136,0.00615,medium
87397179cffffff,0.00165,0.00274,0.00856,0.0543,0.117,0.145,0.467,0.533,0.658,0.428,0.152,0.00685,medium
87397179dffffff,0.00146,0.00244,0.0076,0.0483,0.104,0.129,0.415,0.475,0.587,0.381,0.135,0.00608,medium
87397179effffff,0.00163,0.00272,0.0085,0.054,0.116,0.144,0.464,0.53,0.655,0.425,0.151,0.00681,medium
8739717a0ffffff,0.00277,0.00462,0.0144,0.0912,0.194,0.237,0.757,0.868,1.08,0.707,0.253,0.0115,medium
8739717a1ffffff,0.00104,0.00174,0.00542,0.0344,0.0737,0.0901,0.295,0.339,0.424,0.274,0.0965,0.00433,medium
8739717a2ffffff,0.00117,0.00194,0.00607,0.0385,0.082,0.1,0.327,0.377,0.472,0.305,0.108,0.00485,medium
8739717a3ffffff,0.00132,0.00221,0.00689,0.0438,0.0937,0.114,0.374,0.43,0.538,0.348,0.123,0.00551,medium
8739717a4ffffff,0.00116,0.00194,0.00605,0.0383,0.0815,0.099,0.325,0.375,0.473,0.303,0.108,0.00484,medium
8739717a5ffffff,0.0013,0.00217,0.00679,0.0429,0.0913,0.111,0.37,0.422,0.536,0.339,0.12,0.00543,medium
8739717a6ffffff,0.00204,0.0034,0.0106,0.0671,0.143,0.174,0.559,0.647,0.805,0.524,0.187,0.00849,medium
8739717a8ffffff,0.00135,0.00225,0.00703,0.0446,0.0955,0.117,0.382,0.439,0.549,0.355,0.125,0.00562,low
8739717a9ffffff,0.00149,0.00249,0.00778,0.0493,0.106,0.13,0.429,0.491,0.611,0.392,0.138,0.00622,low
8739717aaffffff,0.00157,0.00261,0.00815,0.0518,0.111,0.135,0.442,0.508,0.635,0.412,0.145,0.00652,low
8739717abffffff,0.00172,0.00287,0.00895,0.0568,0.121,0.149,0.488,0.56,0.699,0.451,0.159,0.00716,low
8739717acffffff,0.0014,0.00234,0.00731,0.0464,0.0993,0.121,0.397,0.456,0.57,0.369,0.13,0.00584,medium
8739717adffffff,0.0014,0.00234,0.00731,0.0464,0.0992,0.121,0.398,0.458,0.572,0.369,0.13,0.00584,low
8739717aeffffff,0.00121,0.00202,0.00632,0.0401,0.0859,0.105,0.344,0.395,0.494,0.32,0.113,0.00505,low
8739717b0ffffff,0.00105,0.00175,0.00546,0.0346,0.0736,0.0899,0.293,0.34,0.425,0.274,0.097,0.00437,low
8739717b1ffffff,9.63e-4,0.00161,0.00501,0.0318,0.0676,0.0826,0.269,0.312,0.391,0.252,0.0891,0.00401,low
8739717b2ffffff,0.0011,0.00183,0.00571,0.0362,0.077,0.094,0.306,0.355,0.444,0.286,0.101,0.00457,low
8739717b3ffffff,0.00114,0.00191,0.00596,0.0378,0.0804,0.0981,0.32,0.371,0.464,0.299,0.106,0.00477,low
8739717b4ffffff,0.0012,0.00199,0.00622,0.0394,0.0839,0.102,0.334,0.387,0.484,0.312,0.111,0.00498,low
8739717b5ffffff,0.00105,0.00176,0.00548,0.0348,0.074,0.0903,0.294,0.341,0.427,0.275,0.0976,0.00439,medium
8739717b6ffffff,0.00105,0.00175,0.00547,0.0347,0.0738,0.0901,0.294,0.34,0.426,0.275,0.0973,0.00438,low
873971843ffffff,0.00469,0.00783,0.0245,0.153,0.322,0.38,1.29,1.5,1.81,1.14,0.422,0.0196,low
873971848ffffff,0.00545,0.0091,0.0285,0.177,0.374,0.442,1.49,1.73,2.07,1.31,0.488,0.0227,low
873971849ffffff,0.00447,0.00746,0.0234,0.146,0.307,0.363,1.23,1.43,1.72,1.08,0.401,0.0186,low
87397184affffff,0.0048,0.00801,0.0251,0.156,0.33,0.39,1.32,1.54,1.84,1.16,0.431,0.02,low
87397184bffffff,0.00458,0.00765,0.024,0.149,0.314,0.372,1.26,1.47,1.75,1.11,0.411,0.0191,low
87397184cffffff,0.00511,0.00852,0.0267,0.166,0.35,0.414,1.41,1.63,1.96,1.23,0.458,0.0213,low
87397184dffffff,0.00531,0.00886,0.0278,0.173,0.364,0.431,1.46,1.7,2.03,1.28,0.476,0.0221,low
87397184effffff,0.00444,0.00741,0.0232,0.145,0.305,0.36,1.23,1.42,1.7,1.07,0.399,0.0185,low
873971851ffffff,0.00542,0.00906,0.0284,0.177,0.372,0.439,1.49,1.73,2.09,1.31,0.488,0.0226,low
873971853ffffff,0.00538,0.00899,0.0282,0.177,0.371,0.432,1.49,1.71,2.13,1.32,0.487,0.0224,low
873971858ffffff,0.00544,0.00908,0.0285,0.178,0.374,0.438,1.51,1.74,2.14,1.33,0.491,0.0227,low
873971859ffffff,0.00475,0.00793,0.0249,0.156,0.327,0.384,1.33,1.53,1.86,1.16,0.428,0.0198,low
87397185affffff,0.00558,0.00932,0.0292,0.183,0.384,0.448,1.55,1.78,2.21,1.37,0.504,0.0233,low
87397185bffffff,0.00601,0.01,0.0314,0.197,0.413,0.484,1.67,1.91,2.36,1.47,0.541,0.0251,low
87397185cffffff,0.00514,0.00858,0.0269,0.168,0.353,0.416,1.41,1.64,1.97,1.24,0.462,0.0214,low
87397185dffffff,0.00423,0.00706,0.0221,0.138,0.291,0.343,1.17,1.36,1.63,1.02,0.38,0.0176,low
87397185effffff,0.00519,0.00868,0.0272,0.171,0.358,0.417,1.44,1.66,2.05,1.27,0.469,0.0217,low
873971868ffffff,0.00481,0.00803,0.0252,0.157,0.33,0.39,1.32,1.54,1.84,1.16,0.432,0.0201,low
873971869ffffff,0.00533,0.00889,0.0279,0.173,0.366,0.431,1.46,1.7,2.03,1.28,0.477,0.0222,low
87397186affffff,0.00484,0.00808,0.0253,0.157,0.332,0.393,1.34,1.55,1.86,1.17,0.434,0.0202,low
87397186bffffff,0.00431,0.00719,0.0225,0.14,0.296,0.35,1.19,1.38,1.66,1.04,0.387,0.018,low
87397186dffffff,0.00525,0.00876,0.0274,0.17,0.36,0.421,1.42,1.66,1.99,1.26,0.469,0.0219,low
8739718c3ffffff,0.0512,0.0852,0.262,1.48,2.85,3.16,8.46,9.35,11.4,7.91,3.4,0.208,low
8739718c8ffffff,0.00888,0.0148,0.0464,0.293,0.614,0.701,2.42,2.75,3.52,2.19,0.805,0.037,low
8739718c9ffffff,0.00808,0.0135,0.0423,0.266,0.558,0.641,2.22,2.52,3.2,1.99,0.732,0.0337,low
8739718caffffff,0.00993,0.0166,0.0519,0.328,0.687,0.781,2.7,3.06,3.94,2.45,0.901,0.0414,low
8739718cbffffff,0.0146,0.0245,0.0763,0.473,0.978,1.11,3.55,3.98,5,3.26,1.25,0.0608,low
8739718ccffffff,0.00924,0.0154,0.0483,0.303,0.635,0.739,2.53,2.9,3.6,2.25,0.831,0.0385,low
8739718cdffffff,0.00767,0.0128,0.0401,0.252,0.527,0.614,2.11,2.42,3,1.87,0.691,0.032,low
8739718ceffffff,0.013,0.0217,0.0678,0.427,0.894,1.02,3.49,3.95,5.05,3.17,1.17,0.0541,low
8739718d1ffffff,0.013,0.0218,0.0683,0.431,0.906,1.02,3.49,3.97,5.13,3.22,1.18,0.0544,low
8739718d2ffffff,0.0162,0.0271,0.0849,0.535,1.12,1.26,4.27,4.84,6.22,3.94,1.46,0.0676,low
8739718d3ffffff,0.0177,0.0296,0.0927,0.583,1.22,1.36,4.54,5.15,6.57,4.21,1.57,0.0738,low
8739718d8ffffff,0.0271,0.0452,0.141,0.876,1.81,2.05,6.53,7.32,9.15,6.02,2.32,0.112,low
8739718d9ffffff,0.011,0.0184,0.0577,0.363,0.762,0.866,2.98,3.38,4.34,2.71,0.998,0.046,low
8739718daffffff,0.0149,0.0249,0.0779,0.49,1.02,1.16,3.93,4.44,5.67,3.59,1.33,0.0621,medium
8739718dbffffff,0.0183,0.0305,0.0953,0.597,1.24,1.41,4.66,5.26,6.66,4.28,1.61,0.076,low
8739718dcffffff,0.0206,0.0345,0.108,0.676,1.41,1.6,5.36,6.05,7.69,4.91,1.83,0.0859,low
8739718ddffffff,0.0223,0.0373,0.117,0.729,1.52,1.72,5.7,6.42,8.12,5.23,1.97,0.0928,low
8739718deffffff,0.015,0.0251,0.0786,0.495,1.04,1.17,3.96,4.49,5.77,3.65,1.35,0.0626,low
8739718e8ffffff,0.00748,0.0125,0.0391,0.246,0.515,0.599,2.06,2.37,2.94,1.83,0.675,0.0312,low
8739718e9ffffff,0.00716,0.012,0.0375,0.235,0.493,0.574,1.98,2.27,2.82,1.75,0.646,0.0299,low
8739718ebffffff,0.00924,0.0154,0.0483,0.303,0.635,0.739,2.54,2.91,3.6,2.25,0.831,0.0385,low
8739718edffffff,0.00556,0.00929,0.0291,0.183,0.383,0.446,1.54,1.77,2.2,1.36,0.502,0.0232,low
873971a00ffffff,0.00392,0.00655,0.0205,0.129,0.271,0.317,1.13,1.28,1.57,0.97,0.355,0.0164,low
873971a01ffffff,0.00397,0.00663,0.0208,0.131,0.275,0.323,1.15,1.31,1.6,0.985,0.359,0.0166,low
873971a02ffffff,0.00464,0.00775,0.0243,0.152,0.32,0.374,1.33,1.51,1.85,1.15,0.419,0.0193,medium
873971a03ffffff,0.00412,0.00688,0.0215,0.136,0.285,0.334,1.19,1.35,1.66,1.02,0.373,0.0172,low
873971a04ffffff,0.00389,0.0065,0.0204,0.128,0.269,0.315,1.12,1.27,1.56,0.964,0.352,0.0162,low
873971a05ffffff,0.00367,0.00614,0.0192,0.121,0.254,0.298,1.06,1.2,1.48,0.911,0.333,0.0153,low
873971a06ffffff,0.00412,0.00689,0.0216,0.136,0.285,0.333,1.18,1.34,1.65,1.02,0.373,0.0172,medium
873971a08ffffff,0.00412,0.00688,0.0215,0.136,0.285,0.334,1.19,1.35,1.65,1.02,0.372,0.0172,medium
873971a09ffffff,0.00686,0.0115,0.0358,0.223,0.466,0.544,1.84,2.08,2.5,1.59,0.598,0.0285,medium
873971a0affffff,0.00418,0.00697,0.0218,0.137,0.289,0.339,1.21,1.37,1.67,1.03,0.376,0.0174,medium
873971a0bffffff,0.00303,0.00506,0.0158,0.0998,0.21,0.246,0.883,1,1.23,0.753,0.274,0.0126,medium
873971a0cffffff,0.00386,0.00645,0.0202,0.127,0.267,0.314,1.12,1.27,1.56,0.958,0.349,0.0161,low
873971a0dffffff,0.00391,0.00653,0.0204,0.129,0.271,0.318,1.13,1.29,1.57,0.968,0.353,0.0163,medium
873971a0effffff,0.0037,0.00618,0.0194,0.122,0.256,0.301,1.08,1.22,1.49,0.919,0.335,0.0154,medium
873971a10ffffff,0.00434,0.00725,0.0227,0.143,0.301,0.349,1.25,1.41,1.76,1.08,0.393,0.0181,medium
873971a11ffffff,0.00384,0.00641,0.0201,0.126,0.266,0.309,1.11,1.25,1.56,0.957,0.348,0.016,medium
873971a12ffffff,0.00428,0.00715,0.0224,0.142,0.3,0.343,1.24,1.4,1.79,1.09,0.391,0.0178,medium
873971a13ffffff,0.00369,0.00616,0.0193,0.122,0.259,0.296,1.07,1.21,1.55,0.94,0.337,0.0154,medium
873971a14ffffff,0.00689,0.0115,0.036,0.225,0.468,0.546,1.86,2.1,2.55,1.62,0.606,0.0287,medium
873971a15ffffff,0.00433,0.00724,0.0227,0.142,0.299,0.35,1.24,1.41,1.73,1.07,0.392,0.0181,medium
873971a16ffffff,0.00508,0.00848,0.0265,0.167,0.352,0.408,1.46,1.65,2.06,1.27,0.46,0.0212,medium
873971a18ffffff,0.00353,0.0059,0.0185,0.117,0.248,0.285,1.04,1.17,1.47,0.899,0.322,0.0147,medium
873971a19ffffff,0.00332,0.00554,0.0173,0.11,0.233,0.268,0.977,1.1,1.38,0.844,0.303,0.0138,medium
873971a1affffff,0.00392,0.00655,0.0205,0.13,0.275,0.315,1.14,1.29,1.63,0.995,0.357,0.0163,medium
873971a1bffffff,0.00367,0.00614,0.0192,0.122,0.257,0.296,1.08,1.21,1.53,0.933,0.335,0.0153,medium
873971a1cffffff,0.00695,0.0116,0.0363,0.227,0.474,0.553,1.89,2.13,2.58,1.64,0.612,0.0289,medium
873971a1dffffff,0.00341,0.0057,0.0178,0.112,0.237,0.277,0.995,1.13,1.38,0.85,0.309,0.0142,medium
873971a1effffff,0.00313,0.00522,0.0163,0.104,0.219,0.251,0.912,1.03,1.32,0.798,0.286,0.013,medium
873971a20ffffff,0.00345,0.00577,0.0181,0.113,0.238,0.28,0.984,1.13,1.37,0.847,0.312,0.0144,low
873971a21ffffff,0.00365,0.00609,0.0191,0.119,0.251,0.295,1.03,1.19,1.43,0.89,0.328,0.0152,low
873971a22ffffff,0.00427,0.00713,0.0223,0.14,0.294,0.344,1.22,1.38,1.7,1.05,0.385,0.0178,low
873971a23ffffff,0.00374,0.00626,0.0196,0.123,0.259,0.303,1.08,1.22,1.5,0.927,0.339,0.0156,low
873971a24ffffff,0.00668,0.0111,0.0349,0.216,0.451,0.532,1.78,2.05,2.41,1.54,0.584,0.0278,medium
873971a25ffffff,0.00344,0.00575,0.018,0.112,0.236,0.279,0.972,1.13,1.34,0.837,0.31,0.0144,medium
873971a26ffffff,0.00396,0.00662,0.0207,0.13,0.273,0.321,1.13,1.29,1.57,0.971,0.357,0.0165,medium
873971a28ffffff,0.00374,0.00625,0.0196,0.123,0.259,0.304,1.09,1.24,1.51,0.929,0.339,0.0156,low
873971a29ffffff,0.00451,0.00753,0.0236,0.148,0.312,0.366,1.3,1.48,1.81,1.11,0.407,0.0188,medium
873971a2affffff,0.00378,0.00631,0.0198,0.124,0.262,0.307,1.1,1.25,1.52,0.937,0.342,0.0158,low
873971a2bffffff,0.00424,0.00709,0.0222,0.14,0.294,0.345,1.23,1.4,1.71,1.05,0.384,0.0177,medium
873971a2cffffff,0.00354,0.0059,0.0185,0.115,0.243,0.287,1.01,1.16,1.39,0.863,0.318,0.0147,low
873971a2dffffff,0.00391,0.00654,0.0205,0.128,0.269,0.317,1.11,1.29,1.53,0.952,0.352,0.0163,medium
873971a2effffff,0.00392,0.00655,0.0205,0.129,0.272,0.318,1.14,1.29,1.58,0.973,0.355,0.0164,low
873971a30ffffff,0.00429,0.00717,0.0225,0.141,0.296,0.347,1.23,1.4,1.72,1.06,0.388,0.0179,low
873971a31ffffff,0.00423,0.00706,0.0221,0.139,0.292,0.341,1.21,1.37,1.69,1.04,0.382,0.0176,low
873971a32ffffff,0.00467,0.0078,0.0244,0.153,0.322,0.377,1.33,1.52,1.86,1.15,0.422,0.0195,medium
873971a33ffffff,0.00468,0.00782,0.0245,0.154,0.323,0.378,1.34,1.52,1.87,1.16,0.423,0.0195,medium
873971a34ffffff,0.00506,0.00845,0.0265,0.166,0.348,0.409,1.44,1.64,2.01,1.25,0.457,0.0211,low
873971a35ffffff,0.00549,0.00917,0.0287,0.18,0.378,0.443,1.57,1.77,2.18,1.35,0.495,0.0229,medium
873971a36ffffff,0.00443,0.00739,0.0232,0.145,0.305,0.358,1.25,1.44,1.77,1.09,0.4,0.0185,low
873971a40ffffff,0.00516,0.00862,0.027,0.17,0.36,0.424,1.52,1.71,2.11,1.28,0.466,0.0215,low
873971a41ffffff,0.00647,0.0108,0.0338,0.213,0.454,0.537,1.91,2.17,2.64,1.61,0.583,0.027,low
873971a42ffffff,0.00428,0.00715,0.0224,0.141,0.299,0.352,1.26,1.43,1.76,1.07,0.387,0.0179,medium
873971a43ffffff,0.00502,0.00838,0.0262,0.166,0.351,0.414,1.48,1.67,2.05,1.25,0.453,0.0209,medium
873971a44ffffff,0.00484,0.00808,0.0253,0.159,0.337,0.396,1.41,1.59,1.95,1.2,0.435,0.0202,medium
873971a45ffffff,0.00528,0.00882,0.0276,0.174,0.369,0.434,1.55,1.76,2.16,1.31,0.476,0.022,medium
873971a46ffffff,0.00455,0.0076,0.0238,0.15,0.317,0.374,1.34,1.51,1.86,1.13,0.411,0.019,medium
873971a48ffffff,0.0118,0.0198,0.0619,0.389,0.825,0.974,3.37,3.81,4.59,2.85,1.05,0.0493,medium
873971a49ffffff,0.00439,0.00734,0.023,0.145,0.31,0.366,1.31,1.49,1.81,1.1,0.397,0.0183,medium
873971a4affffff,0.00498,0.00832,0.026,0.164,0.351,0.415,1.48,1.68,2.05,1.25,0.45,0.0208,medium
873971a4bffffff,0.00455,0.0076,0.0238,0.15,0.32,0.379,1.35,1.54,1.88,1.14,0.411,0.019,medium
873971a4cffffff,0.0269,0.0448,0.139,0.829,1.68,1.95,5.57,6.16,7.13,4.9,2.01,0.111,high
873971a4dffffff,0.00827,0.0138,0.0432,0.272,0.578,0.682,2.38,2.69,3.26,2.01,0.736,0.0344,medium
873971a4effffff,0.00545,0.00911,0.0285,0.18,0.383,0.453,1.61,1.83,2.23,1.36,0.491,0.0227,medium
873971a50ffffff,0.00375,0.00626,0.0196,0.124,0.262,0.308,1.11,1.25,1.54,0.936,0.339,0.0156,medium
873971a51ffffff,0.0039,0.00651,0.0204,0.129,0.272,0.321,1.15,1.3,1.6,0.974,0.353,0.0162,medium
873971a52ffffff,0.00391,0.00653,0.0204,0.129,0.273,0.321,1.15,1.3,1.61,0.981,0.354,0.0163,medium
873971a53ffffff,0.00334,0.00558,0.0175,0.11,0.234,0.275,0.99,1.12,1.38,0.84,0.303,0.0139,medium
873971a54ffffff,0.00712,0.0119,0.0372,0.233,0.49,0.576,1.99,2.23,2.71,1.69,0.628,0.0297,high
873971a55ffffff,0.00474,0.00792,0.0248,0.156,0.33,0.389,1.39,1.56,1.92,1.18,0.427,0.0198,medium
873971a56ffffff,0.00452,0.00755,0.0236,0.149,0.314,0.37,1.32,1.49,1.83,1.12,0.407,0.0188,high
873971a58ffffff,0.00397,0.00664,0.0208,0.131,0.279,0.329,1.18,1.33,1.63,0.995,0.359,0.0166,medium
873971a59ffffff,0.00412,0.00689,0.0216,0.136,0.291,0.344,1.23,1.4,1.71,1.03,0.373,0.0172,medium
873971a5affffff,0.00389,0.0065,0.0203,0.129,0.273,0.319,1.15,1.29,1.6,0.983,0.354,0.0162,medium
873971a5bffffff,0.00438,0.00731,0.0229,0.145,0.307,0.364,1.3,1.45,1.77,1.1,0.396,0.0182,medium
873971a5cffffff,0.00528,0.00883,0.0276,0.174,0.368,0.433,1.54,1.73,2.13,1.3,0.475,0.022,medium
873971a5dffffff,0.00498,0.00831,0.026,0.164,0.35,0.414,1.47,1.67,2.03,1.24,0.448,0.0207,medium
873971a5effffff,0.00382,0.00637,0.0199,0.126,0.266,0.313,1.13,1.27,1.57,0.955,0.345,0.0159,medium
873971a60ffffff,0.00491,0.0082,0.0257,0.16,0.339,0.4,1.4,1.62,1.92,1.2,0.441,0.0205,medium
873971a61ffffff,0.00461,0.0077,0.0241,0.151,0.318,0.376,1.32,1.53,1.81,1.12,0.414,0.0192,medium
873971a62ffffff,0.00375,0.00626,0.0196,0.123,0.26,0.307,1.09,1.25,1.51,0.927,0.338,0.0156,high
873971a63ffffff,0.00438,0.00732,0.0229,0.144,0.304,0.359,1.27,1.46,1.75,1.08,0.395,0.0183,medium
873971a64ffffff,0.00409,0.00682,0.0214,0.133,0.282,0.333,1.17,1.36,1.61,0.998,0.368,0.017,low
873971a65ffffff,0.0045,0.00752,0.0235,0.147,0.311,0.367,1.29,1.49,1.77,1.1,0.405,0.0188,medium
873971a66ffffff,0.00516,0.00861,0.027,0.168,0.356,0.42,1.47,1.71,2.02,1.26,0.463,0.0215,medium
873971a68ffffff,0.00569,0.0095,0.0297,0.187,0.397,0.47,1.65,1.91,2.26,1.4,0.511,0.0237,medium
873971a69ffffff,0.00568,0.00949,0.0297,0.186,0.396,0.469,1.65,1.91,2.26,1.4,0.511,0.0237,low
873971a6affffff,0.00702,0.0117,0.0367,0.232,0.494,0.584,2.07,2.35,2.86,1.74,0.632,0.0293,medium
873971a6bffffff,0.00759,0.0127,0.0397,0.25,0.533,0.629,2.22,2.52,3.06,1.87,0.681,0.0316,low
873971a6cffffff,0.00462,0.00771,0.0241,0.151,0.322,0.381,1.34,1.55,1.83,1.14,0.416,0.0192,medium
873971a6dffffff,0.00542,0.00904,0.0283,0.177,0.378,0.447,1.57,1.82,2.15,1.33,0.487,0.0226,medium
873971a6effffff,0.00456,0.00762,0.0238,0.15,0.318,0.376,1.33,1.53,1.83,1.13,0.411,0.019,medium
873971a70ffffff,0.00466,0.00779,0.0244,0.154,0.325,0.382,1.36,1.54,1.89,1.16,0.42,0.0194,medium
873971a71ffffff,0.00456,0.00761,0.0238,0.15,0.317,0.374,1.34,1.51,1.85,1.13,0.411,0.019,high
873971a72ffffff,0.0045,0.00751,0.0235,0.148,0.312,0.366,1.31,1.48,1.81,1.11,0.406,0.0187,medium
873971a73ffffff,0.0051,0.00851,0.0267,0.168,0.355,0.418,1.49,1.68,2.06,1.26,0.459,0.0212,medium
873971a74ffffff,0.00489,0.00816,0.0256,0.16,0.338,0.397,1.41,1.61,1.95,1.2,0.441,0.0204,medium
873971a75ffffff,0.00457,0.00763,0.0239,0.15,0.317,0.374,1.33,1.52,1.84,1.13,0.412,0.019,medium
873971a76ffffff,0.004,0.00669,0.0209,0.132,0.277,0.325,1.16,1.32,1.61,0.992,0.362,0.0167,medium
873971a80ffffff,0.00466,0.00779,0.0244,0.154,0.326,0.372,1.34,1.51,1.93,1.18,0.425,0.0194,medium
873971a81ffffff,0.00721,0.012,0.0376,0.237,0.496,0.566,1.95,2.18,2.75,1.73,0.638,0.03,medium
873971a82ffffff,0.00545,0.0091,0.0284,0.179,0.378,0.432,1.54,1.73,2.21,1.37,0.497,0.0227,medium
873971a83ffffff,0.00468,0.00781,0.0244,0.154,0.325,0.371,1.32,1.48,1.9,1.17,0.425,0.0195,medium
873971a84ffffff,0.00712,0.0119,0.0372,0.235,0.493,0.565,1.98,2.23,2.83,1.76,0.643,0.0297,medium
873971a85ffffff,0.00537,0.00896,0.028,0.177,0.374,0.428,1.53,1.72,2.19,1.34,0.486,0.0223,medium
873971a86ffffff,0.00683,0.0114,0.0357,0.225,0.472,0.538,1.88,2.11,2.69,1.68,0.618,0.0284,medium
873971a88ffffff,0.00364,0.00608,0.019,0.12,0.253,0.29,1.04,1.17,1.5,0.92,0.332,0.0152,medium
873971a89ffffff,0.00358,0.00598,0.0187,0.118,0.249,0.287,1.03,1.16,1.46,0.901,0.326,0.0149,medium
873971a8affffff,0.00374,0.00625,0.0195,0.123,0.26,0.298,1.07,1.2,1.54,0.946,0.342,0.0156,medium
873971a8bffffff,0.00332,0.00554,0.0173,0.109,0.231,0.266,0.958,1.08,1.36,0.837,0.303,0.0138,medium
873971a8cffffff,0.00833,0.0139,0.0434,0.272,0.567,0.645,2.16,2.41,3,1.92,0.722,0.0346,medium
873971a8dffffff,0.0048,0.00801,0.0251,0.159,0.335,0.384,1.38,1.55,1.97,1.21,0.436,0.02,low
873971a8effffff,0.00443,0.0074,0.0231,0.146,0.308,0.353,1.26,1.42,1.81,1.12,0.404,0.0185,medium
873971a90ffffff,0.00625,0.0104,0.0326,0.206,0.433,0.493,1.75,1.96,2.53,1.57,0.571,0.026,medium
873971a91ffffff,0.00586,0.00979,0.0306,0.193,0.407,0.463,1.64,1.84,2.37,1.47,0.535,0.0244,medium
873971a92ffffff,0.00655,0.0109,0.0342,0.216,0.454,0.516,1.82,2.05,2.63,1.64,0.597,0.0273,high
873971a93ffffff,0.00549,0.00917,0.0287,0.181,0.381,0.433,1.54,1.73,2.23,1.38,0.503,0.0229,high
873971a94ffffff,0.0106,0.0177,0.0554,0.348,0.73,0.828,2.86,3.2,4.08,2.58,0.953,0.0442,medium
873971a95ffffff,0.00865,0.0144,0.0451,0.284,0.596,0.676,2.36,2.64,3.37,2.12,0.781,0.036,medium
873971a96ffffff,0.00796,0.0133,0.0416,0.262,0.551,0.626,2.21,2.48,3.2,1.99,0.726,0.0332,medium
873971a98ffffff,0.00416,0.00695,0.0217,0.137,0.29,0.331,1.19,1.34,1.71,1.05,0.38,0.0173,medium
873971a99ffffff,0.00401,0.0067,0.021,0.132,0.279,0.32,1.15,1.29,1.65,1.01,0.367,0.0167,medium
873971a9affffff,0.00435,0.00726,0.0227,0.143,0.302,0.346,1.24,1.39,1.79,1.1,0.397,0.0181,medium
873971a9bffffff,0.00395,0.0066,0.0206,0.13,0.275,0.315,1.13,1.27,1.63,0.998,0.361,0.0165,medium
873971a9cffffff,0.00477,0.00796,0.0249,0.157,0.331,0.379,1.35,1.52,1.94,1.2,0.434,0.0199,medium
873971a9dffffff,0.0105,0.0176,0.0548,0.343,0.716,0.817,2.76,3.08,3.86,2.47,0.924,0.0437,medium
873971a9effffff,0.00598,0.00999,0.0312,0.197,0.415,0.474,1.68,1.88,2.4,1.49,0.542,0.0249,medium
873971aa0ffffff,0.0066,0.011,0.0345,0.218,0.458,0.525,1.84,2.08,2.65,1.64,0.598,0.0275,medium
873971aa1ffffff,0.005,0.00836,0.0262,0.166,0.35,0.401,1.45,1.62,2.08,1.27,0.456,0.0209,medium
873971aa2ffffff,0.02,0.0334,0.104,0.634,1.29,1.47,4.43,4.93,6,4.05,1.61,0.0828,high
873971aa3ffffff,0.00558,0.00932,0.0292,0.185,0.39,0.446,1.6,1.8,2.3,1.41,0.508,0.0232,medium
873971aa4ffffff,0.00648,0.0108,0.0338,0.213,0.448,0.515,1.8,2.03,2.58,1.6,0.586,0.027,medium
873971aa5ffffff,0.00517,0.00863,0.027,0.171,0.36,0.413,1.47,1.66,2.12,1.3,0.47,0.0215,medium
873971aa6ffffff,0.0147,0.0246,0.0768,0.479,0.994,1.14,3.72,4.17,5.18,3.36,1.27,0.0612,high
873971aa8ffffff,0.00442,0.00738,0.0231,0.146,0.309,0.354,1.28,1.44,1.85,1.12,0.403,0.0184,medium
873971aa9ffffff,0.00401,0.00671,0.021,0.133,0.281,0.321,1.16,1.3,1.67,1.02,0.366,0.0167,medium
873971aaaffffff,0.00417,0.00696,0.0218,0.138,0.292,0.334,1.21,1.36,1.74,1.06,0.381,0.0174,medium
873971aabffffff,0.00393,0.00657,0.0206,0.13,0.276,0.315,1.14,1.28,1.65,1,0.359,0.0164,medium
873971aacffffff,0.0045,0.00752,0.0235,0.149,0.315,0.36,1.3,1.46,1.87,1.14,0.41,0.0188,medium
873971aadffffff,0.00408,0.00682,0.0213,0.135,0.286,0.327,1.19,1.33,1.71,1.04,0.373,0.017,medium
873971aaeffffff,0.00764,0.0128,0.0399,0.251,0.526,0.6,2.07,2.32,2.92,1.83,0.676,0.0318,medium
873971ab0ffffff,0.00852,0.0142,0.0445,0.28,0.588,0.675,2.34,2.65,3.35,2.09,0.768,0.0355,high
873971ab1ffffff,0.0121,0.0202,0.0633,0.397,0.831,0.953,3.24,3.65,4.59,2.91,1.08,0.0504,high
873971ab2ffffff,0.00818,0.0137,0.0427,0.269,0.566,0.645,2.28,2.56,3.28,2.04,0.745,0.0341,medium
873971ab3ffffff,0.0169,0.0282,0.088,0.546,1.13,1.29,4.16,4.64,5.76,3.78,1.45,0.0702,medium
873971ab4ffffff,0.00641,0.0107,0.0335,0.212,0.445,0.511,1.8,2.04,2.59,1.6,0.584,0.0267,high
873971ab5ffffff,0.0474,0.0792,0.246,1.49,3.01,3.41,9.8,10.8,12.9,9.04,3.71,0.196,high
873971ab6ffffff,0.0115,0.0191,0.0598,0.376,0.786,0.901,3.08,3.47,4.37,2.76,1.02,0.0477,medium
873971ac0ffffff,0.00381,0.00636,0.0199,0.126,0.266,0.311,1.12,1.26,1.56,0.959,0.346,0.0159,medium
873971ac1ffffff,0.00562,0.00938,0.0293,0.185,0.39,0.455,1.6,1.79,2.21,1.38,0.503,0.0234,high
873971ac2ffffff,0.00433,0.00723,0.0226,0.143,0.301,0.35,1.25,1.41,1.76,1.09,0.393,0.018,medium
873971ac3ffffff,0.00359,0.006,0.0188,0.119,0.251,0.293,1.06,1.18,1.48,0.906,0.327,0.015,medium
873971ac4ffffff,0.00668,0.0112,0.0349,0.22,0.46,0.528,1.83,2.05,2.54,1.6,0.59,0.0278,medium
873971ac5ffffff,0.00401,0.0067,0.021,0.133,0.281,0.328,1.19,1.33,1.65,1.01,0.364,0.0167,medium
873971ac6ffffff,0.00344,0.00574,0.018,0.114,0.241,0.277,1.01,1.14,1.43,0.875,0.314,0.0143,medium
873971ac8ffffff,0.00406,0.00677,0.0212,0.134,0.284,0.332,1.2,1.34,1.67,1.02,0.369,0.0169,medium
873971ac9ffffff,0.00461,0.00769,0.0241,0.152,0.323,0.382,1.36,1.52,1.86,1.15,0.417,0.0192,medium
873971acaffffff,0.00419,0.007,0.0219,0.138,0.29,0.34,1.21,1.36,1.7,1.05,0.38,0.0175,medium
873971acbffffff,0.00386,0.00645,0.0202,0.127,0.268,0.315,1.12,1.26,1.56,0.967,0.351,0.0161,medium
873971accffffff,0.0105,0.0176,0.0549,0.344,0.72,0.837,2.83,3.15,3.84,2.46,0.917,0.0437,medium
873971acdffffff,0.00382,0.00638,0.02,0.127,0.268,0.313,1.13,1.27,1.57,0.966,0.347,0.0159,medium
873971aceffffff,0.0039,0.00651,0.0204,0.129,0.273,0.319,1.15,1.29,1.6,0.984,0.354,0.0162,medium
873971ad0ffffff,0.00323,0.0054,0.0169,0.107,0.225,0.26,0.936,1.05,1.32,0.815,0.295,0.0135,medium
873971ad1ffffff,0.00396,0.00662,0.0207,0.131,0.275,0.317,1.13,1.27,1.6,0.99,0.359,0.0165,medium
873971ad2ffffff,0.00373,0.00624,0.0195,0.123,0.259,0.299,1.07,1.2,1.52,0.936,0.339,0.0156,medium
873971ad3ffffff,0.00555,0.00926,0.0289,0.181,0.379,0.437,1.5,1.68,2.08,1.32,0.49,0.0231,medium
873971ad4ffffff,0.00471,0.00786,0.0246,0.155,0.327,0.377,1.34,1.51,1.89,1.17,0.426,0.0196,medium
873971ad5ffffff,0.00349,0.00582,0.0182,0.115,0.243,0.28,1.01,1.14,1.44,0.882,0.318,0.0145,medium
873971ad6ffffff,0.00398,0.00664,0.0208,0.131,0.275,0.318,1.13,1.27,1.6,0.991,0.36,0.0166,medium
873971ad8ffffff,0.00443,0.00739,0.0231,0.146,0.306,0.359,1.27,1.42,1.78,1.1,0.401,0.0184,medium
873971ad9ffffff,0.00362,0.00605,0.0189,0.119,0.251,0.294,1.05,1.18,1.47,0.907,0.329,0.0151,high
873971adaffffff,0.00464,0.00775,0.0242,0.153,0.321,0.376,1.33,1.49,1.86,1.15,0.419,0.0193,medium
873971adbffffff,0.00376,0.00627,0.0196,0.124,0.26,0.305,1.09,1.22,1.53,0.941,0.341,0.0156,high
873971adcffffff,0.00365,0.0061,0.0191,0.12,0.253,0.296,1.06,1.18,1.48,0.914,0.332,0.0152,medium
873971addffffff,0.00406,0.00677,0.0212,0.133,0.281,0.329,1.17,1.31,1.64,1.01,0.367,0.0169,medium
873971adeffffff,0.00527,0.0088,0.0275,0.172,0.36,0.419,1.44,1.6,1.98,1.25,0.465,0.0219,medium
873971ae0ffffff,0.00307,0.00513,0.0161,0.102,0.216,0.248,0.905,1.02,1.28,0.783,0.28,0.0128,medium
873971ae1ffffff,0.0032,0.00534,0.0167,0.106,0.224,0.262,0.949,1.06,1.33,0.811,0.291,0.0133,medium
873971ae2ffffff,0.00383,0.00639,0.02,0.127,0.268,0.308,1.12,1.26,1.58,0.969,0.348,0.0159,medium
873971ae3ffffff,0.00327,0.00547,0.0171,0.109,0.23,0.266,0.968,1.09,1.36,0.833,0.298,0.0136,medium
873971ae4ffffff,0.00329,0.00549,0.0172,0.109,0.23,0.266,0.967,1.09,1.37,0.835,0.3,0.0137,medium
873971ae5ffffff,0.00374,0.00625,0.0195,0.124,0.261,0.302,1.08,1.22,1.52,0.935,0.338,0.0156,medium
873971ae6ffffff,0.00311,0.0052,0.0163,0.103,0.218,0.251,0.918,1.03,1.3,0.794,0.284,0.013,medium
873971ae8ffffff,0.0034,0.00567,0.0178,0.113,0.238,0.278,1.01,1.13,1.41,0.861,0.309,0.0142,medium
873971ae9ffffff,0.00378,0.00632,0.0198,0.125,0.265,0.31,1.12,1.26,1.56,0.958,0.344,0.0158,medium
873971aeaffffff,0.0153,0.0255,0.0795,0.49,1.01,1.16,3.61,3.98,4.73,3.19,1.25,0.0633,high
873971aebffffff,0.00358,0.00597,0.0187,0.119,0.251,0.293,1.06,1.19,1.48,0.906,0.325,0.0149,medium
873971aecffffff,0.0037,0.00619,0.0194,0.123,0.259,0.303,1.09,1.22,1.52,0.933,0.336,0.0154,medium
873971aedffffff,0.00342,0.00571,0.0179,0.113,0.239,0.28,1.01,1.14,1.41,0.865,0.311,0.0142,medium
873971aeeffffff,0.00347,0.0058,0.0182,0.115,0.244,0.285,1.03,1.16,1.44,0.88,0.316,0.0145,medium
873971af0ffffff,0.00327,0.00547,0.0171,0.109,0.23,0.264,0.964,1.09,1.37,0.835,0.299,0.0136,medium
873971af1ffffff,0.00539,0.00901,0.0282,0.177,0.373,0.427,1.49,1.67,2.08,1.3,0.479,0.0224,medium
873971af2ffffff,0.00375,0.00626,0.0196,0.124,0.262,0.302,1.1,1.23,1.55,0.949,0.341,0.0156,medium
873971af3ffffff,0.00321,0.00536,0.0168,0.106,0.225,0.259,0.945,1.06,1.34,0.818,0.293,0.0134,medium
873971af4ffffff,0.00582,0.00972,0.0304,0.191,0.402,0.461,1.61,1.8,2.23,1.4,0.516,0.0242,medium
873971af5ffffff,0.00335,0.0056,0.0175,0.111,0.235,0.271,0.988,1.11,1.4,0.855,0.306,0.014,medium
873971af6ffffff,0.00554,0.00925,0.0289,0.182,0.381,0.437,1.51,1.69,2.1,1.33,0.488,0.023,medium
873971b00ffffff,0.00409,0.00684,0.0214,0.133,0.281,0.332,1.14,1.32,1.58,0.991,0.368,0.0171,low
873971b01ffffff,0.0044,0.00735,0.023,0.143,0.302,0.357,1.22,1.42,1.7,1.07,0.396,0.0184,low
873971b02ffffff,0.00434,0.00724,0.0227,0.141,0.297,0.351,1.2,1.4,1.67,1.05,0.389,0.0181,low
873971b03ffffff,0.00542,0.00905,0.0283,0.176,0.37,0.437,1.48,1.72,2.05,1.29,0.483,0.0226,medium
873971b04ffffff,0.00522,0.00872,0.0273,0.17,0.358,0.422,1.44,1.68,2,1.26,0.468,0.0218,low
873971b05ffffff,0.0061,0.0102,0.0319,0.198,0.418,0.493,1.68,1.95,2.32,1.47,0.546,0.0254,low
873971b06ffffff,0.00413,0.0069,0.0216,0.134,0.283,0.335,1.15,1.33,1.59,1,0.371,0.0172,low
873971b08ffffff,0.00493,0.00823,0.0258,0.16,0.337,0.398,1.37,1.59,1.89,1.18,0.441,0.0205,low
873971b09ffffff,0.00496,0.00828,0.0259,0.161,0.34,0.402,1.39,1.61,1.92,1.2,0.445,0.0207,medium
873971b0affffff,0.00375,0.00627,0.0196,0.122,0.257,0.304,1.06,1.23,1.46,0.911,0.337,0.0156,medium
873971b0bffffff,0.00408,0.00681,0.0213,0.133,0.28,0.331,1.15,1.33,1.59,0.988,0.366,0.017,medium
873971b0cffffff,0.00494,0.00825,0.0258,0.161,0.339,0.4,1.39,1.61,1.91,1.19,0.443,0.0206,low
873971b0dffffff,0.00383,0.0064,0.0201,0.125,0.263,0.311,1.08,1.25,1.49,0.93,0.345,0.016,low
873971b0effffff,0.00426,0.00711,0.0223,0.139,0.292,0.345,1.2,1.39,1.65,1.03,0.383,0.0177,low
873971b10ffffff,0.00648,0.0108,0.0339,0.209,0.437,0.513,1.68,1.94,2.28,1.48,0.563,0.027,low
873971b11ffffff,0.00425,0.00709,0.0222,0.138,0.291,0.344,1.18,1.37,1.64,1.03,0.382,0.0177,low
873971b12ffffff,0.00376,0.00629,0.0197,0.123,0.259,0.305,1.05,1.22,1.47,0.916,0.339,0.0157,low
873971b13ffffff,0.0041,0.00685,0.0215,0.133,0.281,0.332,1.14,1.32,1.59,0.994,0.369,0.0171,low
873971b14ffffff,0.00594,0.00992,0.0311,0.193,0.407,0.48,1.62,1.88,2.24,1.42,0.53,0.0248,low
873971b15ffffff,0.00656,0.011,0.0343,0.211,0.443,0.52,1.71,1.97,2.32,1.5,0.572,0.0273,low
873971b16ffffff,0.00431,0.0072,0.0226,0.14,0.296,0.35,1.19,1.39,1.66,1.04,0.388,0.018,low
873971b18ffffff,0.00417,0.00696,0.0218,0.136,0.286,0.338,1.16,1.35,1.61,1.01,0.375,0.0174,low
873971b19ffffff,0.00467,0.0078,0.0244,0.152,0.32,0.378,1.31,1.52,1.81,1.13,0.419,0.0195,medium
873971b1affffff,0.00359,0.00599,0.0188,0.117,0.247,0.29,1.01,1.16,1.42,0.881,0.324,0.0149,low
873971b1bffffff,0.0042,0.00702,0.022,0.138,0.289,0.34,1.2,1.37,1.67,1.03,0.379,0.0175,low
873971b1cffffff,0.00419,0.00699,0.0219,0.136,0.287,0.339,1.16,1.35,1.61,1.01,0.376,0.0175,low
873971b1dffffff,0.00406,0.00677,0.0212,0.132,0.278,0.329,1.13,1.32,1.57,0.982,0.364,0.0169,low
873971b1effffff,0.00479,0.008,0.0251,0.156,0.329,0.388,1.33,1.54,1.84,1.16,0.43,0.02,low
873971b20ffffff,0.00551,0.00919,0.0288,0.179,0.378,0.443,1.51,1.75,2.09,1.32,0.492,0.0229,low
873971b21ffffff,0.00628,0.0105,0.0328,0.204,0.431,0.505,1.72,1.99,2.38,1.51,0.561,0.0262,low
873971b22ffffff,0.00571,0.00954,0.0299,0.185,0.392,0.46,1.57,1.82,2.18,1.37,0.511,0.0238,low
873971b23ffffff,0.00558,0.00932,0.0292,0.181,0.384,0.45,1.53,1.78,2.13,1.34,0.5,0.0233,low
873971b24ffffff,0.00568,0.00949,0.0297,0.184,0.39,0.457,1.55,1.8,2.16,1.36,0.508,0.0237,low
873971b25ffffff,0.00599,0.01,0.0313,0.194,0.411,0.482,1.64,1.9,2.28,1.44,0.536,0.025,low
873971b26ffffff,0.00605,0.0101,0.0316,0.196,0.416,0.487,1.65,1.92,2.3,1.45,0.541,0.0252,low
873971b28ffffff,0.00587,0.00981,0.0307,0.191,0.403,0.473,1.63,1.88,2.25,1.41,0.525,0.0245,low
873971b29ffffff,0.00573,0.00957,0.0299,0.186,0.393,0.462,1.59,1.84,2.2,1.38,0.513,0.0239,low
873971b2affffff,0.00491,0.0082,0.0257,0.16,0.337,0.398,1.37,1.59,1.89,1.19,0.441,0.0205,low
873971b2bffffff,0.00491,0.00821,0.0257,0.16,0.337,0.398,1.38,1.6,1.9,1.19,0.441,0.0205,low
873971b2cffffff,0.00617,0.0103,0.0322,0.2,0.423,0.496,1.69,1.96,2.35,1.48,0.551,0.0257,low
873971b2dffffff,0.00531,0.00887,0.0277,0.172,0.364,0.428,1.47,1.71,2.04,1.28,0.475,0.0221,low
873971b2effffff,0.00498,0.00831,0.026,0.162,0.342,0.401,1.37,1.59,1.9,1.2,0.446,0.0208,low
873971b30ffffff,0.00412,0.00687,0.0215,0.134,0.283,0.334,1.14,1.33,1.59,0.997,0.37,0.0172,low
873971b31ffffff,0.0054,0.00902,0.0283,0.176,0.37,0.437,1.49,1.73,2.07,1.3,0.484,0.0225,low
873971b32ffffff,0.00417,0.00696,0.0218,0.136,0.286,0.339,1.15,1.34,1.6,1.01,0.375,0.0174,low
873971b33ffffff,0.00491,0.00819,0.0257,0.159,0.336,0.396,1.34,1.56,1.85,1.17,0.438,0.0204,low
873971b34ffffff,0.00506,0.00845,0.0265,0.164,0.347,0.409,1.38,1.61,1.93,1.22,0.454,0.0211,low
873971b35ffffff,0.00582,0.00971,0.0304,0.189,0.399,0.469,1.59,1.85,2.21,1.4,0.521,0.0242,low
873971b36ffffff,0.00449,0.0075,0.0235,0.146,0.309,0.365,1.24,1.44,1.73,1.09,0.404,0.0187,low
873971b40ffffff,0.00584,0.00976,0.0306,0.19,0.401,0.473,1.65,1.91,2.26,1.41,0.524,0.0244,low
873971b41ffffff,0.00634,0.0106,0.0332,0.206,0.435,0.513,1.78,2.06,2.44,1.53,0.568,0.0264,medium
873971b42ffffff,0.00468,0.00782,0.0245,0.153,0.321,0.379,1.32,1.53,1.82,1.13,0.42,0.0195,low
873971b43ffffff,0.00427,0.00713,0.0223,0.139,0.293,0.346,1.21,1.4,1.66,1.04,0.384,0.0178,low
873971b44ffffff,0.00555,0.00926,0.029,0.18,0.379,0.444,1.54,1.78,2.12,1.33,0.496,0.0231,medium
873971b45ffffff,0.00568,0.00948,0.0296,0.184,0.388,0.454,1.57,1.81,2.17,1.36,0.508,0.0237,low
873971b46ffffff,0.00577,0.00963,0.0302,0.188,0.396,0.467,1.63,1.88,2.23,1.39,0.517,0.024,low
873971b48ffffff,0.00485,0.00809,0.0253,0.158,0.334,0.395,1.38,1.6,1.9,1.18,0.435,0.0202,medium
873971b49ffffff,0.00381,0.00637,0.0199,0.125,0.263,0.311,1.09,1.26,1.5,0.93,0.343,0.0159,medium
873971b4affffff,0.00445,0.00743,0.0233,0.145,0.307,0.363,1.27,1.48,1.75,1.09,0.4,0.0185,medium
873971b4bffffff,0.00396,0.0066,0.0207,0.129,0.273,0.323,1.13,1.31,1.56,0.967,0.356,0.0165,medium
873971b4cffffff,0.00594,0.00992,0.0311,0.194,0.409,0.483,1.68,1.95,2.31,1.44,0.533,0.0248,medium
873971b4dffffff,0.00457,0.00763,0.0239,0.149,0.314,0.371,1.29,1.5,1.78,1.11,0.41,0.019,medium
873971b4effffff,0.00383,0.0064,0.02,0.125,0.264,0.312,1.09,1.27,1.51,0.935,0.345,0.016,medium
873971b50ffffff,0.00414,0.00692,0.0217,0.135,0.285,0.336,1.17,1.36,1.61,1.01,0.372,0.0173,medium
873971b51ffffff,0.00589,0.00983,0.0307,0.19,0.398,0.467,1.56,1.8,2.11,1.35,0.514,0.0245,medium
873971b52ffffff,0.00498,0.00832,0.0261,0.162,0.341,0.403,1.4,1.62,1.92,1.2,0.446,0.0208,low
873971b53ffffff,0.00401,0.00669,0.021,0.131,0.275,0.325,1.13,1.32,1.56,0.973,0.36,0.0167,medium
873971b54ffffff,0.00548,0.00916,0.0287,0.178,0.375,0.444,1.53,1.78,2.11,1.32,0.491,0.0229,low
873971b55ffffff,0.00455,0.0076,0.0238,0.148,0.313,0.369,1.29,1.49,1.77,1.1,0.409,0.019,low
873971b56ffffff,0.00451,0.00753,0.0236,0.147,0.309,0.365,1.27,1.47,1.75,1.09,0.405,0.0188,low
873971b58ffffff,0.00578,0.00964,0.0302,0.188,0.395,0.466,1.61,1.86,2.2,1.38,0.515,0.0241,medium
873971b59ffffff,0.00449,0.0075,0.0235,0.147,0.31,0.366,1.28,1.49,1.76,1.1,0.404,0.0187,medium
873971b5affffff,0.0048,0.00801,0.0251,0.156,0.329,0.388,1.35,1.57,1.86,1.16,0.43,0.02,medium
873971b5bffffff,0.00419,0.00699,0.0219,0.137,0.288,0.34,1.19,1.38,1.64,1.02,0.377,0.0175,medium
873971b5cffffff,0.00478,0.00799,0.025,0.156,0.328,0.387,1.34,1.56,1.84,1.15,0.428,0.0199,medium
873971b5dffffff,0.00445,0.00743,0.0233,0.145,0.306,0.361,1.26,1.46,1.73,1.08,0.4,0.0185,medium
873971b5effffff,0.00483,0.00807,0.0253,0.157,0.332,0.391,1.37,1.58,1.88,1.17,0.434,0.0201,medium
873971b60ffffff,0.00632,0.0106,0.033,0.204,0.432,0.505,1.74,2.01,2.4,1.51,0.565,0.0263,medium
873971b61ffffff,0.00636,0.0106,0.0332,0.206,0.435,0.508,1.75,2.02,2.42,1.52,0.568,0.0265,medium
873971b62ffffff,0.00635,0.0106,0.0331,0.205,0.433,0.507,1.75,2.02,2.41,1.52,0.567,0.0265,low
873971b63ffffff,0.0056,0.00935,0.0292,0.181,0.383,0.448,1.55,1.79,2.13,1.34,0.501,0.0233,medium
873971b64ffffff,0.00801,0.0134,0.0418,0.259,0.546,0.639,2.19,2.53,3.01,1.9,0.713,0.0334,medium
873971b65ffffff,0.00763,0.0127,0.0398,0.247,0.52,0.609,2.09,2.41,2.88,1.81,0.68,0.0318,medium
873971b66ffffff,0.00675,0.0113,0.0352,0.219,0.462,0.541,1.86,2.15,2.56,1.61,0.603,0.0281,medium
873971b68ffffff,0.00588,0.00983,0.0307,0.19,0.401,0.471,1.62,1.87,2.22,1.4,0.525,0.0245,medium
873971b69ffffff,0.00647,0.0108,0.0338,0.208,0.44,0.517,1.77,2.05,2.43,1.53,0.577,0.027,medium
873971b6affffff,0.00581,0.0097,0.0303,0.188,0.396,0.465,1.6,1.85,2.2,1.39,0.519,0.0242,medium
873971b6bffffff,0.00644,0.0108,0.0336,0.207,0.438,0.515,1.77,2.04,2.42,1.53,0.575,0.0268,medium
873971b6cffffff,0.00579,0.00967,0.0302,0.187,0.396,0.463,1.6,1.85,2.2,1.39,0.518,0.0241,medium
873971b6dffffff,0.00581,0.0097,0.0303,0.187,0.395,0.465,1.6,1.85,2.19,1.38,0.519,0.0242,medium
873971b6effffff,0.00775,0.0129,0.0404,0.248,0.519,0.605,1.99,2.28,2.69,1.74,0.669,0.0322,medium
873971b70ffffff,0.00599,0.01,0.0313,0.195,0.411,0.484,1.67,1.93,2.3,1.44,0.536,0.025,low
873971b71ffffff,0.00611,0.0102,0.0319,0.198,0.418,0.49,1.69,1.96,2.34,1.47,0.547,0.0255,medium
873971b72ffffff,0.00464,0.00774,0.0243,0.151,0.318,0.376,1.3,1.51,1.8,1.12,0.416,0.0193,low
873971b73ffffff,0.00555,0.00926,0.029,0.181,0.38,0.449,1.56,1.81,2.15,1.34,0.498,0.0231,low
873971b74ffffff,0.00613,0.0102,0.032,0.199,0.42,0.493,1.69,1.96,2.34,1.47,0.547,0.0256,low
873971b75ffffff,0.00676,0.0113,0.0353,0.219,0.463,0.543,1.87,2.16,2.58,1.62,0.604,0.0282,low
873971b76ffffff,0.00501,0.00836,0.0262,0.163,0.343,0.405,1.4,1.62,1.94,1.21,0.449,0.0209,low
873971b80ffffff,0.00686,0.0115,0.0359,0.225,0.472,0.553,1.92,2.2,2.71,1.68,0.619,0.0286,medium
873971b81ffffff,0.00644,0.0108,0.0337,0.211,0.442,0.518,1.8,2.05,2.51,1.57,0.578,0.0269,low
873971b82ffffff,0.00625,0.0104,0.0327,0.205,0.431,0.502,1.75,2,2.48,1.54,0.565,0.026,medium
873971b83ffffff,0.0057,0.00953,0.0298,0.187,0.393,0.46,1.61,1.84,2.27,1.4,0.515,0.0238,low
873971b84ffffff,0.00617,0.0103,0.0323,0.203,0.425,0.497,1.73,1.98,2.44,1.51,0.556,0.0257,low
873971b85ffffff,0.00499,0.00833,0.0261,0.164,0.343,0.403,1.41,1.61,1.99,1.23,0.451,0.0208,low
873971b86ffffff,0.0244,0.0407,0.126,0.753,1.51,1.74,4.97,5.55,6.54,4.5,1.85,0.101,medium
873971b88ffffff,0.00505,0.00844,0.0264,0.166,0.348,0.408,1.43,1.64,2.01,1.24,0.456,0.0211,medium
873971b89ffffff,0.00568,0.00948,0.0297,0.186,0.389,0.456,1.58,1.81,2.21,1.38,0.509,0.0237,medium
873971b8affffff,0.00566,0.00945,0.0296,0.187,0.392,0.451,1.59,1.8,2.28,1.41,0.514,0.0236,medium
873971b8bffffff,0.00548,0.00916,0.0287,0.181,0.38,0.438,1.54,1.75,2.2,1.36,0.498,0.0229,medium
873971b8cffffff,0.00638,0.0107,0.0334,0.209,0.438,0.513,1.78,2.04,2.5,1.55,0.573,0.0266,low
873971b8dffffff,0.00497,0.00829,0.026,0.163,0.342,0.401,1.41,1.61,1.98,1.22,0.448,0.0207,medium
873971b8effffff,0.0052,0.00869,0.0272,0.171,0.358,0.42,1.47,1.68,2.07,1.28,0.47,0.0217,medium
873971b90ffffff,0.00665,0.0111,0.0348,0.219,0.461,0.528,1.84,2.09,2.67,1.66,0.606,0.0277,low
873971b91ffffff,0.007,0.0117,0.0366,0.231,0.484,0.555,1.93,2.19,2.79,1.73,0.636,0.0292,low
873971b92ffffff,0.00674,0.0113,0.0352,0.222,0.466,0.535,1.87,2.12,2.7,1.68,0.613,0.0281,medium
873971b93ffffff,0.00735,0.0123,0.0384,0.242,0.508,0.582,2.02,2.29,2.92,1.82,0.667,0.0306,low
873971b94ffffff,0.00675,0.0113,0.0353,0.222,0.465,0.54,1.88,2.14,2.68,1.66,0.611,0.0281,low
873971b95ffffff,0.00732,0.0122,0.0383,0.241,0.505,0.588,2.04,2.33,2.89,1.8,0.661,0.0305,medium
873971b96ffffff,0.00689,0.0115,0.036,0.227,0.476,0.546,1.91,2.16,2.76,1.71,0.627,0.0287,low
873971b98ffffff,0.00632,0.0106,0.033,0.209,0.439,0.504,1.77,2.01,2.55,1.58,0.575,0.0263,medium
873971b99ffffff,0.00677,0.0113,0.0354,0.223,0.469,0.539,1.89,2.13,2.71,1.68,0.614,0.0282,medium
873971b9affffff,0.00604,0.0101,0.0316,0.199,0.419,0.481,1.69,1.92,2.44,1.51,0.55,0.0252,medium
873971b9bffffff,0.00709,0.0119,0.0371,0.234,0.491,0.564,1.98,2.24,2.84,1.76,0.644,0.0296,high
873971b9cffffff,0.00583,0.00975,0.0305,0.192,0.404,0.464,1.63,1.85,2.36,1.46,0.531,0.0243,medium
873971b9dffffff,0.00603,0.0101,0.0315,0.199,0.419,0.481,1.69,1.92,2.44,1.51,0.549,0.0251,medium
873971b9effffff,0.00596,0.00995,0.0311,0.197,0.413,0.473,1.66,1.88,2.4,1.49,0.543,0.0248,medium
873971ba0ffffff,0.0044,0.00735,0.023,0.145,0.303,0.355,1.24,1.42,1.75,1.08,0.398,0.0183,low
873971ba1ffffff,0.00534,0.00892,0.028,0.175,0.368,0.431,1.5,1.71,2.11,1.31,0.481,0.0223,low
873971ba2ffffff,0.0078,0.013,0.0407,0.253,0.527,0.615,2.03,2.31,2.81,1.8,0.68,0.0325,low
873971ba3ffffff,0.00711,0.0119,0.0372,0.233,0.488,0.571,1.96,2.24,2.76,1.72,0.637,0.0296,low
873971ba4ffffff,0.00443,0.00739,0.0232,0.145,0.305,0.358,1.23,1.43,1.73,1.08,0.399,0.0184,low
873971ba5ffffff,0.00406,0.00678,0.0212,0.133,0.279,0.329,1.13,1.31,1.58,0.99,0.366,0.0169,low
873971ba6ffffff,0.0046,0.00769,0.0241,0.151,0.317,0.372,1.3,1.48,1.84,1.13,0.416,0.0192,low
873971ba8ffffff,0.00536,0.00895,0.028,0.176,0.369,0.432,1.51,1.73,2.12,1.31,0.483,0.0223,low
873971ba9ffffff,0.00482,0.00805,0.0252,0.158,0.332,0.389,1.37,1.56,1.92,1.19,0.435,0.0201,low
873971baaffffff,0.00497,0.00831,0.026,0.163,0.342,0.401,1.41,1.61,1.98,1.22,0.449,0.0207,low
873971babffffff,0.00468,0.00781,0.0245,0.154,0.322,0.378,1.33,1.52,1.86,1.15,0.423,0.0195,low
873971bacffffff,0.00517,0.00864,0.027,0.17,0.356,0.417,1.46,1.67,2.06,1.27,0.467,0.0216,low
873971badffffff,0.00466,0.00778,0.0244,0.153,0.32,0.376,1.32,1.51,1.85,1.14,0.42,0.0194,low
873971baeffffff,0.00622,0.0104,0.0325,0.204,0.427,0.5,1.74,1.99,2.43,1.51,0.558,0.0259,low
873971bb0ffffff,0.00693,0.0116,0.0363,0.228,0.477,0.558,1.94,2.22,2.73,1.7,0.625,0.0289,low
873971bb1ffffff,0.00664,0.0111,0.0347,0.218,0.457,0.535,1.86,2.13,2.63,1.63,0.599,0.0277,low
873971bb2ffffff,0.00718,0.012,0.0375,0.236,0.494,0.578,2,2.29,2.83,1.75,0.647,0.0299,low
873971bb3ffffff,0.00766,0.0128,0.0401,0.251,0.527,0.617,2.14,2.45,3.02,1.87,0.69,0.0319,medium
873971bb4ffffff,0.00611,0.0102,0.032,0.201,0.421,0.492,1.71,1.96,2.42,1.5,0.552,0.0255,low
873971bb5ffffff,0.00608,0.0102,0.0318,0.2,0.419,0.491,1.7,1.95,2.41,1.49,0.549,0.0254,low
873971bb6ffffff,0.00813,0.0136,0.0425,0.267,0.559,0.652,2.24,2.57,3.19,1.98,0.732,0.0339,low
873971c48ffffff,0.00827,0.0138,0.0432,0.269,0.561,0.628,2.07,2.36,3.03,1.96,0.732,0.0344,low
873971c49ffffff,0.00519,0.00867,0.0271,0.17,0.358,0.401,1.37,1.58,2.05,1.29,0.472,0.0216,low
873971c4affffff,0.00384,0.00642,0.0201,0.127,0.266,0.298,1.03,1.18,1.55,0.969,0.352,0.016,low
873971c4bffffff,0.00472,0.00789,0.0247,0.155,0.326,0.366,1.26,1.44,1.89,1.18,0.431,0.0197,low
873971c4dffffff,0.00474,0.00792,0.0248,0.156,0.328,0.368,1.27,1.46,1.91,1.19,0.434,0.0198,low
873971c4effffff,0.00404,0.00675,0.0211,0.133,0.28,0.313,1.08,1.24,1.62,1.02,0.37,0.0168,low
873973045ffffff,0.00406,0.00677,0.0211,0.133,0.286,0.357,1.13,1.3,1.68,1.05,0.372,0.0169,low
873973060ffffff,0.00255,0.00426,0.0133,0.0834,0.178,0.225,0.72,0.833,1.06,0.651,0.234,0.0106,low
873973061ffffff,0.00203,0.00339,0.0106,0.0661,0.141,0.178,0.574,0.665,0.841,0.513,0.186,0.00846,low
873973063ffffff,0.00762,0.0127,0.0396,0.247,0.527,0.654,1.97,2.25,2.86,1.85,0.674,0.0317,high
873973065ffffff,0.00278,0.00464,0.0145,0.0904,0.192,0.244,0.784,0.91,1.14,0.694,0.253,0.0116,low
873973068ffffff,0.00312,0.0052,0.0162,0.103,0.225,0.278,0.882,1.01,1.34,0.846,0.29,0.013,low
873973069ffffff,0.00373,0.00622,0.0194,0.124,0.27,0.335,1.06,1.21,1.61,1.02,0.348,0.0155,low
87397306affffff,0.00353,0.00589,0.0184,0.116,0.251,0.312,0.996,1.15,1.49,0.934,0.326,0.0147,low
87397306bffffff,0.00707,0.0118,0.0368,0.235,0.512,0.631,1.96,2.23,2.97,1.92,0.655,0.0295,low
87397306cffffff,0.0019,0.00318,0.00993,0.062,0.132,0.167,0.539,0.625,0.786,0.478,0.174,0.00795,low
87397306dffffff,0.00301,0.00501,0.0157,0.099,0.214,0.27,0.855,0.987,1.28,0.789,0.277,0.0125,low
87397306effffff,0.00377,0.00629,0.0196,0.124,0.266,0.332,1.05,1.21,1.57,0.981,0.346,0.0157,low
873973145ffffff,0.00231,0.00386,0.0121,0.0746,0.157,0.198,0.639,0.747,0.912,0.56,0.209,0.00964,low
873973148ffffff,0.00226,0.00377,0.0118,0.0733,0.156,0.197,0.634,0.737,0.917,0.559,0.206,0.00943,low
873973149ffffff,0.00244,0.00408,0.0128,0.0795,0.169,0.215,0.69,0.802,1.01,0.611,0.223,0.0102,low
87397314cffffff,0.00234,0.00391,0.0122,0.0756,0.16,0.201,0.648,0.757,0.925,0.568,0.212,0.00977,low
87397314dffffff,0.00239,0.00399,0.0125,0.0777,0.166,0.21,0.674,0.783,0.983,0.597,0.218,0.00997,low
873973168ffffff,0.00228,0.0038,0.0119,0.0734,0.154,0.193,0.617,0.725,0.881,0.546,0.205,0.00949,low
873973169ffffff,0.00229,0.00382,0.0119,0.0741,0.157,0.198,0.633,0.744,0.908,0.558,0.208,0.00955,low
87397316affffff,0.00232,0.00387,0.0121,0.0748,0.158,0.199,0.639,0.747,0.912,0.561,0.21,0.00966,low
87397316bffffff,0.0027,0.0045,0.0141,0.0873,0.184,0.232,0.746,0.871,1.07,0.657,0.244,0.0113,low
87397316dffffff,0.00329,0.00549,0.0172,0.106,0.223,0.28,0.891,1.05,1.27,0.788,0.297,0.0137,low
873973225ffffff,2.61e-4,4.35e-4,0.00136,0.00881,0.0199,0.0248,0.0771,0.0873,0.12,0.0783,0.0252,0.00109,low
87397322cffffff,2.97e-4,4.95e-4,0.00155,0.01,0.0227,0.0282,0.0878,0.0994,0.137,0.0891,0.0287,0.00124,low
873973300ffffff,0.00262,0.00436,0.0136,0.0882,0.199,0.248,0.766,0.866,1.18,0.777,0.251,0.0109,low
873973301ffffff,0.00288,0.0048,0.015,0.0972,0.219,0.273,0.844,0.954,1.31,0.857,0.277,0.012,low
873973302ffffff,0.00286,0.00476,0.0149,0.0962,0.217,0.27,0.83,0.938,1.28,0.843,0.273,0.0119,low
873973303ffffff,0.00249,0.00415,0.013,0.0841,0.19,0.236,0.732,0.827,1.13,0.742,0.24,0.0104,low
873973304ffffff,0.00354,0.00589,0.0184,0.119,0.269,0.335,1.03,1.17,1.6,1.05,0.34,0.0148,low
873973305ffffff,0.00387,0.00645,0.0202,0.13,0.293,0.364,1.11,1.26,1.71,1.13,0.369,0.0161,low
873973306ffffff,0.00322,0.00537,0.0168,0.109,0.245,0.305,0.938,1.06,1.45,0.952,0.309,0.0135,low
873973308ffffff,0.00557,0.00928,0.029,0.185,0.412,0.51,1.48,1.65,2.19,1.5,0.51,0.0232,low
87397330affffff,0.00369,0.00614,0.0192,0.124,0.278,0.345,1.04,1.17,1.58,1.05,0.348,0.0154,low
87397330cffffff,0.0018600000000000001,0.0031,0.00971,0.0628,0.142,0.177,0.547,0.619,0.848,0.556,0.179,0.00777,low
87397330dffffff,9.67e-4,0.00161,0.00504,0.0327,0.0741,0.0923,0.285,0.323,0.445,0.291,0.0934,0.00403,low
87397330effffff,0.00201,0.00335,0.0105,0.0679,0.153,0.191,0.591,0.669,0.916,0.6,0.194,0.0084,low
873973310ffffff,0.00318,0.00529,0.0165,0.106,0.237,0.293,0.913,1.04,1.4,0.91,0.301,0.0132,low
873973311ffffff,0.00277,0.00461,0.0144,0.0934,0.211,0.262,0.81,0.915,1.25,0.822,0.266,0.0116,low
873973312ffffff,0.00237,0.00394,0.0123,0.079,0.173,0.213,0.675,0.768,1.04,0.664,0.223,0.00986,low
873973313ffffff,0.00249,0.00414,0.013,0.0839,0.189,0.235,0.727,0.824,1.13,0.746,0.24,0.0104,low
873973314ffffff,0.00501,0.00835,0.0261,0.166,0.362,0.446,1.38,1.57,2.08,1.35,0.462,0.0209,low
873973315ffffff,0.00759,0.0126,0.0395,0.252,0.555,0.684,2.04,2.3,3.04,2.04,0.696,0.0316,low
873973318ffffff,0.00259,0.00432,0.0135,0.0873,0.197,0.245,0.753,0.85,1.16,0.764,0.248,0.0108,low
87397331affffff,0.0022,0.00367,0.0115,0.0746,0.168,0.207,0.64,0.728,1.01,0.678,0.214,0.00919,low
87397331cffffff,0.00307,0.00511,0.016,0.103,0.233,0.29,0.898,1.01,1.39,0.911,0.295,0.0128,low
87397331dffffff,0.00198,0.0033,0.0103,0.0668,0.151,0.188,0.582,0.658,0.901,0.59,0.19,0.00826,low
87397331effffff,0.00266,0.00443,0.0139,0.0897,0.202,0.252,0.779,0.881,1.21,0.793,0.256,0.0111,low
873973320ffffff,0.00639,0.0106,0.0332,0.213,0.473,0.59,1.75,1.99,2.62,1.75,0.589,0.0266,low
873973321ffffff,0.00364,0.00606,0.019,0.122,0.274,0.343,1.06,1.21,1.62,1.05,0.345,0.0152,low
873973322ffffff,0.00952,0.0159,0.0496,0.318,0.709,0.884,2.66,3.02,4.01,2.66,0.889,0.0397,low
873973323ffffff,0.00442,0.00736,0.023,0.149,0.332,0.417,1.28,1.46,1.96,1.28,0.419,0.0184,low
873973324ffffff,0.0041,0.00684,0.0214,0.137,0.303,0.38,1.18,1.35,1.78,1.14,0.385,0.0171,low
873973325ffffff,0.00489,0.00816,0.0255,0.164,0.367,0.46,1.41,1.6,2.14,1.4,0.462,0.0204,low
873973326ffffff,0.00459,0.00766,0.0239,0.152,0.33,0.415,1.3,1.5,1.95,1.22,0.424,0.0192,low
873973328ffffff,0.00251,0.00418,0.0131,0.0845,0.19,0.238,0.734,0.836,1.13,0.734,0.239,0.0105,low
873973329ffffff,0.00219,0.00364,0.0114,0.0745,0.173,0.216,0.649,0.739,1.03,0.683,0.215,0.00913,low
87397332affffff,0.00215,0.00358,0.0112,0.0724,0.163,0.203,0.631,0.714,0.976,0.638,0.206,0.00896,low
87397332bffffff,0.00189,0.00315,0.00985,0.0641,0.147,0.183,0.558,0.634,0.876,0.578,0.184,0.00789,low
87397332cffffff,0.00359,0.00599,0.0187,0.121,0.27,0.338,1.04,1.18,1.58,1.03,0.34,0.015,low
87397332dffffff,0.00324,0.0054,0.0169,0.11,0.251,0.313,0.947,1.08,1.47,0.972,0.313,0.0135,low
87397332effffff,0.00315,0.00526,0.0164,0.106,0.237,0.296,0.908,1.03,1.38,0.903,0.298,0.0132,low
873973330ffffff,0.00367,0.00612,0.0191,0.122,0.267,0.33,1.04,1.19,1.59,1.02,0.344,0.0153,low
873973331ffffff,0.00433,0.00721,0.0226,0.145,0.323,0.4,1.25,1.41,1.92,1.24,0.41,0.0181,low
873973332ffffff,0.00439,0.00732,0.0229,0.146,0.319,0.393,1.24,1.41,1.89,1.21,0.41,0.0183,low
873973333ffffff,0.0067,0.0112,0.0349,0.221,0.48,0.59,1.78,2.01,2.63,1.74,0.607,0.0279,low
873973334ffffff,0.00371,0.00619,0.0193,0.123,0.268,0.333,1.05,1.2,1.6,1.01,0.345,0.0155,low
873973335ffffff,0.00432,0.0072,0.0225,0.143,0.311,0.387,1.22,1.39,1.84,1.16,0.4,0.018,low
873973336ffffff,0.00361,0.00601,0.0188,0.12,0.262,0.324,1.02,1.17,1.57,0.998,0.338,0.015,low
873973340ffffff,0.00272,0.00452,0.0142,0.093,0.224,0.28,0.807,0.921,1.28,0.877,0.274,0.0114,low
873973341ffffff,0.00149,0.00249,0.00779,0.0512,0.124,0.155,0.448,0.512,0.715,0.487,0.151,0.00625,low
873973344ffffff,0.0019,0.00317,0.00993,0.0652,0.157,0.197,0.569,0.65,0.906,0.618,0.193,0.00796,low
873973345ffffff,0.00271,0.00451,0.0141,0.0928,0.224,0.28,0.805,0.92,1.28,0.876,0.274,0.0113,low
873973346ffffff,0.00149,0.00248,0.00779,0.0511,0.123,0.153,0.447,0.511,0.712,0.483,0.15,0.00624,low
87397334cffffff,0.00136,0.00226,0.0071,0.0466,0.113,0.141,0.408,0.466,0.651,0.444,0.138,0.00569,low
87397334dffffff,0.00145,0.00241,0.00756,0.0498,0.121,0.152,0.436,0.497,0.702,0.476,0.149,0.00607,low
873973352ffffff,2.97e-4,4.95e-4,0.00155,0.01,0.0227,0.0282,0.0878,0.0994,0.137,0.0891,0.0287,0.00124,low
873973353ffffff,2.93e-4,4.87e-4,0.00153,0.00992,0.0229,0.0285,0.0869,0.0987,0.136,0.0902,0.0287,0.00122,low
87397335effffff,3.68e-4,6.13e-4,0.00192,0.0126,0.0305,0.0382,0.111,0.127,0.177,0.121,0.0374,0.00154,low
873973360ffffff,0.00143,0.00237,0.00743,0.0488,0.118,0.147,0.427,0.488,0.682,0.464,0.144,0.00596,low
873973361ffffff,0.0013,0.00217,0.00679,0.0446,0.108,0.135,0.391,0.447,0.624,0.425,0.132,0.00545,low
873973362ffffff,0.00142,0.00237,0.00743,0.0487,0.115,0.144,0.426,0.486,0.677,0.455,0.142,0.00595,low
873973363ffffff,0.0017,0.00283,0.00887,0.0582,0.14,0.176,0.508,0.581,0.81,0.553,0.172,0.00711,low
873973364ffffff,0.00156,0.0026,0.00816,0.0534,0.126,0.158,0.466,0.531,0.74,0.497,0.156,0.00654,low
873973365ffffff,0.00218,0.00362,0.0113,0.0743,0.179,0.223,0.638,0.727,1.01,0.693,0.218,0.0091,low
873973366ffffff,0.00153,0.00254,0.00796,0.052,0.121,0.151,0.454,0.517,0.72,0.478,0.15,0.00638,low
873973368ffffff,0.00139,0.00232,0.00726,0.0477,0.115,0.144,0.416,0.475,0.662,0.452,0.141,0.00582,low
873973369ffffff,8.81e-4,0.00147,0.0046,0.0303,0.0733,0.0923,0.265,0.303,0.428,0.29,0.0903,0.00369,low
87397336affffff,0.00123,0.00205,0.00642,0.0422,0.102,0.127,0.37,0.423,0.59,0.402,0.125,0.00515,low
87397336bffffff,0.00149,0.00247,0.00776,0.0509,0.123,0.154,0.44,0.501,0.699,0.479,0.151,0.00622,low
87397336cffffff,0.00349,0.00581,0.0182,0.119,0.286,0.357,1.01,1.15,1.58,1.1,0.348,0.0146,low
87397336dffffff,0.00258,0.0043,0.0135,0.0882,0.212,0.265,0.752,0.857,1.18,0.817,0.258,0.0108,low
87397336effffff,0.00137,0.00228,0.00714,0.0469,0.113,0.142,0.411,0.469,0.655,0.447,0.139,0.00573,low
873973370ffffff,0.0012,0.002,0.00627,0.041,0.0952,0.119,0.358,0.408,0.568,0.377,0.118,0.00502,low
873973371ffffff,0.00202,0.00336,0.0105,0.0687,0.16,0.2,0.599,0.682,0.948,0.632,0.199,0.00843,low
873973372ffffff,0.002,0.00334,0.0104,0.0677,0.155,0.192,0.577,0.654,0.894,0.597,0.193,0.00837,low
873973373ffffff,8.79e-4,0.00146,0.00458,0.03,0.0696,0.0869,0.262,0.298,0.416,0.275,0.0865,0.00367,low
873973374ffffff,0.00238,0.00396,0.0124,0.0809,0.188,0.234,0.701,0.798,1.11,0.737,0.233,0.00993,low
873973375ffffff,0.00156,0.00259,0.00812,0.0531,0.123,0.154,0.464,0.528,0.735,0.487,0.153,0.00651,low
873973376ffffff,0.00184,0.00307,0.00962,0.0628,0.146,0.182,0.547,0.623,0.866,0.575,0.181,0.00771,low
8739733adffffff,0.0116,0.0192,0.0601,0.386,0.861,1.05,3.05,3.43,4.57,3.22,1.07,0.0481,low
873973a00ffffff,0.00252,0.00421,0.0131,0.0831,0.179,0.223,0.7,0.808,1.02,0.647,0.231,0.0105,low
873973a01ffffff,0.00218,0.00364,0.0114,0.0725,0.158,0.197,0.616,0.707,0.898,0.579,0.202,0.0091,low
873973a02ffffff,0.00254,0.00423,0.0132,0.0833,0.179,0.223,0.703,0.813,1.02,0.646,0.232,0.0106,low
873973a03ffffff,0.00276,0.0046,0.0144,0.0915,0.2,0.248,0.774,0.887,1.13,0.727,0.255,0.0115,low
873973a04ffffff,0.00239,0.00399,0.0125,0.0787,0.169,0.211,0.664,0.768,0.967,0.61,0.219,0.00998,low
873973a05ffffff,0.00217,0.00361,0.0113,0.0716,0.155,0.193,0.606,0.698,0.884,0.564,0.2,0.00902,low
873973a06ffffff,0.00265,0.00442,0.0138,0.0871,0.187,0.233,0.735,0.85,1.07,0.675,0.243,0.0111,low
873973a08ffffff,0.00381,0.00634,0.0198,0.126,0.273,0.339,1.04,1.19,1.49,0.977,0.347,0.0158,medium
873973a09ffffff,0.00294,0.00489,0.0153,0.0975,0.213,0.265,0.831,0.951,1.21,0.783,0.272,0.0122,medium
873973a0affffff,0.00436,0.00726,0.0227,0.145,0.317,0.395,1.22,1.4,1.79,1.16,0.403,0.0182,medium
873973a0bffffff,0.00299,0.00498,0.0155,0.0993,0.217,0.271,0.847,0.968,1.24,0.801,0.277,0.0124,high
873973a0cffffff,0.0023,0.00384,0.012,0.0764,0.167,0.207,0.649,0.745,0.947,0.61,0.213,0.0096,low
873973a0dffffff,0.00203,0.00338,0.0106,0.0674,0.147,0.183,0.573,0.658,0.836,0.538,0.188,0.00846,low
873973a0effffff,0.00205,0.00342,0.0107,0.0681,0.149,0.185,0.579,0.665,0.846,0.544,0.19,0.00855,low
873973a10ffffff,0.00374,0.00623,0.0195,0.123,0.264,0.332,1.05,1.21,1.54,0.957,0.342,0.0156,medium
873973a11ffffff,0.00591,0.00986,0.0308,0.194,0.415,0.522,1.63,1.88,2.37,1.49,0.538,0.0246,medium
873973a12ffffff,0.00448,0.00748,0.0233,0.147,0.316,0.399,1.26,1.46,1.85,1.15,0.411,0.0187,low
873973a13ffffff,0.00695,0.0116,0.0362,0.227,0.488,0.614,1.91,2.2,2.77,1.74,0.63,0.029,low
873973a14ffffff,0.00371,0.00618,0.0193,0.122,0.261,0.326,1.02,1.18,1.48,0.939,0.339,0.0155,low
873973a15ffffff,0.00364,0.00608,0.019,0.12,0.256,0.32,1,1.16,1.46,0.923,0.333,0.0152,medium
873973a16ffffff,0.00316,0.00528,0.0165,0.104,0.223,0.282,0.891,1.03,1.31,0.812,0.29,0.0132,low
873973a18ffffff,0.0208,0.0346,0.108,0.676,1.46,1.8,4.96,5.51,6.88,4.83,1.78,0.0862,medium
873973a19ffffff,0.00919,0.0153,0.0478,0.304,0.668,0.829,2.46,2.76,3.56,2.38,0.831,0.0383,high
873973a1affffff,0.00307,0.00512,0.016,0.103,0.227,0.283,0.886,1,1.32,0.847,0.287,0.0128,low
873973a1bffffff,0.00497,0.00828,0.0259,0.166,0.367,0.457,1.41,1.6,2.09,1.36,0.462,0.0207,low
873973a1cffffff,0.00423,0.00705,0.022,0.139,0.302,0.378,1.17,1.34,1.71,1.09,0.387,0.0176,medium
873973a1dffffff,0.00278,0.00463,0.0144,0.0926,0.204,0.254,0.793,0.901,1.17,0.756,0.259,0.0116,medium
873973a1effffff,0.00454,0.00757,0.0236,0.149,0.321,0.403,1.26,1.46,1.85,1.16,0.414,0.0189,low
873973a20ffffff,0.00202,0.00336,0.0105,0.0663,0.142,0.177,0.559,0.647,0.813,0.514,0.185,0.00841,low
873973a21ffffff,0.00181,0.00302,0.00941,0.0596,0.128,0.16,0.503,0.581,0.732,0.466,0.166,0.00754,low
873973a22ffffff,0.0031,0.00518,0.0162,0.102,0.217,0.271,0.838,0.965,1.21,0.772,0.281,0.0129,low
873973a23ffffff,0.00193,0.00322,0.01,0.0634,0.136,0.17,0.536,0.62,0.781,0.492,0.177,0.00804,low
873973a24ffffff,0.00216,0.0036,0.0112,0.0708,0.151,0.186,0.588,0.683,0.851,0.546,0.197,0.00898,low
873973a25ffffff,0.00175,0.00292,0.00911,0.0576,0.122,0.152,0.479,0.556,0.693,0.444,0.161,0.0073,low
873973a26ffffff,0.00214,0.00358,0.0112,0.0705,0.151,0.189,0.595,0.688,0.866,0.547,0.197,0.00894,low
873973a28ffffff,0.0028,0.00466,0.0145,0.0928,0.202,0.252,0.786,0.901,1.14,0.739,0.259,0.0117,low
873973a29ffffff,0.00228,0.00381,0.0119,0.0758,0.165,0.206,0.644,0.739,0.939,0.605,0.212,0.00951,low
873973a2affffff,0.00429,0.00715,0.0223,0.142,0.307,0.381,1.16,1.33,1.67,1.09,0.39,0.0179,low
873973a2bffffff,0.00306,0.00509,0.0159,0.101,0.219,0.272,0.835,0.954,1.2,0.786,0.279,0.0127,low
873973a2cffffff,0.00175,0.00291,0.00908,0.0578,0.125,0.156,0.49,0.563,0.712,0.457,0.161,0.00727,low
873973a2dffffff,0.00216,0.00359,0.0112,0.0712,0.154,0.192,0.603,0.691,0.874,0.562,0.199,0.00898,low
873973a2effffff,0.00206,0.00344,0.0107,0.0684,0.149,0.186,0.582,0.668,0.849,0.547,0.191,0.00859,low
873973a30ffffff,0.00303,0.00506,0.0158,0.0997,0.214,0.267,0.84,0.971,1.22,0.772,0.278,0.0127,low
873973a31ffffff,0.0025,0.00417,0.013,0.0821,0.176,0.22,0.693,0.802,1.01,0.637,0.229,0.0104,low
873973a32ffffff,0.00291,0.00485,0.0151,0.0955,0.205,0.256,0.805,0.93,1.17,0.739,0.266,0.0121,low
873973a33ffffff,0.00529,0.00882,0.0275,0.173,0.369,0.46,1.41,1.63,2.03,1.3,0.476,0.022,medium
873973a34ffffff,0.00245,0.00408,0.0127,0.0802,0.171,0.215,0.675,0.783,0.98,0.618,0.224,0.0102,low
873973a35ffffff,0.00247,0.00412,0.0129,0.0812,0.174,0.218,0.685,0.792,0.998,0.63,0.226,0.0103,low
873973a36ffffff,0.00289,0.00482,0.015,0.0944,0.2,0.252,0.791,0.921,1.14,0.72,0.263,0.012,low
873973a40ffffff,0.00271,0.00451,0.0141,0.0903,0.201,0.247,0.789,0.893,1.15,0.747,0.254,0.0113,medium
873973a41ffffff,0.00241,0.00402,0.0126,0.0805,0.181,0.227,0.723,0.816,1.07,0.69,0.228,0.01,medium
873973a42ffffff,0.00324,0.0054,0.0169,0.108,0.24,0.296,0.944,1.07,1.37,0.894,0.304,0.0135,medium
873973a43ffffff,0.00315,0.00525,0.0164,0.105,0.235,0.292,0.933,1.05,1.37,0.887,0.297,0.0131,medium
873973a44ffffff,0.00241,0.00401,0.0125,0.0803,0.178,0.22,0.702,0.795,1.02,0.665,0.226,0.01,medium
873973a45ffffff,0.0024,0.00399,0.0125,0.08,0.178,0.22,0.704,0.796,1.03,0.668,0.225,0.00997,medium
873973a46ffffff,0.00273,0.00455,0.0142,0.091,0.202,0.249,0.795,0.9,1.16,0.753,0.256,0.0114,medium
873973a48ffffff,0.00307,0.00511,0.016,0.102,0.231,0.29,0.926,1.04,1.37,0.884,0.291,0.0128,medium
873973a49ffffff,0.00339,0.00565,0.0177,0.113,0.256,0.321,1.02,1.15,1.51,0.977,0.322,0.0141,high
873973a4affffff,0.00334,0.00556,0.0174,0.111,0.252,0.316,1.01,1.13,1.49,0.96,0.317,0.0139,medium
873973a4bffffff,0.00651,0.0108,0.0339,0.216,0.484,0.605,1.86,2.09,2.69,1.78,0.603,0.0271,high
873973a4cffffff,0.00292,0.00487,0.0152,0.0977,0.221,0.277,0.883,0.996,1.31,0.843,0.278,0.0122,medium
873973a4dffffff,0.00302,0.00503,0.0157,0.101,0.228,0.286,0.912,1.03,1.35,0.871,0.287,0.0126,medium
873973a4effffff,0.00307,0.00512,0.016,0.103,0.232,0.291,0.927,1.05,1.37,0.885,0.292,0.0128,medium
873973a50ffffff,0.00355,0.00591,0.0185,0.118,0.263,0.324,1.03,1.17,1.5,0.977,0.332,0.0148,high
873973a51ffffff,0.00392,0.00653,0.0204,0.131,0.29,0.357,1.14,1.28,1.65,1.08,0.366,0.0163,medium
873973a52ffffff,0.00366,0.00609,0.019,0.123,0.28,0.347,1.08,1.21,1.62,1.08,0.35,0.0152,high
873973a53ffffff,0.00358,0.00597,0.0187,0.121,0.273,0.338,1.06,1.19,1.58,1.04,0.342,0.0149,medium
873973a54ffffff,0.00307,0.00512,0.016,0.103,0.228,0.281,0.895,1.01,1.3,0.848,0.288,0.0128,medium
873973a55ffffff,0.00324,0.0054,0.0168,0.108,0.24,0.295,0.943,1.07,1.37,0.893,0.303,0.0135,medium
873973a56ffffff,0.00334,0.00557,0.0174,0.111,0.247,0.304,0.97,1.1,1.41,0.918,0.313,0.0139,high
873973a58ffffff,0.00285,0.00475,0.0149,0.096,0.219,0.273,0.859,0.963,1.29,0.845,0.274,0.0119,medium
873973a59ffffff,0.00237,0.00395,0.0124,0.0797,0.182,0.227,0.717,0.805,1.07,0.702,0.228,0.00988,medium
873973a5affffff,0.00366,0.00609,0.019,0.124,0.284,0.352,1.08,1.21,1.64,1.1,0.353,0.0152,medium
873973a5bffffff,0.00216,0.00359,0.0112,0.0734,0.171,0.211,0.652,0.725,1,0.67,0.212,0.009,medium
873973a5cffffff,0.00332,0.00553,0.0173,0.111,0.247,0.304,0.97,1.1,1.41,0.92,0.312,0.0138,medium
873973a5dffffff,0.00289,0.00481,0.015,0.0965,0.218,0.274,0.873,0.984,1.29,0.833,0.274,0.012,medium
873973a5effffff,0.00327,0.00544,0.017,0.11,0.248,0.306,0.961,1.08,1.43,0.945,0.311,0.0136,medium
873973a60ffffff,0.00217,0.00362,0.0113,0.0718,0.156,0.195,0.626,0.72,0.896,0.572,0.201,0.00905,low
873973a61ffffff,0.00192,0.0032,0.00998,0.0634,0.138,0.173,0.553,0.635,0.791,0.505,0.177,0.00799,low
873973a62ffffff,0.00226,0.00376,0.0117,0.0753,0.167,0.206,0.658,0.746,0.955,0.622,0.212,0.0094,low
873973a63ffffff,0.00231,0.00385,0.012,0.0768,0.17,0.21,0.671,0.763,0.972,0.631,0.216,0.00961,low
873973a64ffffff,0.00201,0.00336,0.0105,0.0666,0.145,0.181,0.581,0.668,0.832,0.53,0.186,0.00839,low
873973a65ffffff,0.00196,0.00327,0.0102,0.0648,0.141,0.176,0.564,0.648,0.807,0.515,0.181,0.00817,low
873973a66ffffff,0.00218,0.00363,0.0113,0.072,0.156,0.196,0.628,0.722,0.899,0.573,0.202,0.00908,low
873973a68ffffff,0.0032,0.00533,0.0166,0.106,0.236,0.299,0.961,1.08,1.4,0.894,0.3,0.0133,high
873973a69ffffff,0.00358,0.00598,0.0187,0.119,0.263,0.334,1.08,1.21,1.56,0.988,0.335,0.0149,high
873973a6affffff,0.0022,0.00367,0.0115,0.0736,0.166,0.209,0.667,0.752,0.987,0.636,0.209,0.00917,medium
873973a6bffffff,0.00311,0.00518,0.0162,0.104,0.234,0.294,0.938,1.06,1.39,0.896,0.295,0.0129,medium
873973a6cffffff,0.00268,0.00448,0.014,0.0889,0.195,0.249,0.805,0.909,1.16,0.732,0.25,0.0112,medium
873973a6dffffff,0.00301,0.00502,0.0157,0.0997,0.219,0.279,0.904,1.02,1.31,0.821,0.281,0.0126,high
873973a6effffff,0.0023,0.00383,0.012,0.0765,0.171,0.214,0.687,0.776,1,0.644,0.216,0.00957,medium
873973a70ffffff,0.00255,0.00425,0.0133,0.085,0.189,0.232,0.741,0.84,1.08,0.702,0.239,0.0106,low
873973a71ffffff,0.00243,0.00404,0.0126,0.081,0.18,0.222,0.708,0.801,1.03,0.67,0.228,0.0101,low
873973a72ffffff,0.00226,0.00377,0.0118,0.0753,0.166,0.205,0.65,0.74,0.946,0.613,0.211,0.00942,low
873973a73ffffff,0.00249,0.00414,0.0129,0.0829,0.184,0.227,0.725,0.821,1.05,0.687,0.233,0.0103,low
873973a74ffffff,0.00249,0.00415,0.0129,0.0827,0.181,0.225,0.707,0.808,1.03,0.666,0.231,0.0104,low
873973a75ffffff,0.00203,0.00338,0.0105,0.0676,0.15,0.185,0.591,0.67,0.859,0.559,0.19,0.00843,low
873973a76ffffff,0.00212,0.00354,0.011,0.0704,0.154,0.191,0.599,0.687,0.873,0.562,0.197,0.00883,low
873973a80ffffff,0.00341,0.00568,0.0178,0.112,0.243,0.306,0.967,1.12,1.45,0.895,0.314,0.0142,low
873973a81ffffff,0.0025,0.00417,0.013,0.0825,0.178,0.225,0.713,0.823,1.07,0.659,0.231,0.0104,low
873973a82ffffff,0.00353,0.00588,0.0184,0.116,0.251,0.316,0.995,1.15,1.49,0.923,0.325,0.0147,low
873973a83ffffff,0.00318,0.0053,0.0165,0.105,0.226,0.285,0.898,1.04,1.35,0.832,0.293,0.0132,low
873973a84ffffff,0.0036,0.006,0.0187,0.118,0.253,0.319,1.01,1.17,1.49,0.919,0.33,0.015,low
873973a85ffffff,0.00334,0.00557,0.0174,0.11,0.236,0.298,0.943,1.09,1.39,0.859,0.307,0.0139,low
873973a86ffffff,0.00324,0.00541,0.0169,0.106,0.227,0.287,0.916,1.06,1.35,0.825,0.297,0.0135,low
873973a88ffffff,0.00447,0.00746,0.0233,0.149,0.325,0.409,1.28,1.46,1.93,1.21,0.416,0.0187,low
873973a89ffffff,0.0056,0.00933,0.0292,0.188,0.419,0.525,1.6,1.82,2.43,1.59,0.527,0.0234,low
873973a8affffff,0.00388,0.00646,0.0202,0.128,0.276,0.349,1.1,1.27,1.65,1.02,0.358,0.0162,low
873973a8bffffff,0.00479,0.00798,0.025,0.161,0.36,0.451,1.39,1.58,2.12,1.38,0.454,0.02,low
873973a8cffffff,0.00242,0.00403,0.0126,0.0795,0.172,0.217,0.687,0.793,1.02,0.631,0.223,0.0101,low
873973a8dffffff,0.00243,0.00404,0.0126,0.081,0.179,0.225,0.703,0.801,1.06,0.676,0.228,0.0101,low
873973a8effffff,0.003,0.005,0.0156,0.0989,0.214,0.27,0.851,0.982,1.28,0.789,0.277,0.0125,low
873973a90ffffff,0.00378,0.00631,0.0197,0.123,0.262,0.331,1.06,1.23,1.55,0.941,0.344,0.0158,low
873973a91ffffff,0.00285,0.00475,0.0148,0.0934,0.201,0.254,0.807,0.933,1.2,0.735,0.262,0.0119,low
873973a92ffffff,0.00255,0.00426,0.0133,0.083,0.177,0.224,0.719,0.835,1.05,0.637,0.233,0.0107,low
873973a93ffffff,0.00267,0.00446,0.0139,0.0872,0.186,0.236,0.755,0.876,1.11,0.675,0.244,0.0112,low
873973a94ffffff,0.00376,0.00628,0.0196,0.122,0.26,0.329,1.06,1.23,1.54,0.937,0.342,0.0157,low
873973a95ffffff,0.00405,0.00676,0.0211,0.132,0.28,0.355,1.14,1.32,1.65,1.01,0.369,0.0169,low
873973a96ffffff,0.00253,0.00423,0.0132,0.0824,0.176,0.222,0.715,0.83,1.04,0.633,0.231,0.0106,low
873973a98ffffff,0.00321,0.00535,0.0167,0.106,0.229,0.289,0.913,1.05,1.37,0.846,0.297,0.0134,low
873973a99ffffff,0.00385,0.00641,0.02,0.127,0.274,0.345,1.09,1.25,1.63,1.01,0.354,0.016,low
873973a9affffff,0.003,0.005,0.0156,0.0989,0.214,0.27,0.854,0.986,1.29,0.791,0.277,0.0125,low
873973a9bffffff,0.00355,0.00592,0.0185,0.117,0.253,0.319,1.01,1.16,1.51,0.934,0.328,0.0148,low
873973a9cffffff,0.00266,0.00444,0.0139,0.0878,0.19,0.24,0.759,0.876,1.14,0.703,0.246,0.0111,low
873973a9dffffff,0.00423,0.00706,0.022,0.139,0.301,0.379,1.19,1.37,1.78,1.1,0.389,0.0176,low
873973a9effffff,0.00277,0.00462,0.0144,0.0914,0.198,0.25,0.79,0.912,1.19,0.732,0.256,0.0116,low
873973aa0ffffff,0.00371,0.00619,0.0193,0.121,0.257,0.325,1.03,1.21,1.49,0.922,0.338,0.0155,low
873973aa1ffffff,0.00411,0.00686,0.0214,0.135,0.29,0.366,1.16,1.34,1.7,1.06,0.377,0.0172,low
873973aa2ffffff,0.00324,0.0054,0.0169,0.105,0.222,0.282,0.895,1.05,1.29,0.791,0.294,0.0135,low
873973aa3ffffff,0.00367,0.00611,0.0191,0.12,0.259,0.326,1.03,1.19,1.52,0.94,0.336,0.0153,low
873973aa4ffffff,0.00305,0.0051,0.0159,0.099,0.21,0.266,0.845,0.993,1.21,0.745,0.277,0.0127,low
873973aa5ffffff,0.00342,0.00571,0.0178,0.112,0.241,0.304,0.963,1.12,1.41,0.874,0.314,0.0143,low
873973aa6ffffff,0.00366,0.00611,0.0191,0.119,0.251,0.318,1.01,1.19,1.45,0.892,0.332,0.0153,low
873973aa8ffffff,0.00269,0.00448,0.014,0.0881,0.19,0.239,0.758,0.877,1.12,0.69,0.246,0.0112,low
873973aa9ffffff,0.00269,0.00449,0.014,0.0888,0.193,0.242,0.765,0.878,1.13,0.709,0.248,0.0112,low
873973aaaffffff,0.00225,0.00375,0.0117,0.0739,0.159,0.201,0.638,0.737,0.939,0.58,0.207,0.00939,low
873973aabffffff,0.00316,0.00527,0.0165,0.104,0.223,0.281,0.888,1.03,1.3,0.809,0.29,0.0132,low
873973aacffffff,0.00362,0.00603,0.0188,0.119,0.255,0.322,1.02,1.18,1.5,0.927,0.332,0.0151,low
873973aadffffff,0.00266,0.00444,0.0139,0.0874,0.188,0.237,0.753,0.871,1.11,0.685,0.245,0.0111,low
873973aaeffffff,0.00304,0.00508,0.0159,0.0999,0.215,0.271,0.86,0.995,1.27,0.783,0.28,0.0127,low
873973ab0ffffff,0.00318,0.00531,0.0166,0.103,0.219,0.277,0.884,1.04,1.27,0.781,0.289,0.0133,low
873973ab1ffffff,0.00378,0.0063,0.0197,0.122,0.259,0.328,1.04,1.23,1.5,0.922,0.342,0.0158,low
873973ab2ffffff,0.00365,0.00609,0.019,0.119,0.253,0.32,1.03,1.19,1.49,0.909,0.332,0.0152,low
873973ab3ffffff,0.0037,0.00617,0.0193,0.12,0.256,0.324,1.04,1.21,1.51,0.921,0.337,0.0154,low
873973ab4ffffff,0.0032,0.00534,0.0167,0.104,0.22,0.278,0.885,1.04,1.27,0.781,0.29,0.0134,low
873973ab5ffffff,0.00338,0.00564,0.0176,0.109,0.232,0.294,0.933,1.1,1.34,0.824,0.306,0.0141,low
873973ab6ffffff,0.00236,0.00395,0.0123,0.0768,0.163,0.207,0.661,0.773,0.956,0.584,0.215,0.00987,low
873973ac0ffffff,0.00506,0.00843,0.0263,0.17,0.387,0.477,1.45,1.62,2.15,1.46,0.479,0.0211,high
873973ac1ffffff,0.00335,0.00557,0.0174,0.113,0.258,0.319,0.985,1.1,1.49,0.993,0.321,0.0139,medium
873973ac2ffffff,0.00359,0.00597,0.0187,0.122,0.279,0.348,1.05,1.19,1.63,1.08,0.347,0.015,medium
873973ac3ffffff,0.00263,0.00438,0.0137,0.0893,0.206,0.256,0.773,0.876,1.2,0.804,0.256,0.011,medium
873973ac4ffffff,0.00366,0.0061,0.0191,0.123,0.274,0.341,1.06,1.2,1.58,1.03,0.344,0.0153,high
873973ac5ffffff,0.00242,0.00403,0.0126,0.082,0.187,0.232,0.721,0.808,1.09,0.726,0.233,0.0101,high
873973ac6ffffff,0.00391,0.00651,0.0203,0.131,0.289,0.361,1.12,1.27,1.66,1.08,0.365,0.0163,medium
873973ac8ffffff,0.00229,0.00382,0.0119,0.0777,0.178,0.221,0.677,0.763,1.04,0.693,0.222,0.00957,low
873973ac9ffffff,0.00148,0.00246,0.00769,0.0502,0.117,0.145,0.441,0.493,0.678,0.458,0.145,0.00616,low
873973acaffffff,0.00142,0.00237,0.00741,0.0485,0.113,0.14,0.423,0.481,0.67,0.444,0.14,0.00594,low
873973acbffffff,0.0012,0.00199,0.00625,0.041,0.0977,0.122,0.358,0.409,0.571,0.386,0.12,0.00501,low
873973accffffff,0.00237,0.00394,0.0123,0.0801,0.182,0.226,0.699,0.783,1.05,0.704,0.227,0.00987,low
873973acdffffff,0.00249,0.00415,0.013,0.0844,0.194,0.24,0.739,0.825,1.12,0.75,0.241,0.0104,low
873973aceffffff,0.00629,0.0105,0.0327,0.212,0.486,0.603,1.8,2.02,2.73,1.85,0.601,0.0262,low
873973ad0ffffff,0.006,0.01,0.0313,0.201,0.449,0.562,1.71,1.95,2.59,1.7,0.564,0.025,low
873973ad1ffffff,0.00371,0.00618,0.0193,0.125,0.283,0.354,1.08,1.22,1.65,1.09,0.354,0.0155,low
873973ad2ffffff,0.00358,0.00597,0.0187,0.121,0.27,0.338,1.04,1.19,1.6,1.04,0.34,0.015,low
873973ad3ffffff,0.00656,0.0109,0.0341,0.219,0.487,0.608,1.82,2.06,2.72,1.81,0.608,0.0273,low
873973ad4ffffff,0.0073,0.0122,0.038,0.245,0.545,0.682,2.06,2.34,3.1,2.05,0.683,0.0305,low
873973ad5ffffff,0.0051,0.00851,0.0266,0.171,0.383,0.48,1.47,1.67,2.23,1.46,0.482,0.0213,low
873973ad6ffffff,0.0377,0.0627,0.194,1.16,2.41,2.91,6.89,7.58,9.25,6.91,2.78,0.155,medium
873973ad8ffffff,0.0113,0.0188,0.0587,0.377,0.861,1.06,2.94,3.3,4.38,3.08,1.04,0.0471,high
873973ad9ffffff,0.00144,0.0024,0.00751,0.0491,0.114,0.142,0.428,0.487,0.678,0.45,0.142,0.00602,low
873973adaffffff,0.00418,0.00695,0.0218,0.142,0.329,0.41,1.22,1.38,1.91,1.28,0.407,0.0174,low
873973adbffffff,0.00192,0.00319,0.00999,0.0653,0.152,0.189,0.567,0.645,0.896,0.596,0.188,0.00801,low
873973adcffffff,0.0064,0.0106,0.0333,0.216,0.498,0.618,1.78,2.02,2.74,1.87,0.61,0.0267,medium
873973addffffff,0.00162,0.0027,0.00844,0.0552,0.128,0.16,0.482,0.548,0.763,0.506,0.159,0.00677,low
873973adeffffff,0.00799,0.0133,0.0416,0.27,0.624,0.776,2.26,2.56,3.49,2.37,0.767,0.0333,medium
873973ae0ffffff,0.0181,0.0301,0.0935,0.585,1.27,1.55,4.27,4.75,5.97,4.19,1.53,0.0748,high
873973ae1ffffff,0.0131,0.0218,0.0681,0.44,0.995,1.23,3.68,4.1,5.43,3.71,1.23,0.0545,high
873973ae2ffffff,0.0147,0.0245,0.0763,0.485,1.06,1.32,3.86,4.32,5.53,3.74,1.32,0.0611,high
873973ae3ffffff,0.00537,0.00894,0.0279,0.181,0.409,0.507,1.56,1.74,2.33,1.56,0.51,0.0224,high
873973ae4ffffff,0.00399,0.00664,0.0207,0.133,0.295,0.368,1.14,1.29,1.7,1.1,0.372,0.0166,high
873973ae5ffffff,0.0036,0.00599,0.0187,0.121,0.272,0.338,1.05,1.18,1.58,1.04,0.342,0.015,high
873973ae6ffffff,0.0114,0.0191,0.0595,0.38,0.835,1.04,3.1,3.48,4.5,3,1.04,0.0476,high
873973ae8ffffff,0.00234,0.0039,0.0122,0.0793,0.181,0.224,0.697,0.782,1.06,0.702,0.226,0.00977,medium
873973ae9ffffff,0.00204,0.0034,0.0106,0.0692,0.158,0.196,0.609,0.683,0.924,0.614,0.197,0.00851,low
873973aeaffffff,0.00216,0.00359,0.0112,0.073,0.166,0.206,0.642,0.719,0.972,0.646,0.208,0.00898,medium
873973aebffffff,0.00193,0.00321,0.01,0.0653,0.149,0.184,0.574,0.644,0.87,0.578,0.186,0.00803,low
873973aecffffff,0.00389,0.00647,0.0202,0.132,0.3,0.371,1.15,1.29,1.74,1.16,0.374,0.0162,high
873973aedffffff,0.00289,0.00481,0.0151,0.0978,0.223,0.276,0.858,0.962,1.3,0.865,0.278,0.012,medium
873973aeeffffff,0.0039,0.0065,0.0203,0.132,0.3,0.372,1.15,1.29,1.73,1.16,0.374,0.0163,high
873973af0ffffff,0.00321,0.00535,0.0167,0.108,0.238,0.297,0.929,1.05,1.38,0.894,0.301,0.0134,high
873973af1ffffff,0.0042,0.007,0.0219,0.14,0.311,0.387,1.2,1.36,1.78,1.16,0.392,0.0175,high
873973af2ffffff,0.00254,0.00423,0.0132,0.0851,0.189,0.236,0.74,0.838,1.11,0.717,0.239,0.0106,medium
873973af3ffffff,0.00428,0.00712,0.0222,0.143,0.317,0.395,1.23,1.38,1.82,1.18,0.399,0.0178,high
873973af4ffffff,0.00336,0.00559,0.0175,0.112,0.249,0.31,0.968,1.09,1.44,0.931,0.314,0.014,low
873973af5ffffff,0.0029,0.00483,0.0151,0.097,0.215,0.268,0.839,0.948,1.25,0.807,0.272,0.0121,high
873973af6ffffff,0.00303,0.00505,0.0158,0.101,0.225,0.28,0.874,0.987,1.3,0.841,0.284,0.0126,low
873973b00ffffff,0.00129,0.00215,0.0067,0.0423,0.0895,0.111,0.349,0.407,0.512,0.326,0.118,0.00536,low
873973b01ffffff,0.00131,0.00219,0.00683,0.0431,0.0914,0.113,0.357,0.415,0.521,0.332,0.12,0.00547,low
873973b02ffffff,0.00153,0.00256,0.00798,0.0504,0.107,0.132,0.416,0.484,0.61,0.388,0.14,0.00639,low
873973b03ffffff,0.0013,0.00217,0.00675,0.0426,0.0903,0.112,0.353,0.41,0.516,0.328,0.119,0.00541,low
873973b04ffffff,0.00109,0.00182,0.00568,0.0359,0.0759,0.0941,0.297,0.345,0.435,0.276,0.1,0.00455,low
873973b05ffffff,0.00105,0.00175,0.00547,0.0345,0.0731,0.0906,0.286,0.333,0.419,0.266,0.0963,0.00438,low
873973b06ffffff,0.0014,0.00233,0.00728,0.046,0.0973,0.12,0.38,0.442,0.557,0.354,0.128,0.00583,low
873973b08ffffff,0.00148,0.00246,0.00768,0.0485,0.103,0.128,0.404,0.469,0.584,0.374,0.135,0.00615,low
873973b09ffffff,0.0018,0.003,0.00935,0.059,0.126,0.155,0.491,0.57,0.711,0.456,0.165,0.00749,low
873973b0affffff,0.00177,0.00296,0.00923,0.0583,0.124,0.154,0.485,0.563,0.702,0.45,0.163,0.00739,low
873973b0bffffff,0.0018,0.003,0.00934,0.059,0.125,0.155,0.491,0.57,0.71,0.455,0.165,0.00749,low
873973b0cffffff,0.00181,0.00302,0.00942,0.0594,0.126,0.156,0.485,0.562,0.697,0.451,0.165,0.00755,low
873973b0dffffff,0.00154,0.00257,0.00801,0.0506,0.108,0.133,0.421,0.488,0.609,0.39,0.141,0.00642,low
873973b0effffff,0.00138,0.0023,0.00717,0.0453,0.0963,0.119,0.377,0.438,0.546,0.35,0.126,0.00574,low
873973b11ffffff,0.00122,0.00203,0.00634,0.04,0.0846,0.105,0.331,0.385,0.484,0.308,0.111,0.00507,low
873973b13ffffff,0.00199,0.00333,0.0104,0.0652,0.138,0.173,0.544,0.634,0.789,0.498,0.182,0.00831,low
873973b15ffffff,0.00149,0.00249,0.00777,0.049,0.104,0.129,0.405,0.471,0.594,0.377,0.137,0.00622,low
873973b18ffffff,0.00193,0.00322,0.01,0.0633,0.134,0.167,0.527,0.612,0.766,0.487,0.177,0.00805,low
873973b19ffffff,0.002,0.00334,0.0104,0.0658,0.14,0.174,0.548,0.635,0.793,0.508,0.183,0.00835,low
873973b1affffff,0.00229,0.00382,0.0119,0.0747,0.158,0.199,0.626,0.73,0.904,0.568,0.208,0.00954,low
873973b1bffffff,0.00212,0.00354,0.011,0.0697,0.149,0.187,0.589,0.681,0.857,0.541,0.194,0.00884,low
873973b1cffffff,0.00134,0.00224,0.00699,0.0441,0.0933,0.116,0.364,0.424,0.534,0.339,0.123,0.00559,low
873973b1dffffff,0.0017,0.00284,0.00887,0.056,0.119,0.147,0.465,0.54,0.675,0.432,0.156,0.0071,low
873973b1effffff,0.00188,0.00314,0.00979,0.0616,0.13,0.163,0.511,0.596,0.743,0.47,0.171,0.00784,low
873973b20ffffff,7.02e-4,0.00117,0.00366,0.0231,0.0487,0.06,0.193,0.225,0.285,0.18,0.0646,0.00293,low
873973b21ffffff,0.00101,0.00169,0.00528,0.0333,0.0703,0.0866,0.279,0.325,0.411,0.26,0.0933,0.00423,low
873973b22ffffff,0.00102,0.0017,0.00531,0.0335,0.0709,0.0877,0.278,0.324,0.408,0.259,0.0936,0.00425,low
873973b23ffffff,9.19e-4,0.00153,0.00479,0.0302,0.0638,0.0789,0.251,0.292,0.369,0.234,0.0844,0.00383,low
873973b24ffffff,8.19e-4,0.00137,0.00427,0.0269,0.0568,0.07,0.226,0.263,0.332,0.21,0.0754,0.00342,low
873973b25ffffff,0.00168,0.00281,0.00876,0.0551,0.116,0.143,0.456,0.53,0.666,0.425,0.154,0.00701,low
873973b26ffffff,0.00107,0.00178,0.00555,0.035,0.0739,0.091,0.294,0.342,0.432,0.273,0.0981,0.00445,low
873973b28ffffff,8.7e-4,0.00145,0.00453,0.0286,0.0606,0.0749,0.24,0.279,0.348,0.222,0.0799,0.00362,low
873973b29ffffff,0.00106,0.00177,0.00551,0.0348,0.0737,0.091,0.291,0.339,0.421,0.269,0.097,0.00441,low
873973b2affffff,0.00122,0.00204,0.00635,0.0401,0.0852,0.106,0.333,0.387,0.484,0.31,0.112,0.00509,low
873973b2bffffff,9.15e-4,0.00153,0.00476,0.0301,0.064,0.0792,0.251,0.291,0.363,0.232,0.0839,0.00381,low
873973b2cffffff,7.07e-4,0.00118,0.00368,0.0232,0.0491,0.0606,0.195,0.227,0.285,0.181,0.065,0.00295,low
873973b2dffffff,9.8e-4,0.00164,0.0051,0.0322,0.0683,0.0843,0.271,0.315,0.391,0.25,0.09,0.00408,low
873973b2effffff,9.7e-4,0.00162,0.00505,0.0319,0.0674,0.0832,0.266,0.309,0.39,0.247,0.0891,0.00404,low
873973b31ffffff,0.00115,0.00192,0.00599,0.0378,0.0801,0.0992,0.313,0.364,0.459,0.292,0.106,0.0048,low
873973b35ffffff,0.0011,0.00184,0.00573,0.0361,0.0764,0.0945,0.3,0.349,0.44,0.279,0.101,0.00458,low
873973b40ffffff,0.00125,0.00209,0.00651,0.0412,0.0885,0.11,0.35,0.401,0.504,0.323,0.115,0.00521,low
873973b41ffffff,0.00136,0.00227,0.00708,0.0449,0.0964,0.12,0.381,0.437,0.549,0.352,0.125,0.00567,low
873973b42ffffff,0.00147,0.00244,0.00762,0.0483,0.104,0.129,0.409,0.469,0.589,0.378,0.135,0.0061,low
873973b43ffffff,0.00314,0.00524,0.0163,0.103,0.221,0.273,0.851,0.972,1.21,0.789,0.285,0.0131,low
873973b44ffffff,0.00137,0.00228,0.00713,0.0452,0.0966,0.119,0.383,0.44,0.549,0.354,0.126,0.00571,low
873973b45ffffff,0.00127,0.00211,0.00659,0.0418,0.0893,0.11,0.355,0.407,0.508,0.328,0.117,0.00528,low
873973b46ffffff,0.00161,0.00268,0.00837,0.053,0.114,0.141,0.449,0.515,0.647,0.415,0.148,0.0067,low
873973b48ffffff,0.00184,0.00306,0.00956,0.0607,0.132,0.165,0.53,0.61,0.759,0.484,0.17,0.00765,low
873973b49ffffff,0.00155,0.00259,0.00808,0.0513,0.111,0.14,0.448,0.515,0.642,0.409,0.144,0.00647,low
873973b4affffff,0.0018600000000000001,0.00311,0.00971,0.0617,0.134,0.168,0.538,0.619,0.771,0.491,0.173,0.00777,low
873973b4bffffff,0.00349,0.00583,0.0182,0.115,0.249,0.311,0.972,1.11,1.37,0.891,0.318,0.0145,low
873973b4cffffff,0.00152,0.00254,0.00793,0.0504,0.109,0.137,0.44,0.506,0.631,0.402,0.141,0.00635,low
873973b4dffffff,0.0015,0.00251,0.00783,0.0497,0.108,0.135,0.434,0.499,0.622,0.396,0.139,0.00626,low
873973b4effffff,0.00172,0.00287,0.00895,0.0568,0.123,0.154,0.491,0.564,0.705,0.45,0.159,0.00717,low
873973b50ffffff,0.00169,0.00281,0.00877,0.0556,0.119,0.148,0.47,0.54,0.678,0.435,0.155,0.00703,low
873973b51ffffff,0.00175,0.00292,0.00913,0.0578,0.124,0.154,0.489,0.561,0.705,0.452,0.161,0.00731,low
873973b52ffffff,0.0021,0.00349,0.0109,0.0689,0.147,0.183,0.578,0.666,0.834,0.535,0.192,0.00873,low
873973b53ffffff,0.0019,0.00317,0.0099,0.0627,0.135,0.167,0.53,0.608,0.764,0.49,0.175,0.00793,low
873973b54ffffff,0.00177,0.00295,0.00922,0.0583,0.124,0.154,0.488,0.564,0.705,0.452,0.163,0.00738,low
873973b55ffffff,0.00175,0.00291,0.00908,0.0575,0.123,0.153,0.487,0.558,0.701,0.45,0.16,0.00727,low
873973b56ffffff,0.00188,0.00313,0.00976,0.0617,0.131,0.163,0.514,0.596,0.743,0.476,0.172,0.00782,low
873973b58ffffff,0.00199,0.00332,0.0104,0.0656,0.141,0.175,0.555,0.637,0.799,0.513,0.183,0.00829,low
873973b59ffffff,0.00184,0.00308,0.0096,0.061,0.132,0.166,0.533,0.612,0.763,0.486,0.171,0.00769,low
873973b5affffff,0.00212,0.00354,0.011,0.07,0.151,0.187,0.593,0.679,0.855,0.55,0.195,0.00884,low
873973b5bffffff,0.00211,0.00353,0.011,0.0699,0.151,0.189,0.603,0.692,0.866,0.554,0.195,0.00881,low
873973b5cffffff,0.00177,0.00295,0.0092,0.0583,0.125,0.155,0.493,0.565,0.71,0.456,0.162,0.00737,low
873973b5dffffff,0.00166,0.00277,0.00866,0.0549,0.119,0.148,0.472,0.542,0.678,0.434,0.153,0.00693,low
873973b5effffff,0.00198,0.0033,0.0103,0.0652,0.14,0.174,0.55,0.631,0.791,0.509,0.182,0.00825,low
873973b60ffffff,8.75e-4,0.00146,0.00455,0.0288,0.0616,0.0758,0.245,0.282,0.35,0.227,0.0806,0.00364,low
873973b61ffffff,0.00107,0.00179,0.00559,0.0354,0.0756,0.093,0.301,0.346,0.429,0.278,0.0989,0.00447,low
873973b62ffffff,0.00141,0.00236,0.00736,0.0466,0.0994,0.122,0.395,0.454,0.563,0.365,0.13,0.00589,low
873973b63ffffff,0.00137,0.00228,0.00711,0.045,0.0961,0.118,0.383,0.439,0.546,0.353,0.126,0.00569,low
873973b64ffffff,0.00122,0.00204,0.00635,0.0402,0.0859,0.106,0.342,0.393,0.488,0.316,0.112,0.00509,low
873973b65ffffff,0.00114,0.0019,0.00594,0.0377,0.0803,0.0989,0.32,0.368,0.457,0.296,0.105,0.00476,low
873973b66ffffff,9.19e-4,0.00153,0.00478,0.0303,0.0647,0.0796,0.258,0.296,0.368,0.238,0.0847,0.00383,low
873973b68ffffff,0.00163,0.00271,0.00846,0.0536,0.115,0.143,0.46,0.526,0.649,0.422,0.15,0.00677,low
873973b69ffffff,0.00139,0.00232,0.00724,0.046,0.0987,0.123,0.396,0.452,0.558,0.363,0.128,0.0058,low
873973b6affffff,0.00147,0.00246,0.00767,0.0486,0.104,0.129,0.416,0.477,0.592,0.383,0.136,0.00614,low
873973b6bffffff,0.00152,0.00253,0.00789,0.0501,0.108,0.134,0.432,0.494,0.61,0.395,0.14,0.00632,low
873973b6cffffff,0.00163,0.00271,0.00847,0.0537,0.115,0.142,0.458,0.525,0.651,0.422,0.15,0.00678,low
873973b6dffffff,0.00156,0.0026,0.00812,0.0515,0.111,0.138,0.443,0.507,0.625,0.406,0.144,0.0065,medium
873973b6effffff,0.00147,0.00245,0.00765,0.0485,0.103,0.127,0.412,0.473,0.587,0.38,0.135,0.00612,low
873973b70ffffff,0.00259,0.00433,0.0135,0.0849,0.18,0.222,0.694,0.803,0.993,0.644,0.235,0.0108,low
873973b71ffffff,0.00117,0.00196,0.00611,0.0387,0.0829,0.103,0.328,0.376,0.472,0.303,0.108,0.00489,low
873973b72ffffff,0.00171,0.00285,0.00889,0.0561,0.119,0.148,0.467,0.542,0.676,0.433,0.157,0.00712,low
873973b73ffffff,0.00158,0.00264,0.00823,0.0521,0.112,0.138,0.439,0.505,0.634,0.406,0.145,0.00659,low
873973b74ffffff,8.01e-4,0.00134,0.00417,0.0263,0.0559,0.069,0.222,0.258,0.321,0.204,0.0736,0.00334,low
873973b75ffffff,9.37e-4,0.00156,0.00488,0.0309,0.0657,0.081,0.261,0.302,0.375,0.241,0.0862,0.00391,low
873973b76ffffff,0.00117,0.00195,0.00609,0.0384,0.0817,0.101,0.32,0.372,0.463,0.297,0.107,0.00487,low
873973b81ffffff,0.00259,0.00432,0.0135,0.0845,0.179,0.225,0.707,0.825,1.02,0.642,0.235,0.0108,low
873973b83ffffff,0.00271,0.00453,0.0141,0.0882,0.187,0.236,0.747,0.875,1.08,0.668,0.247,0.0113,low
873973b85ffffff,0.00312,0.00521,0.0163,0.102,0.216,0.272,0.852,0.994,1.23,0.774,0.284,0.013,low
873973b88ffffff,0.00325,0.00543,0.0169,0.106,0.224,0.283,0.891,1.04,1.28,0.802,0.295,0.0136,low
873973b89ffffff,0.00441,0.00736,0.023,0.144,0.308,0.387,1.21,1.41,1.76,1.11,0.402,0.0184,low
873973b8affffff,0.00365,0.0061,0.019,0.118,0.251,0.317,1.01,1.18,1.44,0.889,0.331,0.0152,low
873973b8bffffff,0.00294,0.0049,0.0153,0.0954,0.202,0.256,0.815,0.956,1.17,0.722,0.267,0.0123,low
873973b8cffffff,0.00304,0.00507,0.0158,0.0993,0.21,0.265,0.831,0.969,1.2,0.754,0.277,0.0127,low
873973b8dffffff,0.00333,0.00556,0.0174,0.109,0.23,0.29,0.908,1.06,1.31,0.824,0.303,0.0139,low
873973b8effffff,0.00298,0.00498,0.0156,0.0972,0.206,0.26,0.82,0.959,1.18,0.736,0.271,0.0125,low
873973b98ffffff,0.00314,0.00524,0.0164,0.102,0.215,0.273,0.867,1.02,1.24,0.766,0.285,0.0131,low
873973b99ffffff,0.00336,0.00561,0.0175,0.109,0.231,0.292,0.928,1.09,1.33,0.819,0.305,0.014,low
873973b9affffff,0.00304,0.00507,0.0159,0.0985,0.209,0.264,0.841,0.989,1.21,0.742,0.276,0.0127,low
873973b9bffffff,0.00343,0.00573,0.0179,0.111,0.235,0.298,0.948,1.11,1.36,0.837,0.311,0.0143,low
873973b9dffffff,0.00272,0.00454,0.0142,0.0881,0.187,0.237,0.752,0.885,1.08,0.664,0.247,0.0113,low
873973ba8ffffff,0.00238,0.00397,0.0124,0.0776,0.164,0.207,0.651,0.759,0.939,0.59,0.216,0.00992,low
873973ba9ffffff,0.00274,0.00457,0.0143,0.0895,0.19,0.239,0.749,0.874,1.08,0.68,0.249,0.0114,low
873973baaffffff,0.0026,0.00434,0.0136,0.085,0.18,0.227,0.712,0.831,1.03,0.646,0.237,0.0109,low
873973babffffff,0.00259,0.00433,0.0135,0.0847,0.179,0.226,0.709,0.827,1.02,0.644,0.236,0.0108,low
873973bacffffff,0.00219,0.00365,0.0114,0.0714,0.151,0.19,0.598,0.698,0.864,0.543,0.199,0.00912,low
873973badffffff,0.00231,0.00386,0.0121,0.0755,0.16,0.201,0.632,0.737,0.912,0.574,0.21,0.00965,low
873973baeffffff,0.0045,0.00751,0.0234,0.147,0.31,0.389,1.21,1.4,1.73,1.1,0.406,0.0188,low
